surgery,Age,rectal_temperature,pulse,respiratory_rate,temp_extremities,peripheral_pulse,mucous_membranes,capillary_refill_time,pain,peristalsis,abdominal_distension,nasogastric_tube,nasogastric_reflux,nasogastric_reflux_PH,rectal_examination,abdomen,packed_cell_volume,total_protein,abdominocentesis_appearance,abdomcentesis_total_protein,outcome,surgical_lesion
no,adult,38.5,66.0,28.0,cool,reduced,,>=3,continuous severe pain,absent,severe,,,5.03728813559,decreased,distended large intestine,45.0,8.4,,2.89572649573,died,no
yes,adult,39.2,88.0,20.0,,,pale cyanotic,<3,intermittent mild pain,absent,slight,,,5.03728813559,absent,other,50.0,85.0,cloudy,2.0,euthanized,no
no,adult,38.3,40.0,24.0,normal,normal,pale pink,<3,intermittent mild pain,hypomotile,none,,,5.03728813559,normal,normal,33.0,6.7,,2.89572649573,lived,no
yes,young,39.1,164.0,84.0,cold,normal,dark cyanotic,>=3,depressed,absent,severe,none,>1l,5.0,decreased,,48.0,7.2,serosanguinous,5.3,died,yes
no,adult,37.3,104.0,35.0,,,dark cyanotic,>=3,,,,,,5.03728813559,,,74.0,7.4,,2.89572649573,died,no
no,adult,38.1233333333,70.1806451613,30.3956043956,warm,normal,pale pink,<3,depressed,hypomotile,slight,slight,none,5.03728813559,decreased,firm feces in large intestine,45.5066666667,25.0390572391,,2.89572649573,lived,no
yes,adult,37.9,48.0,16.0,normal,normal,normal pink,<3,intermittent mild pain,hypomotile,moderate,none,none,5.03728813559,decreased,distended large intestine,37.0,7.0,,2.89572649573,lived,yes
yes,adult,38.1233333333,60.0,30.3956043956,cool,,,<3,,absent,slight,slight,none,5.03728813559,decreased,distended small intestine,44.0,8.3,,2.89572649573,died,yes
no,adult,38.1233333333,80.0,36.0,cool,absent,pale pink,<3,intermittent severe pain,absent,severe,slight,none,5.03728813559,decreased,distended large intestine,38.0,6.2,,2.89572649573,euthanized,yes
no,young,38.3,90.0,30.3956043956,normal,,normal pink,<3,continuous severe pain,hypomotile,none,slight,none,5.03728813559,decreased,,40.0,6.2,clear,2.2,lived,no
no,adult,39.1,72.0,52.0,warm,,bright pink,<3,depressed,hypermotile,slight,none,none,5.03728813559,absent,distended small intestine,50.0,7.8,,2.89572649573,lived,yes
yes,adult,37.2,42.0,12.0,warm,normal,normal pink,<3,intermittent mild pain,hypomotile,moderate,significant,none,5.03728813559,absent,distended large intestine,45.5066666667,7.0,,2.89572649573,lived,no
no,young,38.0,92.0,28.0,normal,normal,bright pink,<3,alert no pain,hypomotile,slight,significant,,7.2,normal,normal,37.0,6.1,clear,2.89572649573,died,no
yes,adult,38.2,76.0,28.0,cool,normal,normal pink,<3,intermittent mild pain,absent,none,slight,>1l,5.03728813559,absent,distended small intestine,46.0,81.0,clear,2.0,lived,yes
yes,adult,37.6,96.0,48.0,cool,normal,pale cyanotic,<3,continuous severe pain,hypomotile,moderate,slight,<1l,4.5,absent,,45.0,6.8,,2.89572649573,died,yes
yes,young,38.1233333333,128.0,36.0,cool,reduced,pale cyanotic,>=3,intermittent severe pain,absent,moderate,significant,,5.03728813559,absent,distended large intestine,53.0,7.8,serosanguinous,4.7,died,no
no,adult,37.5,48.0,24.0,,,,,,,,,,5.03728813559,,,45.5066666667,25.0390572391,,2.89572649573,lived,no
yes,adult,37.6,64.0,21.0,normal,normal,bright pink,<3,depressed,hypomotile,none,none,none,5.03728813559,increased,distended large intestine,40.0,7.0,clear,2.89572649573,lived,yes
no,adult,39.4,110.0,35.0,cold,reduced,dark cyanotic,,,hypomotile,moderate,,,5.03728813559,,,55.0,8.7,,2.89572649573,lived,no
yes,adult,39.9,72.0,60.0,normal,normal,bright red,>=3,continuous severe pain,absent,severe,significant,none,5.03728813559,absent,distended small intestine,46.0,6.1,cloudy,2.89572649573,lived,yes
no,adult,38.4,48.0,16.0,normal,,normal pink,<3,alert no pain,hypomotile,none,slight,<1l,5.5,absent,firm feces in large intestine,49.0,6.8,,2.89572649573,lived,no
yes,adult,38.6,42.0,34.0,warm,normal,pale cyanotic,,depressed,hypomotile,none,,,5.03728813559,normal,,48.0,7.2,,2.89572649573,lived,yes
yes,young,38.3,130.0,60.0,,reduced,,<3,depressed,absent,,,,5.03728813559,,,50.0,70.0,,2.89572649573,lived,yes
yes,adult,38.1,60.0,12.0,cool,reduced,pale pink,<3,,absent,moderate,significant,>1l,2.0,,,51.0,65.0,,2.89572649573,lived,yes
no,adult,37.8,60.0,42.0,,,,<3,,,,,,5.03728813559,,,45.5066666667,25.0390572391,,2.89572649573,lived,no
yes,adult,38.3,72.0,30.0,cold,reduced,pale pink,>=3,intermittent mild pain,hypomotile,moderate,slight,none,5.03728813559,decreased,distended large intestine,43.0,7.0,cloudy,3.9,lived,yes
yes,adult,37.8,48.0,12.0,cool,normal,normal pink,<3,,hypomotile,slight,none,none,5.03728813559,normal,firm feces in large intestine,37.0,5.5,cloudy,1.3,lived,no
yes,adult,38.1233333333,70.1806451613,30.3956043956,,,,,,,,,,5.03728813559,,,45.5066666667,25.0390572391,,2.89572649573,died,no
no,adult,37.7,48.0,30.3956043956,warm,normal,normal pink,<3,alert no pain,hypermotile,none,none,none,5.03728813559,,,45.0,76.0,,2.89572649573,lived,no
no,adult,37.2,108.0,12.0,cool,reduced,pale cyanotic,>=3,depressed,absent,slight,,<1l,6.0,decreased,firm feces in large intestine,52.0,8.2,serosanguinous,7.4,euthanized,yes
yes,adult,38.2,64.0,28.0,normal,normal,normal pink,<3,intermittent mild pain,hypermotile,,,,5.03728813559,absent,distended small intestine,49.0,8.6,cloudy,6.6,lived,yes
yes,adult,38.1233333333,100.0,30.0,cool,reduced,pale cyanotic,>=3,continuous severe pain,absent,severe,significant,<1l,5.03728813559,absent,distended small intestine,52.0,6.6,,2.89572649573,lived,yes
no,adult,38.1233333333,104.0,24.0,cold,reduced,pale pink,>=3,intermittent severe pain,absent,moderate,,<1l,5.03728813559,,other,73.0,8.4,,2.89572649573,euthanized,yes
no,adult,38.3,112.0,16.0,,reduced,bright red,>=3,,,none,none,>1l,5.03728813559,,distended large intestine,51.0,6.0,cloudy,1.0,euthanized,no
yes,adult,37.8,72.0,30.3956043956,,reduced,,<3,continuous severe pain,hypomotile,none,,none,5.03728813559,normal,normal,56.0,80.0,clear,2.0,lived,yes
no,adult,38.6,52.0,30.3956043956,normal,normal,normal pink,<3,intermittent mild pain,hypomotile,slight,none,none,5.03728813559,normal,firm feces in large intestine,32.0,6.6,clear,5.0,lived,no
yes,young,39.2,146.0,96.0,,,,,,,,,,5.03728813559,,,45.5066666667,25.0390572391,,2.89572649573,died,yes
yes,adult,38.1233333333,88.0,30.3956043956,cool,reduced,dark cyanotic,>=3,continuous severe pain,hypomotile,moderate,none,<1l,5.03728813559,absent,distended large intestine,63.0,6.5,serosanguinous,2.89572649573,died,yes
no,young,39.0,150.0,72.0,,,,,,,,,,5.03728813559,,,47.0,8.5,,0.1,lived,yes
no,adult,38.0,60.0,12.0,cool,normal,pale pink,<3,intermittent mild pain,hypomotile,none,none,none,5.03728813559,increased,other,47.0,7.0,,2.89572649573,lived,no
yes,adult,38.1233333333,120.0,30.3956043956,cool,absent,pale cyanotic,<3,intermittent severe pain,absent,severe,none,none,5.03728813559,,distended large intestine,52.0,67.0,cloudy,2.0,euthanized,yes
yes,adult,35.4,140.0,24.0,cool,reduced,pale cyanotic,>=3,intermittent severe pain,absent,,slight,none,5.03728813559,,distended large intestine,57.0,69.0,serosanguinous,2.0,euthanized,yes
no,adult,38.1233333333,120.0,30.3956043956,cold,reduced,pale cyanotic,>=3,continuous severe pain,absent,severe,none,none,5.03728813559,absent,distended large intestine,60.0,6.5,serosanguinous,2.89572649573,died,yes
yes,adult,37.9,60.0,15.0,cool,,pale cyanotic,>=3,continuous severe pain,absent,severe,slight,>1l,5.03728813559,absent,distended large intestine,65.0,7.5,,2.89572649573,lived,yes
no,adult,37.5,48.0,16.0,normal,normal,normal pink,<3,alert no pain,hypermotile,none,none,none,5.03728813559,normal,,37.0,6.5,,2.89572649573,lived,no
yes,adult,38.9,80.0,44.0,cool,reduced,pale pink,>=3,depressed,hypomotile,moderate,slight,>1l,7.0,decreased,normal,54.0,6.5,serosanguinous,2.89572649573,died,yes
no,adult,38.6,46.0,30.3956043956,normal,normal,bright pink,<3,alert no pain,hypomotile,slight,none,none,5.03728813559,,other,49.0,9.1,clear,1.6,lived,no
yes,adult,37.4,84.0,36.0,normal,,pale pink,>=3,intermittent mild pain,hypomotile,slight,,,5.03728813559,absent,distended large intestine,45.5066666667,25.0390572391,serosanguinous,2.89572649573,died,yes
no,adult,38.1233333333,70.1806451613,30.3956043956,normal,normal,pale pink,<3,alert no pain,hypomotile,none,,,5.03728813559,increased,other,43.0,7.7,,2.89572649573,lived,no
no,adult,38.6,40.0,20.0,,,,<3,,,,,,5.03728813559,,,41.0,6.4,,2.89572649573,lived,no
no,adult,40.3,114.0,36.0,cool,reduced,normal pink,>=3,depressed,hypomotile,moderate,slight,none,7.0,normal,distended large intestine,57.0,8.1,serosanguinous,4.5,euthanized,yes
yes,young,38.6,160.0,20.0,cool,,bright red,<3,intermittent mild pain,hypomotile,severe,significant,,5.03728813559,absent,,38.0,25.0390572391,cloudy,2.89572649573,died,yes
yes,adult,38.1233333333,70.1806451613,30.3956043956,,,,,,,,,,5.03728813559,,,24.0,6.7,,2.89572649573,lived,yes
yes,adult,38.1233333333,64.0,36.0,warm,,bright pink,<3,continuous severe pain,hypomotile,moderate,slight,>1l,5.03728813559,,,42.0,7.7,,2.89572649573,died,yes
yes,adult,38.1233333333,70.1806451613,20.0,cold,reduced,pale pink,,continuous severe pain,absent,moderate,slight,,5.03728813559,absent,distended small intestine,53.0,5.9,serosanguinous,2.89572649573,died,yes
no,adult,38.1233333333,96.0,30.3956043956,cool,reduced,pale pink,>=3,continuous severe pain,absent,severe,none,>1l,5.03728813559,absent,distended large intestine,60.0,25.0390572391,,2.89572649573,died,yes
no,adult,37.8,48.0,32.0,normal,normal,pale pink,<3,depressed,hypermotile,,none,none,5.03728813559,absent,distended large intestine,37.0,6.7,,2.89572649573,lived,no
yes,adult,37.8,88.0,22.0,warm,normal,bright pink,<3,intermittent mild pain,,,slight,,5.03728813559,absent,,64.0,8.0,clear,6.0,died,yes
no,adult,38.2,130.0,16.0,cold,reduced,pale cyanotic,>=3,depressed,absent,severe,none,none,5.03728813559,,,65.0,82.0,cloudy,2.0,euthanized,no
yes,adult,39.0,64.0,36.0,cool,normal,pale cyanotic,>=3,intermittent mild pain,hypomotile,slight,none,>1l,7.0,absent,distended large intestine,44.0,7.5,serosanguinous,5.0,lived,yes
yes,adult,38.1233333333,60.0,36.0,cool,normal,pale pink,<3,intermittent mild pain,hypomotile,slight,none,none,5.03728813559,decreased,distended small intestine,26.0,72.0,cloudy,1.0,lived,yes
no,adult,37.9,72.0,30.3956043956,normal,normal,bright red,>=3,intermittent mild pain,hypomotile,none,none,<1l,2.0,decreased,distended small intestine,58.0,74.0,clear,2.0,lived,yes
no,adult,38.4,54.0,24.0,normal,normal,normal pink,<3,alert no pain,hypomotile,none,slight,none,5.03728813559,decreased,other,49.0,7.2,clear,2.89572649573,lived,no
no,adult,38.1233333333,52.0,16.0,normal,,pale pink,<3,,,,slight,<1l,5.5,,,55.0,7.2,,2.89572649573,lived,no
no,adult,38.0,48.0,12.0,normal,normal,normal pink,<3,alert no pain,hypomotile,,none,none,5.03728813559,decreased,other,42.0,6.3,cloudy,4.1,lived,no
no,adult,37.0,60.0,20.0,cool,,,<3,intermittent mild pain,,moderate,slight,>1l,4.5,absent,distended small intestine,43.0,7.6,,2.89572649573,euthanized,yes
yes,adult,37.8,48.0,28.0,normal,normal,normal pink,<3,alert no pain,normal,none,slight,,5.03728813559,normal,normal,46.0,5.9,cloudy,7.0,lived,no
yes,adult,37.7,56.0,30.3956043956,,,,,,,,,,5.03728813559,,,45.5066666667,25.0390572391,,2.89572649573,died,yes
yes,adult,38.1,52.0,24.0,normal,normal,bright red,<3,intermittent severe pain,hypomotile,none,slight,<1l,7.0,normal,,54.0,7.5,cloudy,2.6,died,yes
yes,young,38.1233333333,70.1806451613,30.3956043956,,,,,,,,,,5.03728813559,,,37.0,4.9,,2.89572649573,died,yes
yes,young,39.7,100.0,30.3956043956,cool,reduced,bright red,>=3,depressed,hypomotile,,,,5.03728813559,,,48.0,57.0,cloudy,2.0,euthanized,yes
yes,adult,37.6,38.0,20.0,cool,reduced,normal pink,<3,intermittent mild pain,hypomotile,slight,,,5.03728813559,decreased,,37.0,68.0,,2.89572649573,lived,yes
no,adult,38.7,52.0,20.0,warm,,normal pink,<3,alert no pain,hypermotile,none,none,none,5.03728813559,normal,normal,33.0,77.0,,2.89572649573,lived,no
yes,adult,38.1233333333,70.1806451613,30.3956043956,cool,reduced,pale pink,meaning unknown,continuous severe pain,hypomotile,moderate,significant,>1l,5.03728813559,absent,distended large intestine,46.0,5.9,,2.89572649573,died,yes
yes,adult,37.5,96.0,18.0,normal,reduced,dark cyanotic,>=3,intermittent mild pain,absent,slight,slight,<1l,5.0,,distended small intestine,69.0,8.9,serosanguinous,2.89572649573,lived,yes
yes,adult,36.4,98.0,35.0,cool,reduced,pale cyanotic,<3,intermittent severe pain,hypomotile,slight,,,5.03728813559,absent,distended small intestine,47.0,6.4,serosanguinous,3.6,died,yes
yes,adult,37.3,40.0,30.3956043956,,reduced,normal pink,<3,depressed,hypomotile,slight,significant,none,5.03728813559,decreased,distended large intestine,36.0,25.0390572391,serosanguinous,2.0,lived,yes
yes,young,38.1,100.0,80.0,cool,normal,bright pink,<3,intermittent mild pain,absent,none,,,5.03728813559,normal,,36.0,5.7,,2.89572649573,lived,yes
yes,adult,38.0,70.1806451613,24.0,cool,reduced,dark cyanotic,>=3,continuous severe pain,,severe,none,none,5.03728813559,,,68.0,7.8,,2.89572649573,died,yes
yes,adult,37.8,60.0,80.0,normal,reduced,bright pink,>=3,depressed,hypomotile,moderate,,>1l,5.5,absent,,40.0,4.5,cloudy,2.89572649573,lived,yes
no,adult,38.0,54.0,30.0,warm,reduced,pale pink,meaning unknown,intermittent mild pain,hypermotile,slight,slight,>1l,5.03728813559,,distended small intestine,45.0,6.2,,2.89572649573,lived,no
yes,adult,38.1233333333,88.0,40.0,cool,reduced,pale cyanotic,>=3,continuous severe pain,absent,moderate,significant,,5.03728813559,absent,distended large intestine,50.0,7.7,serosanguinous,1.4,died,yes
no,adult,38.1233333333,40.0,16.0,,,,<3,,,,,,5.03728813559,,,50.0,7.0,cloudy,3.9,euthanized,yes
no,adult,39.0,64.0,40.0,normal,normal,bright red,<3,intermittent mild pain,hypomotile,slight,slight,none,5.03728813559,decreased,firm feces in large intestine,42.0,7.5,cloudy,2.3,lived,no
no,adult,38.3,42.0,10.0,normal,normal,normal pink,<3,alert no pain,hypermotile,none,,,5.03728813559,,,38.0,61.0,,2.89572649573,lived,no
no,adult,38.0,52.0,16.0,,,,,depressed,,,,<1l,1.0,normal,normal,53.0,86.0,,2.89572649573,lived,yes
no,adult,40.3,114.0,36.0,cool,reduced,normal pink,>=3,depressed,hypomotile,moderate,slight,none,7.0,normal,distended large intestine,57.0,8.1,serosanguinous,4.5,died,yes
no,adult,38.8,50.0,20.0,cool,normal,normal pink,<3,alert no pain,hypermotile,none,slight,none,5.03728813559,decreased,normal,42.0,6.2,,2.89572649573,lived,no
no,adult,38.1233333333,70.1806451613,30.3956043956,cool,reduced,normal pink,<3,continuous severe pain,hypomotile,moderate,none,none,5.03728813559,absent,distended large intestine,38.0,6.5,,2.89572649573,died,yes
no,adult,37.5,48.0,30.0,cold,normal,pale pink,<3,,normal,none,none,none,5.03728813559,normal,normal,48.0,8.6,,2.89572649573,lived,no
yes,adult,37.3,48.0,20.0,,normal,bright pink,<3,intermittent mild pain,hypomotile,moderate,slight,none,5.03728813559,decreased,distended large intestine,41.0,69.0,,2.89572649573,lived,yes
no,adult,38.1233333333,84.0,36.0,,,pale pink,<3,,hypomotile,none,slight,none,5.03728813559,decreased,other,44.0,8.5,,2.89572649573,lived,yes
no,adult,37.7,44.0,40.0,warm,normal,pale pink,<3,alert no pain,hypomotile,slight,none,none,5.03728813559,normal,distended large intestine,41.0,60.0,,2.89572649573,lived,no
yes,adult,38.2,40.0,16.0,cool,reduced,normal pink,<3,alert no pain,hypomotile,,,,5.03728813559,normal,normal,34.0,66.0,,2.89572649573,lived,no
yes,adult,38.1233333333,60.0,20.0,cold,reduced,pale cyanotic,>=3,continuous severe pain,absent,,,none,5.03728813559,absent,distended large intestine,45.5066666667,25.0390572391,,2.89572649573,euthanized,yes
no,adult,38.3,40.0,16.0,cool,,normal pink,<3,depressed,,,,,5.03728813559,,,37.0,57.0,,2.89572649573,lived,no
yes,adult,37.8,52.0,24.0,normal,reduced,pale pink,<3,intermittent severe pain,absent,none,slight,<1l,5.7,increased,distended large intestine,48.0,6.6,clear,3.7,died,yes
yes,adult,38.1233333333,70.0,36.0,normal,,pale pink,>=3,depressed,hypomotile,slight,slight,,5.03728813559,absent,distended large intestine,36.0,7.3,,2.89572649573,lived,yes
yes,adult,38.3,52.0,96.0,,reduced,pale pink,<3,,,,none,none,5.03728813559,normal,,43.0,6.1,,2.89572649573,lived,yes
no,adult,37.3,50.0,32.0,normal,normal,pale pink,<3,alert no pain,hypomotile,slight,,,5.03728813559,normal,,44.0,7.0,,2.89572649573,lived,no
yes,adult,38.7,60.0,32.0,cold,reduced,bright pink,>=3,intermittent severe pain,absent,severe,,,5.03728813559,absent,distended large intestine,53.0,64.0,serosanguinous,2.0,euthanized,yes
yes,young,38.4,84.0,40.0,cool,reduced,bright pink,<3,intermittent mild pain,hypomotile,moderate,none,none,5.03728813559,,,36.0,6.6,cloudy,2.8,died,yes
yes,adult,38.3,40.0,16.0,cool,,,<3,alert no pain,hypomotile,slight,,,5.03728813559,,,38.0,58.0,clear,2.0,lived,yes
yes,adult,38.1233333333,40.0,30.3956043956,warm,normal,normal pink,<3,alert no pain,hypomotile,none,none,none,5.03728813559,,distended large intestine,39.0,56.0,,2.89572649573,lived,yes
yes,adult,36.8,60.0,28.0,,,,,,,,,,5.03728813559,,,45.5066666667,25.0390572391,,10.0,died,yes
yes,adult,38.4,44.0,24.0,cool,,pale cyanotic,,continuous severe pain,absent,moderate,slight,none,5.03728813559,absent,distended large intestine,50.0,77.0,,2.89572649573,lived,yes
no,adult,38.1233333333,70.1806451613,40.0,cool,normal,normal pink,<3,intermittent mild pain,hypomotile,slight,,,5.03728813559,,,45.0,70.0,,2.89572649573,lived,no
yes,adult,38.0,44.0,12.0,normal,normal,normal pink,<3,intermittent mild pain,hypomotile,moderate,slight,none,5.03728813559,absent,distended large intestine,42.0,65.0,,2.89572649573,lived,yes
no,adult,39.5,70.1806451613,30.3956043956,cool,reduced,pale cyanotic,>=3,intermittent mild pain,absent,moderate,,<1l,5.5,absent,distended large intestine,45.5066666667,6.7,clear,2.89572649573,euthanized,yes
yes,adult,36.5,78.0,30.0,normal,,normal pink,<3,continuous severe pain,hypomotile,none,,none,5.03728813559,,,34.0,75.0,cloudy,1.0,lived,yes
no,adult,38.1,56.0,20.0,warm,normal,bright pink,<3,alert no pain,hypomotile,none,none,none,5.03728813559,,,46.0,70.0,,2.89572649573,lived,no
yes,adult,38.3,80.0,40.0,,,dark cyanotic,>=3,intermittent severe pain,hypomotile,none,,>1l,5.03728813559,normal,distended small intestine,67.0,10.2,cloudy,1.0,euthanized,yes
no,adult,38.7,40.0,28.0,warm,normal,normal pink,<3,intermittent mild pain,hypermotile,none,,,5.03728813559,normal,,39.0,62.0,clear,1.0,lived,no
yes,adult,38.2,64.0,24.0,normal,normal,pale pink,<3,intermittent severe pain,absent,moderate,slight,none,5.03728813559,absent,distended small intestine,45.0,7.5,clear,2.0,died,yes
no,adult,37.6,48.0,20.0,cool,normal,pale cyanotic,<3,alert no pain,hypermotile,moderate,slight,none,5.03728813559,normal,normal,37.0,5.5,,2.89572649573,euthanized,yes
yes,adult,38.0,42.0,68.0,cold,normal,normal pink,<3,intermittent mild pain,hypomotile,slight,slight,>1l,5.03728813559,absent,distended small intestine,41.0,7.6,,2.89572649573,lived,yes
yes,adult,38.7,70.1806451613,30.3956043956,cool,normal,pale pink,<3,continuous severe pain,absent,slight,,,5.03728813559,,,33.0,6.5,cloudy,2.89572649573,lived,yes
yes,adult,37.4,50.0,32.0,cool,reduced,,<3,intermittent severe pain,absent,none,slight,none,5.03728813559,normal,,45.0,7.9,cloudy,1.0,lived,yes
yes,adult,38.4,49.0,30.3956043956,,,normal pink,<3,,,none,slight,none,5.03728813559,,,44.0,7.6,,2.89572649573,lived,yes
yes,adult,37.8,30.0,12.0,,,,,,,,,,5.03728813559,,,45.5066666667,25.0390572391,,2.89572649573,died,yes
no,adult,37.6,88.0,36.0,cool,normal,normal pink,<3,intermittent mild pain,hypomotile,slight,none,<1l,1.5,,,44.0,6.0,,2.89572649573,died,yes
,adult,38.0,48.0,20.0,cool,normal,pale pink,<3,intermittent severe pain,hypomotile,none,slight,none,5.03728813559,decreased,distended large intestine,43.0,73.0,cloudy,1.0,,yes
yes,adult,38.1233333333,100.0,30.3956043956,cool,,pale cyanotic,>=3,continuous severe pain,absent,,slight,,5.03728813559,increased,,59.0,6.3,,2.89572649573,died,yes
yes,young,38.1,136.0,48.0,cool,reduced,pale pink,<3,continuous severe pain,hypermotile,moderate,slight,>1l,4.4,increased,,33.0,4.9,cloudy,2.9,died,yes
yes,adult,38.1233333333,70.1806451613,30.3956043956,cool,reduced,pale pink,>=3,continuous severe pain,hypomotile,moderate,significant,>1l,5.03728813559,absent,distended large intestine,46.0,5.9,,2.89572649573,died,yes
yes,adult,38.0,48.0,30.3956043956,normal,normal,normal pink,<3,alert no pain,normal,severe,slight,>1l,5.03728813559,absent,distended large intestine,45.5066666667,25.0390572391,,2.89572649573,lived,yes
no,adult,38.0,56.0,30.3956043956,normal,increased,pale pink,<3,alert no pain,hypermotile,none,none,none,5.03728813559,normal,normal,42.0,71.0,,2.89572649573,lived,no
no,adult,38.0,60.0,32.0,normal,normal,,<3,intermittent mild pain,hypomotile,,none,none,5.03728813559,,,50.0,7.0,clear,1.0,lived,no
yes,adult,38.1,44.0,9.0,cool,normal,normal pink,<3,depressed,normal,none,none,none,5.03728813559,absent,distended large intestine,31.0,7.3,,2.89572649573,lived,no
no,adult,36.0,42.0,30.0,,,bright red,<3,,,,,,5.03728813559,,,64.0,6.8,,2.89572649573,died,no
yes,adult,38.1233333333,120.0,30.3956043956,cold,reduced,dark cyanotic,>=3,continuous severe pain,absent,severe,,,5.03728813559,absent,distended large intestine,57.0,4.5,serosanguinous,3.9,died,yes
yes,adult,37.8,48.0,28.0,normal,normal,normal pink,>=3,alert no pain,normal,none,slight,,5.03728813559,normal,normal,46.0,5.9,cloudy,7.0,lived,no
yes,adult,37.1,84.0,40.0,cool,reduced,dark cyanotic,<3,depressed,absent,severe,significant,>1l,2.0,absent,distended large intestine,75.0,81.0,,2.89572649573,euthanized,no
no,adult,38.1233333333,80.0,32.0,cool,reduced,bright pink,<3,depressed,hypomotile,moderate,slight,none,5.03728813559,decreased,,50.0,80.0,,2.89572649573,lived,yes
yes,adult,38.2,48.0,30.3956043956,normal,reduced,pale pink,<3,intermittent mild pain,absent,severe,none,<1l,2.0,absent,distended large intestine,42.0,71.0,,2.89572649573,lived,yes
no,adult,38.0,44.0,12.0,warm,normal,pale pink,<3,intermittent mild pain,absent,moderate,none,>1l,6.5,normal,distended small intestine,33.0,6.5,,2.89572649573,died,yes
no,adult,38.7,48.0,24.0,,,,,alert no pain,hypermotile,,none,none,5.03728813559,normal,,34.0,63.0,,2.89572649573,lived,no
no,adult,38.9,44.0,14.0,cool,normal,normal pink,<3,depressed,hypomotile,slight,,,5.03728813559,,other,33.0,64.0,,2.89572649573,lived,no
yes,adult,38.1233333333,100.0,30.3956043956,cool,reduced,pale cyanotic,>=3,,absent,severe,slight,none,2.0,,,68.0,64.0,serosanguinous,2.0,lived,yes
no,adult,38.6,48.0,20.0,cool,normal,normal pink,<3,alert no pain,hypomotile,slight,slight,none,5.03728813559,decreased,other,50.0,7.3,clear,2.89572649573,lived,no
no,adult,38.8,48.0,40.0,normal,normal,pale pink,<3,intermittent mild pain,hypomotile,severe,slight,,5.03728813559,,distended large intestine,41.0,65.0,,2.89572649573,lived,yes
no,adult,38.0,48.0,20.0,cool,reduced,pale cyanotic,<3,alert no pain,absent,slight,slight,,5.0,,other,49.0,8.3,clear,2.89572649573,lived,no
no,adult,38.6,52.0,20.0,normal,normal,normal pink,<3,intermittent mild pain,hypomotile,slight,none,none,5.03728813559,normal,firm feces in large intestine,36.0,6.6,clear,5.0,lived,no
yes,adult,37.8,60.0,24.0,normal,,pale pink,>=3,,absent,severe,slight,<1l,2.0,,distended large intestine,52.0,75.0,,2.89572649573,euthanized,yes
no,adult,38.0,42.0,40.0,cool,normal,normal pink,<3,intermittent mild pain,hypomotile,none,,,5.03728813559,,,45.5066666667,25.0390572391,,2.89572649573,lived,no
no,adult,38.1233333333,70.1806451613,12.0,normal,normal,bright pink,<3,depressed,hypermotile,slight,significant,none,5.03728813559,normal,firm feces in large intestine,44.0,7.5,cloudy,2.89572649573,lived,no
yes,adult,38.1233333333,70.1806451613,30.3956043956,,,,,intermittent severe pain,,,none,none,5.03728813559,,distended large intestine,35.0,58.0,cloudy,1.0,lived,yes
yes,adult,38.3,42.0,24.0,,,,<3,,,,,,5.03728813559,,,40.0,8.5,,2.89572649573,died,yes
no,adult,39.5,60.0,10.0,cool,,,>=3,intermittent mild pain,hypomotile,slight,slight,none,5.03728813559,decreased,,38.0,56.0,clear,2.89572649573,lived,no
yes,adult,38.0,66.0,20.0,normal,reduced,pale pink,<3,continuous severe pain,hypomotile,none,none,none,5.03728813559,decreased,,46.0,46.0,serosanguinous,2.0,euthanized,yes
yes,adult,38.7,76.0,30.3956043956,normal,normal,bright red,>=3,intermittent mild pain,hypomotile,slight,slight,>1l,5.03728813559,absent,distended small intestine,50.0,8.0,,2.89572649573,lived,yes
yes,adult,39.4,120.0,48.0,,,bright red,<3,,hypomotile,moderate,none,,5.03728813559,absent,,56.0,64.0,clear,2.0,euthanized,no
yes,adult,38.3,40.0,18.0,normal,normal,normal pink,<3,intermittent mild pain,hypermotile,none,,,5.03728813559,increased,normal,43.0,5.9,clear,2.89572649573,lived,no
no,adult,38.1233333333,44.0,24.0,normal,normal,normal pink,<3,intermittent mild pain,hypomotile,none,slight,none,5.03728813559,,normal,45.5066666667,6.3,,2.89572649573,lived,no
yes,adult,38.4,104.0,40.0,normal,normal,pale pink,<3,depressed,absent,slight,slight,<1l,6.5,,distended small intestine,55.0,8.5,,2.89572649573,lived,yes
yes,adult,38.1233333333,65.0,24.0,,,,>=3,continuous severe pain,,severe,significant,none,5.03728813559,,distended large intestine,45.5066666667,25.0390572391,,2.89572649573,euthanized,yes
no,adult,37.5,44.0,20.0,normal,normal,pale pink,<3,,hypermotile,none,,,5.03728813559,normal,,35.0,7.2,,2.89572649573,lived,no
no,adult,39.0,86.0,16.0,cool,reduced,bright red,,intermittent mild pain,hypomotile,moderate,,>1l,5.03728813559,,,68.0,5.8,serosanguinous,6.0,died,yes
yes,adult,38.5,129.0,48.0,cool,reduced,pale pink,<3,depressed,absent,moderate,none,<1l,2.0,,,57.0,66.0,serosanguinous,2.0,lived,yes
yes,adult,38.1233333333,104.0,30.3956043956,cool,reduced,bright red,>=3,depressed,absent,moderate,,<1l,5.03728813559,absent,distended small intestine,69.0,8.6,cloudy,3.4,died,yes
yes,adult,38.2,60.0,30.0,normal,normal,pale pink,<3,intermittent mild pain,hypomotile,none,slight,none,5.03728813559,decreased,other,48.0,66.0,,2.89572649573,lived,yes
yes,adult,38.1233333333,68.0,14.0,,,pale cyanotic,<3,intermittent severe pain,,,,none,4.3,,,45.5066666667,25.0390572391,cloudy,2.8,died,yes
yes,adult,38.1233333333,60.0,30.0,cool,reduced,pale cyanotic,>=3,continuous severe pain,absent,severe,none,none,5.03728813559,absent,,45.0,70.0,serosanguinous,2.0,lived,yes
yes,adult,38.4,84.0,30.0,cool,normal,bright red,>=3,intermittent severe pain,hypomotile,moderate,slight,<1l,6.5,absent,distended small intestine,47.0,7.5,serosanguinous,2.89572649573,died,yes
no,adult,37.8,48.0,14.0,,,normal pink,<3,intermittent mild pain,,slight,none,<1l,5.3,normal,,35.0,7.5,,2.89572649573,lived,no
yes,adult,38.0,70.1806451613,24.0,cool,reduced,dark cyanotic,>=3,continuous severe pain,,severe,none,none,5.03728813559,,,68.0,7.8,,2.89572649573,died,yes
no,adult,37.8,56.0,16.0,normal,normal,bright pink,<3,depressed,hypermotile,none,slight,none,5.03728813559,normal,,44.0,68.0,clear,1.0,lived,no
no,adult,38.2,68.0,32.0,warm,increased,bright pink,<3,alert no pain,hypermotile,none,significant,none,5.03728813559,normal,normal,43.0,65.0,,2.89572649573,lived,no
yes,adult,38.5,120.0,60.0,cold,reduced,dark cyanotic,>=3,,hypomotile,,,,5.03728813559,,,54.0,25.0390572391,,2.89572649573,lived,yes
yes,adult,39.3,64.0,90.0,warm,reduced,normal pink,<3,,hypomotile,none,none,>1l,5.03728813559,,,39.0,6.7,,2.89572649573,lived,yes
yes,adult,38.4,80.0,30.0,cold,reduced,normal pink,<3,intermittent mild pain,hypomotile,moderate,significant,<1l,5.03728813559,absent,distended large intestine,32.0,6.1,serosanguinous,4.3,lived,yes
yes,adult,38.5,60.0,30.3956043956,normal,normal,,<3,,hypermotile,none,,,5.03728813559,,,33.0,53.0,clear,2.89572649573,lived,yes
yes,adult,38.3,60.0,16.0,cool,normal,normal pink,<3,depressed,hypermotile,none,slight,>1l,3.0,normal,distended small intestine,30.0,6.0,clear,3.0,lived,yes
no,young,38.1233333333,100.0,44.0,warm,normal,normal pink,<3,intermittent severe pain,hypermotile,none,,,5.03728813559,normal,,37.0,4.7,,2.89572649573,lived,no
yes,adult,38.2,48.0,18.0,normal,normal,normal pink,<3,intermittent mild pain,hypomotile,moderate,none,>1l,5.03728813559,absent,,48.0,74.0,clear,2.0,lived,yes
yes,adult,38.1233333333,60.0,48.0,cool,reduced,pale cyanotic,>=3,intermittent severe pain,hypomotile,severe,,,5.03728813559,,,58.0,7.6,,2.89572649573,died,yes
no,adult,37.9,88.0,24.0,normal,normal,bright pink,<3,depressed,normal,none,,,5.03728813559,absent,normal,37.0,56.0,,2.89572649573,lived,no
no,adult,38.0,44.0,12.0,cool,normal,normal pink,,,hypermotile,slight,,,5.03728813559,normal,,42.0,64.0,,2.89572649573,lived,no
no,adult,38.5,96.0,36.0,cool,reduced,,>=3,depressed,absent,slight,none,>1l,5.03728813559,absent,distended large intestine,70.0,8.5,,2.89572649573,died,yes
no,adult,38.3,60.0,20.0,normal,normal,normal pink,>=3,alert no pain,hypomotile,none,,,5.03728813559,decreased,,34.0,66.0,,2.89572649573,lived,no
no,adult,38.5,60.0,40.0,cool,normal,bright pink,<3,depressed,hypermotile,slight,,,5.03728813559,decreased,other,49.0,59.0,,2.89572649573,lived,no
yes,adult,37.3,48.0,12.0,normal,,pale pink,<3,intermittent mild pain,hypermotile,moderate,slight,none,5.03728813559,decreased,firm feces in large intestine,40.0,6.6,cloudy,2.89572649573,lived,yes
yes,adult,38.5,86.0,30.3956043956,normal,normal,pale pink,<3,intermittent severe pain,absent,moderate,slight,none,5.03728813559,decreased,distended large intestine,45.0,7.4,clear,3.4,died,yes
yes,adult,37.5,48.0,40.0,,,,,,,,none,none,5.03728813559,,distended large intestine,41.0,55.0,serosanguinous,2.0,euthanized,yes
no,adult,37.2,36.0,9.0,normal,normal,normal pink,<3,depressed,hypomotile,none,slight,none,5.03728813559,absent,normal,35.0,5.7,,2.89572649573,lived,no
yes,adult,39.2,70.1806451613,23.0,cool,normal,pale pink,<3,intermittent severe pain,absent,slight,slight,,5.03728813559,,,36.0,6.6,clear,3.0,lived,yes
no,adult,38.5,100.0,30.3956043956,cool,reduced,bright red,>=3,intermittent severe pain,hypomotile,severe,slight,none,5.03728813559,absent,distended large intestine,45.5066666667,25.0390572391,,2.89572649573,euthanized,no
yes,adult,38.5,96.0,30.0,warm,reduced,pale cyanotic,>=3,intermittent severe pain,absent,moderate,slight,none,5.03728813559,decreased,distended large intestine,50.0,65.0,,2.89572649573,lived,yes
yes,adult,38.1233333333,70.1806451613,30.3956043956,,,,,,,,,,5.03728813559,,,45.0,8.7,,2.89572649573,died,yes
yes,adult,37.8,88.0,80.0,cool,reduced,bright red,>=3,,hypomotile,moderate,slight,<1l,5.03728813559,absent,distended large intestine,64.0,89.0,,2.89572649573,euthanized,yes
yes,adult,37.9,68.0,20.0,,normal,bright pink,<3,depressed,absent,slight,,,5.03728813559,normal,distended large intestine,45.0,4.0,serosanguinous,2.8,died,yes
yes,adult,38.0,86.0,24.0,cold,reduced,pale cyanotic,<3,depressed,absent,severe,none,none,5.03728813559,absent,distended large intestine,45.0,5.5,clear,10.1,died,yes
yes,young,38.9,120.0,30.0,normal,reduced,bright pink,>=3,intermittent mild pain,hypomotile,moderate,significant,none,3.0,,,47.0,6.3,clear,2.89572649573,lived,no
yes,adult,37.6,45.0,12.0,cool,normal,pale pink,<3,,normal,slight,slight,none,5.03728813559,normal,distended small intestine,39.0,7.0,cloudy,1.5,lived,yes
no,adult,38.6,56.0,32.0,warm,normal,normal pink,<3,alert no pain,hypermotile,none,slight,,5.03728813559,increased,,40.0,7.0,cloudy,2.1,lived,no
yes,adult,37.8,40.0,12.0,normal,normal,normal pink,<3,alert no pain,normal,none,slight,none,5.03728813559,normal,other,38.0,7.0,,2.89572649573,lived,yes
no,adult,38.1233333333,70.1806451613,30.3956043956,,,,,,,,,,5.03728813559,,,45.5066666667,25.0390572391,,2.89572649573,lived,no
yes,adult,38.0,76.0,18.0,,,,>=3,,,,,,5.03728813559,,,71.0,11.0,,2.89572649573,lived,yes
yes,adult,38.1,40.0,36.0,normal,increased,bright pink,<3,depressed,normal,,,,5.03728813559,,,45.5066666667,25.0390572391,,2.89572649573,euthanized,yes
yes,adult,38.1233333333,52.0,28.0,cool,reduced,pale cyanotic,<3,intermittent mild pain,absent,moderate,slight,none,5.03728813559,absent,distended small intestine,37.0,8.1,,2.89572649573,lived,yes
yes,adult,38.1233333333,112.0,13.0,cold,absent,pale cyanotic,<3,depressed,hypomotile,none,slight,none,4.5,absent,distended small intestine,60.0,6.3,serosanguinous,2.89572649573,lived,yes
yes,adult,37.7,66.0,12.0,normal,normal,pale pink,<3,intermittent mild pain,hypomotile,slight,slight,,5.03728813559,absent,distended small intestine,31.5,6.2,cloudy,1.6,lived,yes
yes,adult,38.8,50.0,14.0,normal,normal,normal pink,<3,intermittent mild pain,hypermotile,none,none,none,5.03728813559,decreased,distended large intestine,38.0,58.0,,2.89572649573,lived,yes
no,adult,38.4,54.0,24.0,normal,normal,normal pink,<3,alert no pain,hypomotile,none,slight,none,5.03728813559,decreased,other,49.0,7.2,clear,8.0,lived,no
yes,adult,39.2,120.0,20.0,cold,reduced,bright red,>=3,depressed,hypomotile,moderate,none,<1l,5.03728813559,,distended small intestine,60.0,8.8,serosanguinous,2.89572649573,died,yes
yes,young,38.1233333333,70.1806451613,30.3956043956,,,,,,,,,,5.03728813559,,,45.0,6.5,cloudy,2.89572649573,lived,yes
yes,adult,37.3,90.0,40.0,cool,,dark cyanotic,>=3,continuous severe pain,absent,moderate,slight,>1l,5.03728813559,normal,distended large intestine,65.0,50.0,serosanguinous,2.0,euthanized,yes
yes,young,38.5,120.0,70.0,,,,,,hypermotile,,slight,,5.03728813559,normal,,35.0,54.0,clear,1.0,lived,yes
yes,adult,38.5,104.0,40.0,cool,reduced,,<3,intermittent severe pain,hypomotile,severe,,,5.03728813559,,,45.5066666667,25.0390572391,,2.89572649573,lived,yes
no,adult,39.5,92.0,28.0,cool,reduced,dark cyanotic,<3,continuous severe pain,absent,none,,<1l,5.03728813559,absent,,72.0,6.4,,3.6,died,no
yes,adult,38.5,30.0,18.0,,,,,,,,,,5.03728813559,,,40.0,7.7,,2.89572649573,lived,yes
no,adult,37.5,48.0,30.0,cold,normal,pale pink,<3,,normal,none,none,none,5.03728813559,normal,normal,48.0,8.6,,2.89572649573,lived,no
yes,adult,38.1,52.0,24.0,normal,normal,bright red,<3,intermittent severe pain,hypomotile,none,slight,<1l,7.0,normal,,54.0,7.5,cloudy,2.6,died,yes
no,adult,38.2,42.0,26.0,normal,normal,normal pink,<3,intermittent mild pain,hypermotile,slight,,,5.03728813559,normal,,36.0,6.9,,2.89572649573,lived,no
no,adult,37.9,54.0,42.0,warm,normal,bright red,<3,intermittent mild pain,hypermotile,none,,none,5.03728813559,,other,47.0,54.0,serosanguinous,1.0,lived,no
no,adult,36.1,88.0,30.3956043956,cool,reduced,pale pink,<3,intermittent mild pain,hypomotile,slight,slight,<1l,5.03728813559,,distended small intestine,45.0,7.0,serosanguinous,4.8,euthanized,yes
yes,adult,38.0,90.0,30.0,cold,reduced,pale cyanotic,>=3,continuous severe pain,absent,severe,,,5.03728813559,absent,distended large intestine,55.0,6.1,,2.89572649573,died,yes
yes,adult,38.2,52.0,16.0,normal,normal,bright pink,<3,alert no pain,normal,none,none,none,5.03728813559,normal,,43.0,8.1,,2.89572649573,lived,no
yes,adult,38.4,92.0,20.0,normal,,,>=3,,hypomotile,moderate,,,5.03728813559,normal,,45.5066666667,25.0390572391,,2.89572649573,lived,yes
yes,young,38.2,124.0,88.0,normal,reduced,bright pink,<3,depressed,hypomotile,severe,,,5.03728813559,,,47.0,8.0,clear,2.89572649573,lived,yes
yes,adult,37.6,68.0,32.0,cool,,pale pink,<3,intermittent severe pain,normal,severe,slight,>1l,6.5,normal,distended large intestine,47.0,7.2,clear,2.89572649573,lived,yes
yes,adult,38.1,88.0,24.0,cool,reduced,pale cyanotic,<3,continuous severe pain,absent,moderate,slight,none,5.03728813559,decreased,distended small intestine,41.0,4.6,,2.89572649573,died,yes
yes,adult,38.0,108.0,60.0,warm,reduced,pale cyanotic,<3,intermittent severe pain,hypomotile,moderate,slight,,5.03728813559,decreased,distended small intestine,45.5066666667,25.0390572391,serosanguinous,2.89572649573,lived,yes
no,adult,38.2,48.0,30.3956043956,warm,,normal pink,>=3,intermittent mild pain,hypomotile,none,slight,none,5.03728813559,,other,34.0,6.6,,2.89572649573,lived,no
yes,adult,39.3,100.0,51.0,cold,absent,dark cyanotic,<3,depressed,absent,none,none,<1l,2.0,,distended small intestine,66.0,13.0,serosanguinous,2.0,euthanized,yes
no,adult,36.6,42.0,18.0,cool,reduced,bright pink,<3,alert no pain,absent,none,none,none,5.03728813559,,distended large intestine,52.0,7.1,,2.89572649573,died,yes
yes,young,38.8,124.0,36.0,cool,normal,bright pink,<3,depressed,hypomotile,severe,none,none,5.03728813559,absent,distended small intestine,50.0,7.6,serosanguinous,2.89572649573,died,yes
no,adult,38.1233333333,112.0,24.0,cool,reduced,pale cyanotic,>=3,continuous severe pain,absent,slight,,,5.03728813559,absent,,40.0,5.3,serosanguinous,2.6,lived,no
yes,adult,38.1233333333,80.0,30.3956043956,cool,reduced,pale pink,<3,intermittent severe pain,absent,severe,,,5.03728813559,absent,distended large intestine,43.0,70.0,,2.89572649573,lived,yes
yes,young,38.8,184.0,84.0,normal,,normal pink,<3,intermittent severe pain,hypermotile,moderate,,,5.03728813559,increased,,33.0,3.3,,2.89572649573,died,yes
yes,adult,37.5,72.0,30.3956043956,warm,normal,normal pink,<3,depressed,hypermotile,none,none,none,5.03728813559,normal,,35.0,65.0,cloudy,2.0,euthanized,yes
yes,adult,38.7,96.0,28.0,cool,reduced,pale cyanotic,<3,,absent,,,<1l,7.5,,,64.0,9.0,,2.89572649573,died,yes
no,adult,37.5,52.0,12.0,normal,normal,normal pink,<3,depressed,hypomotile,slight,slight,none,5.03728813559,decreased,distended large intestine,36.0,61.0,clear,1.0,lived,no
yes,adult,40.8,72.0,42.0,cool,reduced,normal pink,<3,depressed,hypomotile,none,slight,none,5.03728813559,,,54.0,7.4,serosanguinous,2.89572649573,died,yes
no,adult,38.0,40.0,25.0,,normal,normal pink,<3,intermittent severe pain,hypomotile,slight,none,none,5.03728813559,absent,,37.0,69.0,,2.89572649573,lived,no
no,adult,38.4,48.0,16.0,warm,normal,normal pink,<3,alert no pain,,slight,slight,none,5.03728813559,,other,39.0,6.5,,2.89572649573,lived,no
no,young,38.6,88.0,28.0,,,,,,,,,,5.03728813559,,,35.0,5.9,,2.89572649573,lived,no
yes,adult,37.1,75.0,36.0,,,pale pink,>=3,intermittent severe pain,absent,slight,slight,<1l,5.0,absent,distended small intestine,48.0,7.4,serosanguinous,3.2,died,yes
yes,adult,38.3,44.0,21.0,cool,normal,bright pink,<3,intermittent mild pain,hypomotile,moderate,slight,none,5.03728813559,normal,distended large intestine,44.0,6.5,cloudy,4.4,lived,yes
no,adult,38.1233333333,56.0,68.0,cool,normal,normal pink,<3,intermittent mild pain,hypomotile,none,slight,none,5.03728813559,normal,,40.0,6.0,,2.89572649573,euthanized,yes
no,adult,38.6,68.0,20.0,warm,normal,pale pink,<3,intermittent mild pain,hypomotile,slight,none,none,5.03728813559,normal,distended large intestine,38.0,6.5,clear,2.89572649573,lived,no
no,adult,38.3,54.0,18.0,cool,normal,bright pink,<3,depressed,hypomotile,slight,,<1l,5.4,,distended small intestine,44.0,7.2,serosanguinous,2.89572649573,lived,no
yes,adult,38.2,42.0,20.0,,,normal pink,<3,,hypomotile,,,,5.03728813559,decreased,,47.0,60.0,,2.89572649573,lived,no
yes,adult,39.3,64.0,90.0,warm,reduced,normal pink,<3,,hypomotile,none,none,>1l,6.5,normal,distended large intestine,39.0,6.7,,2.89572649573,lived,yes
yes,adult,37.5,60.0,50.0,cool,reduced,normal pink,<3,intermittent mild pain,hypomotile,slight,slight,>1l,3.5,decreased,distended small intestine,35.0,6.5,,2.89572649573,died,yes
yes,adult,37.7,80.0,30.3956043956,cool,reduced,dark cyanotic,<3,continuous severe pain,absent,none,slight,<1l,5.03728813559,decreased,normal,50.0,55.0,serosanguinous,2.0,lived,yes
yes,adult,38.1233333333,100.0,30.0,cool,reduced,pale cyanotic,>=3,continuous severe pain,absent,severe,significant,<1l,5.03728813559,absent,distended small intestine,52.0,6.6,,2.89572649573,lived,yes
yes,adult,37.7,120.0,28.0,cool,reduced,pale pink,<3,continuous severe pain,hypomotile,moderate,none,none,5.03728813559,,,65.0,7.0,serosanguinous,2.89572649573,died,yes
yes,adult,38.1233333333,76.0,30.3956043956,,reduced,,,,absent,severe,,,5.03728813559,,distended large intestine,45.5066666667,25.0390572391,,2.89572649573,euthanized,yes
yes,young,38.8,150.0,50.0,normal,reduced,dark cyanotic,>=3,continuous severe pain,hypomotile,slight,none,none,5.03728813559,,,50.0,6.2,,2.89572649573,died,yes
yes,adult,38.0,36.0,16.0,cool,normal,normal pink,<3,intermittent severe pain,normal,slight,significant,<1l,2.0,decreased,,37.0,75.0,cloudy,1.0,euthanized,no
no,adult,36.9,50.0,40.0,warm,reduced,pale pink,<3,alert no pain,hypomotile,slight,significant,none,7.0,,,37.5,6.5,,2.89572649573,lived,no
no,adult,37.8,40.0,16.0,normal,normal,normal pink,<3,alert no pain,hypermotile,none,,,5.03728813559,normal,normal,37.0,6.8,,2.89572649573,lived,no
no,adult,38.2,56.0,40.0,cold,reduced,normal pink,<3,depressed,absent,moderate,slight,>1l,7.5,,,47.0,7.2,clear,2.5,lived,no
yes,adult,38.6,48.0,12.0,,,normal pink,,alert no pain,hypermotile,,,,5.03728813559,,,36.0,67.0,,2.89572649573,lived,no
no,adult,40.0,78.0,30.3956043956,cool,reduced,bright red,<3,depressed,hypomotile,none,none,none,5.03728813559,absent,normal,66.0,6.5,,2.89572649573,died,yes
yes,adult,38.2,72.0,18.0,,,,,,,,,,5.03728813559,,,35.0,6.4,,2.89572649573,lived,yes
yes,adult,38.5,66.0,24.0,normal,normal,normal pink,<3,intermittent mild pain,hypomotile,none,slight,none,5.03728813559,absent,distended large intestine,40.0,6.7,clear,2.89572649573,lived,yes
no,adult,37.8,82.0,12.0,cool,normal,normal pink,>=3,intermittent severe pain,,moderate,none,<1l,5.03728813559,,,50.0,7.0,,2.89572649573,euthanized,yes
no,young,39.5,84.0,30.0,,,,<3,,,,,,5.03728813559,,,28.0,5.0,,2.89572649573,lived,no
yes,adult,38.1233333333,70.1806451613,30.3956043956,,,,,,,,,,5.03728813559,,,45.5066666667,25.0390572391,,2.89572649573,lived,yes
yes,adult,38.0,50.0,36.0,,normal,normal pink,<3,intermittent mild pain,normal,slight,,,5.03728813559,decreased,,39.0,6.6,clear,5.3,lived,yes
no,adult,38.6,45.0,16.0,warm,normal,bright pink,<3,alert no pain,hypermotile,,,,5.03728813559,normal,normal,43.0,58.0,,2.89572649573,lived,no
yes,adult,38.9,80.0,44.0,cool,reduced,pale pink,<3,depressed,hypomotile,moderate,slight,>1l,7.0,decreased,normal,54.0,6.5,serosanguinous,2.89572649573,died,yes
yes,adult,37.0,66.0,20.0,normal,reduced,bright pink,<3,intermittent severe pain,hypomotile,moderate,none,,5.03728813559,normal,distended large intestine,35.0,6.9,cloudy,2.89572649573,died,yes
yes,adult,38.1233333333,78.0,24.0,cool,reduced,pale pink,<3,,hypomotile,,slight,none,5.03728813559,,distended small intestine,43.0,62.0,,2.0,euthanized,no
no,adult,38.5,40.0,16.0,normal,normal,normal pink,<3,depressed,hypermotile,none,,,5.03728813559,decreased,other,37.0,67.0,,2.89572649573,lived,no
yes,adult,38.1233333333,120.0,70.0,cold,,pale cyanotic,>=3,depressed,absent,,,,5.03728813559,,distended large intestine,55.0,65.0,,2.89572649573,euthanized,no
no,adult,37.2,72.0,24.0,cool,increased,pale cyanotic,>=3,intermittent severe pain,hypomotile,moderate,significant,none,5.03728813559,absent,distended small intestine,44.0,25.0390572391,serosanguinous,3.3,euthanized,yes
yes,adult,37.5,72.0,30.0,cold,reduced,pale cyanotic,<3,intermittent severe pain,absent,moderate,slight,none,5.03728813559,decreased,distended large intestine,60.0,6.8,,2.89572649573,died,yes
yes,adult,36.5,100.0,24.0,cool,reduced,pale pink,<3,intermittent mild pain,hypomotile,moderate,significant,none,5.03728813559,absent,distended small intestine,50.0,6.0,serosanguinous,3.4,lived,yes
yes,adult,37.2,40.0,20.0,,,,,,,,,,5.03728813559,absent,normal,36.0,62.0,clear,1.0,euthanized,no
no,adult,38.5,54.0,20.0,,normal,bright pink,>=3,intermittent mild pain,absent,none,slight,>1l,5.9,,other,42.0,6.3,,2.89572649573,lived,no
no,adult,37.6,48.0,36.0,,,normal pink,<3,,hypomotile,,,,5.03728813559,,,44.0,6.3,clear,5.0,lived,no
yes,adult,37.7,44.0,28.0,,absent,pale pink,>=3,continuous severe pain,absent,severe,none,none,5.03728813559,decreased,distended large intestine,45.0,70.0,serosanguinous,2.0,lived,yes
yes,adult,37.0,56.0,24.0,cool,normal,pale cyanotic,>=3,intermittent severe pain,absent,moderate,none,none,5.03728813559,,,35.0,61.0,serosanguinous,2.0,euthanized,no
no,adult,38.0,42.0,12.0,cool,,pale pink,<3,alert no pain,,none,,,5.03728813559,,other,37.0,5.8,,2.89572649573,lived,no
yes,adult,38.1233333333,60.0,40.0,cool,,normal pink,<3,,absent,,significant,>1l,5.03728813559,,distended large intestine,42.0,72.0,,2.89572649573,lived,yes
no,adult,38.4,80.0,60.0,cool,increased,bright pink,<3,intermittent mild pain,normal,none,slight,>1l,5.03728813559,normal,normal,54.0,6.9,,2.89572649573,lived,no
no,adult,37.8,48.0,12.0,warm,normal,bright pink,<3,intermittent mild pain,,none,slight,,5.03728813559,increased,,48.0,7.3,clear,2.89572649573,lived,no
,adult,38.0,65.0,40.0,,normal,pale cyanotic,>=3,depressed,,,,,5.03728813559,,distended large intestine,45.5066666667,25.0390572391,,2.89572649573,,yes
no,adult,38.2,60.0,24.0,cool,normal,pale pink,>=3,intermittent mild pain,hypomotile,slight,significant,<1l,5.03728813559,absent,distended small intestine,53.0,7.5,cloudy,1.4,lived,no
yes,adult,38.1233333333,140.0,30.3956043956,,,pale cyanotic,>=3,continuous severe pain,absent,severe,none,none,5.03728813559,,distended large intestine,30.0,69.0,,2.89572649573,died,no
yes,adult,37.9,120.0,60.0,cool,reduced,pale pink,<3,continuous severe pain,absent,severe,slight,>1l,7.5,absent,distended large intestine,52.0,6.6,serosanguinous,1.8,died,yes
no,adult,38.0,72.0,36.0,normal,normal,pale pink,<3,intermittent mild pain,,slight,slight,none,5.03728813559,decreased,distended large intestine,38.0,6.8,cloudy,2.0,lived,no
no,young,38.0,92.0,28.0,normal,normal,bright pink,<3,alert no pain,hypomotile,slight,significant,,7.2,,,37.0,6.1,clear,1.1,lived,no
yes,adult,38.3,66.0,30.0,warm,reduced,normal pink,<3,depressed,absent,moderate,significant,>1l,8.5,absent,distended large intestine,37.0,6.0,,2.89572649573,lived,yes
no,adult,37.5,48.0,24.0,cool,normal,normal pink,<3,depressed,hypermotile,,none,none,5.03728813559,decreased,other,43.0,6.0,clear,2.8,lived,no
yes,adult,37.5,88.0,20.0,warm,reduced,pale pink,<3,intermittent severe pain,hypomotile,moderate,,,5.03728813559,,,35.0,6.4,clear,2.89572649573,died,yes
no,young,38.1233333333,150.0,60.0,cold,absent,pale cyanotic,>=3,continuous severe pain,absent,severe,,,5.03728813559,,,45.5066666667,25.0390572391,,2.89572649573,died,yes
yes,adult,39.7,100.0,30.0,,,dark cyanotic,>=3,intermittent severe pain,absent,moderate,none,,5.03728813559,absent,distended large intestine,65.0,75.0,,2.89572649573,euthanized,yes
yes,adult,38.3,80.0,30.3956043956,cool,reduced,pale cyanotic,>=3,continuous severe pain,absent,moderate,slight,none,5.03728813559,absent,distended small intestine,45.0,7.5,cloudy,4.6,lived,yes
no,adult,37.5,40.0,32.0,cool,normal,pale pink,<3,intermittent mild pain,normal,moderate,slight,none,5.03728813559,,distended large intestine,32.0,6.4,clear,1.1,lived,yes
yes,adult,38.4,84.0,30.0,cool,normal,bright red,>=3,intermittent severe pain,hypomotile,moderate,slight,<1l,6.5,absent,distended small intestine,47.0,7.5,serosanguinous,2.89572649573,died,yes
yes,adult,38.1,84.0,44.0,cold,,pale cyanotic,>=3,continuous severe pain,hypomotile,none,none,<1l,5.0,,distended small intestine,60.0,6.8,,5.7,died,yes
no,adult,38.7,52.0,30.3956043956,normal,normal,normal pink,<3,alert no pain,hypomotile,none,,,5.03728813559,normal,firm feces in large intestine,4.0,74.0,,2.89572649573,lived,no
no,adult,38.1,44.0,40.0,warm,normal,pale pink,<3,intermittent mild pain,hypomotile,none,,,5.03728813559,normal,firm feces in large intestine,35.0,6.8,,2.89572649573,lived,no
no,adult,38.4,52.0,20.0,warm,normal,pale pink,<3,alert no pain,hypomotile,slight,slight,none,5.03728813559,decreased,distended large intestine,41.0,63.0,clear,1.0,lived,no
yes,adult,38.2,60.0,30.3956043956,normal,,pale pink,<3,depressed,hypermotile,none,none,none,5.03728813559,absent,distended small intestine,43.0,6.2,cloudy,3.9,lived,yes
no,adult,37.7,40.0,18.0,normal,normal,normal pink,,intermittent mild pain,normal,none,none,none,5.03728813559,decreased,firm feces in large intestine,36.0,3.5,,2.89572649573,lived,no
yes,adult,39.1,60.0,10.0,,normal,normal pink,,depressed,hypomotile,,,,5.03728813559,absent,distended small intestine,45.5066666667,25.0390572391,,2.89572649573,lived,yes
no,adult,37.8,48.0,16.0,normal,normal,normal pink,<3,,hypermotile,none,slight,none,5.03728813559,absent,firm feces in large intestine,43.0,7.5,,2.89572649573,lived,no
yes,adult,38.2,76.0,30.3956043956,warm,reduced,bright pink,<3,continuous severe pain,hypomotile,moderate,none,>1l,6.0,normal,distended large intestine,35.0,6.5,cloudy,0.9,lived,yes
no,adult,38.3,88.0,30.3956043956,,,dark cyanotic,,,,,,,5.03728813559,,,45.5066666667,25.0390572391,,2.89572649573,died,no
yes,adult,38.0,80.0,30.0,cool,reduced,pale pink,<3,,,,,,6.0,,,48.0,8.3,,4.3,lived,yes
yes,adult,37.6,40.0,30.3956043956,normal,normal,normal pink,<3,alert no pain,hypermotile,none,,,5.03728813559,normal,normal,45.5066666667,25.0390572391,cloudy,2.1,lived,yes
no,adult,37.5,44.0,30.3956043956,normal,normal,normal pink,<3,intermittent mild pain,hypomotile,slight,,,5.03728813559,,,45.0,5.8,cloudy,1.4,lived,no
no,adult,38.0,56.0,44.0,cool,reduced,pale pink,,,hypermotile,none,slight,none,5.03728813559,absent,,47.0,70.0,cloudy,1.0,lived,no
no,adult,38.3,45.0,20.0,cool,reduced,bright pink,>=3,depressed,absent,none,slight,,5.03728813559,absent,,45.5066666667,25.0390572391,,2.89572649573,lived,no
yes,adult,38.1233333333,48.0,96.0,normal,normal,pale pink,<3,,absent,none,slight,none,5.03728813559,normal,distended small intestine,42.0,8.0,clear,2.89572649573,lived,yes
yes,adult,37.7,55.0,28.0,warm,normal,bright pink,<3,depressed,hypomotile,moderate,,<1l,5.0,absent,distended large intestine,45.5066666667,25.0390572391,,2.89572649573,lived,yes
no,adult,36.0,100.0,20.0,cold,reduced,dark cyanotic,>=3,depressed,absent,moderate,none,none,5.03728813559,absent,distended large intestine,74.0,5.7,cloudy,2.5,euthanized,yes
yes,adult,37.1,60.0,20.0,warm,,pale cyanotic,<3,intermittent mild pain,,moderate,,>1l,5.0,decreased,distended small intestine,64.0,8.5,cloudy,2.89572649573,lived,yes
yes,adult,38.1,72.0,30.0,cool,reduced,pale pink,<3,intermittent severe pain,absent,moderate,slight,none,5.03728813559,decreased,distended large intestine,37.0,56.0,serosanguinous,1.0,lived,yes
yes,adult,37.0,44.0,12.0,cool,normal,normal pink,>=3,alert no pain,hypermotile,none,,,5.03728813559,absent,other,40.0,6.7,serosanguinous,8.0,lived,yes
yes,adult,38.6,48.0,20.0,cool,normal,normal pink,<3,intermittent severe pain,hypomotile,none,,,5.03728813559,decreased,,37.0,75.0,,2.89572649573,lived,yes
yes,adult,38.1233333333,82.0,72.0,cool,normal,pale cyanotic,<3,depressed,hypomotile,moderate,,<1l,5.03728813559,absent,distended small intestine,53.0,65.0,serosanguinous,2.0,euthanized,yes
yes,young,38.2,78.0,60.0,cold,absent,dark cyanotic,,intermittent mild pain,hypomotile,moderate,,,5.03728813559,normal,,59.0,5.8,serosanguinous,3.1,died,yes
no,adult,37.8,60.0,16.0,normal,normal,pale pink,<3,depressed,hypomotile,slight,none,>1l,5.03728813559,decreased,,41.0,73.0,,2.89572649573,euthanized,no
yes,adult,38.7,34.0,30.0,warm,,pale pink,<3,depressed,hypomotile,,,,5.03728813559,,,33.0,69.0,,2.0,euthanized,yes
yes,adult,38.1233333333,36.0,12.0,normal,normal,normal pink,<3,alert no pain,normal,none,none,none,5.03728813559,normal,distended large intestine,44.0,25.0390572391,,2.89572649573,lived,yes
no,adult,37.4,54.0,18.0,cool,,normal pink,<3,intermittent mild pain,absent,moderate,slight,>1l,5.03728813559,absent,distended large intestine,30.0,7.1,cloudy,2.89572649573,lived,yes
yes,adult,38.1233333333,70.1806451613,30.3956043956,cold,reduced,,>=3,depressed,absent,none,,,5.03728813559,,,54.0,76.0,serosanguinous,2.0,lived,yes
yes,adult,36.6,48.0,16.0,cool,normal,pale pink,<3,intermittent severe pain,hypermotile,none,none,none,5.03728813559,,,27.0,56.0,,2.89572649573,euthanized,yes
yes,adult,38.1233333333,75.0,12.0,normal,normal,pale cyanotic,<3,continuous severe pain,hypomotile,moderate,,<1l,5.8,,,58.0,8.5,clear,2.89572649573,lived,yes
no,adult,38.2,42.0,30.3956043956,cool,normal,normal pink,<3,alert no pain,hypermotile,slight,slight,none,5.03728813559,decreased,other,35.0,5.9,cloudy,2.89572649573,lived,no
yes,young,38.2,78.0,60.0,cold,absent,dark cyanotic,,intermittent mild pain,hypomotile,moderate,,,5.03728813559,normal,,59.0,5.8,serosanguinous,3.1,died,yes
no,adult,38.6,60.0,30.0,normal,normal,pale pink,<3,intermittent severe pain,normal,slight,none,none,5.03728813559,,,40.0,6.0,clear,2.89572649573,lived,yes
no,adult,37.8,42.0,40.0,normal,normal,normal pink,<3,alert no pain,hypomotile,none,,,5.03728813559,decreased,firm feces in large intestine,36.0,6.2,,2.89572649573,lived,no
yes,adult,38.0,60.0,12.0,normal,normal,bright pink,<3,depressed,hypermotile,none,none,none,5.03728813559,normal,distended small intestine,44.0,65.0,serosanguinous,2.0,euthanized,yes
no,adult,38.0,42.0,12.0,cool,,pale pink,<3,alert no pain,hypermotile,none,,,5.03728813559,,normal,37.0,5.8,,2.89572649573,lived,no
no,adult,37.6,88.0,36.0,cool,normal,normal pink,<3,intermittent mild pain,hypomotile,slight,none,<1l,1.5,,,44.0,6.0,,2.89572649573,died,yes
