age,sex,chest_pain,trestbps,chol,fbs,restecg,thalach,exang,oldpeak,slope,ca,thal,num
29,male,atyp_angina,120.0,243.0,f,normal,160.0,no,0.0,,0.0,,<50
29,male,atyp_angina,140.0,249.432653061,f,normal,170.0,no,0.0,,0.0,,<50
30,female,typ_angina,170.0,237.0,f,st_t_wave_abnormality,170.0,no,0.0,,0.0,fixed_defect,<50
31,female,atyp_angina,100.0,219.0,f,st_t_wave_abnormality,150.0,no,0.0,,0.0,,<50
32,female,atyp_angina,105.0,198.0,f,normal,165.0,no,0.0,,0.0,,<50
32,male,atyp_angina,125.0,254.0,f,normal,155.0,no,0.0,,0.0,,<50
33,male,non_anginal,120.0,298.0,f,normal,185.0,no,0.0,,0.0,,<50
34,female,atyp_angina,130.0,161.0,f,normal,190.0,no,0.0,,0.0,,<50
34,male,atyp_angina,150.0,214.0,f,st_t_wave_abnormality,168.0,no,0.0,,0.0,,<50
35,female,asympt,140.0,167.0,f,normal,150.0,no,0.0,,0.0,,<50
35,male,atyp_angina,150.0,264.0,f,normal,168.0,no,0.0,,0.0,,<50
36,male,atyp_angina,120.0,166.0,f,normal,180.0,no,0.0,,0.0,,<50
36,male,non_anginal,112.0,340.0,f,normal,184.0,no,1.0,flat,0.0,normal,<50
36,male,non_anginal,130.0,209.0,f,normal,178.0,no,0.0,,0.0,,<50
36,male,non_anginal,150.0,160.0,f,normal,172.0,no,0.0,,0.0,,<50
37,female,atyp_angina,120.0,260.0,f,normal,130.0,no,0.0,,0.0,,<50
37,female,non_anginal,130.0,211.0,f,normal,142.0,no,0.0,,0.0,,<50
37,female,asympt,130.0,173.0,f,st_t_wave_abnormality,184.0,no,0.0,,0.0,,<50
37,male,atyp_angina,130.0,283.0,f,st_t_wave_abnormality,98.0,no,0.0,,0.0,,<50
37,male,non_anginal,130.0,194.0,f,normal,150.0,no,0.0,,0.0,,<50
37,male,asympt,120.0,223.0,f,normal,168.0,no,0.0,,0.0,normal,<50
37,male,asympt,130.0,315.0,f,normal,158.0,no,0.0,,0.0,,<50
38,female,atyp_angina,120.0,275.0,,normal,129.0,no,0.0,,0.0,,<50
38,male,atyp_angina,140.0,297.0,f,normal,150.0,no,0.0,,0.0,,<50
38,male,non_anginal,145.0,292.0,f,normal,130.0,no,0.0,,0.0,,<50
39,female,non_anginal,110.0,182.0,f,st_t_wave_abnormality,180.0,no,0.0,,0.0,,<50
39,male,atyp_angina,120.0,249.432653061,f,st_t_wave_abnormality,146.0,no,2.0,up,0.0,,<50
39,male,atyp_angina,120.0,200.0,f,normal,160.0,yes,1.0,flat,0.0,,<50
39,male,atyp_angina,120.0,204.0,f,normal,145.0,no,0.0,,0.0,,<50
39,male,atyp_angina,130.0,249.432653061,f,normal,120.0,no,0.0,,0.0,,<50
39,male,non_anginal,120.0,339.0,f,normal,170.0,no,0.0,,0.0,,<50
39,male,non_anginal,160.0,147.0,t,normal,160.0,no,0.0,,0.0,,<50
39,male,asympt,110.0,273.0,f,normal,132.0,no,0.0,,0.0,,<50
39,male,asympt,130.0,307.0,f,normal,140.0,no,0.0,,0.0,,<50
40,male,atyp_angina,130.0,275.0,f,normal,150.0,no,0.0,,0.0,,<50
40,male,atyp_angina,140.0,289.0,f,normal,172.0,no,0.0,,0.0,,<50
40,male,non_anginal,130.0,215.0,f,normal,138.0,no,0.0,,0.0,,<50
40,male,non_anginal,130.0,281.0,f,normal,167.0,no,0.0,,0.0,,<50
40,male,non_anginal,140.0,249.432653061,f,normal,188.0,no,0.0,,0.0,,<50
41,female,atyp_angina,110.0,250.0,f,st_t_wave_abnormality,142.0,no,0.0,,0.0,,<50
41,female,atyp_angina,125.0,184.0,f,normal,180.0,no,0.0,,0.0,,<50
41,female,atyp_angina,130.0,245.0,f,normal,150.0,no,0.0,,0.0,,<50
41,male,atyp_angina,120.0,291.0,f,st_t_wave_abnormality,160.0,no,0.0,,0.0,,<50
41,male,atyp_angina,120.0,295.0,f,normal,170.0,no,0.0,,0.0,,<50
41,male,atyp_angina,125.0,269.0,f,normal,144.0,no,0.0,,0.0,,<50
41,male,asympt,112.0,250.0,f,normal,142.0,no,0.0,,0.0,,<50
42,female,non_anginal,115.0,211.0,f,st_t_wave_abnormality,137.0,no,0.0,,0.0,,<50
42,male,atyp_angina,120.0,196.0,f,normal,150.0,no,0.0,,0.0,,<50
42,male,atyp_angina,120.0,198.0,f,normal,155.0,no,0.0,,0.0,,<50
42,male,atyp_angina,150.0,268.0,f,normal,136.0,no,0.0,,0.0,,<50
42,male,non_anginal,120.0,228.0,f,normal,152.0,yes,1.5,flat,0.0,,<50
42,male,non_anginal,160.0,147.0,f,normal,146.0,no,0.0,,0.0,,<50
42,male,asympt,140.0,358.0,f,normal,170.0,no,0.0,,0.0,,<50
43,female,typ_angina,100.0,223.0,f,normal,142.0,no,0.0,,0.0,,<50
43,female,atyp_angina,120.0,201.0,f,normal,165.0,no,0.0,,0.0,,<50
43,female,atyp_angina,120.0,215.0,f,st_t_wave_abnormality,175.0,no,0.0,,0.0,,<50
43,female,atyp_angina,120.0,249.0,f,st_t_wave_abnormality,176.0,no,0.0,,0.0,,<50
43,female,atyp_angina,120.0,266.0,f,normal,118.0,no,0.0,,0.0,,<50
43,female,atyp_angina,150.0,186.0,f,normal,154.0,no,0.0,,0.0,,<50
43,female,non_anginal,150.0,249.432653061,f,normal,175.0,no,0.0,,0.0,normal,<50
43,male,atyp_angina,142.0,207.0,f,normal,138.0,no,0.0,,0.0,,<50
44,female,asympt,120.0,218.0,f,st_t_wave_abnormality,115.0,no,0.0,,0.0,,<50
44,male,atyp_angina,130.0,215.0,f,normal,135.0,no,0.0,,0.0,,<50
44,male,asympt,150.0,412.0,f,normal,170.0,no,0.0,,0.0,,<50
45,female,atyp_angina,130.0,237.0,f,normal,170.0,no,0.0,,0.0,,<50
45,female,atyp_angina,180.0,249.432653061,f,normal,180.0,no,0.0,,0.0,,<50
45,female,asympt,132.0,297.0,f,normal,144.0,no,0.0,,0.0,,<50
45,male,atyp_angina,140.0,224.0,t,normal,122.0,no,0.0,,0.0,,<50
45,male,asympt,120.0,225.0,f,normal,140.0,no,0.0,,0.0,,<50
45,male,asympt,140.0,224.0,f,normal,144.0,no,0.0,,0.0,,<50
46,female,asympt,130.0,238.0,f,normal,90.0,no,0.0,,0.0,,<50
46,male,atyp_angina,140.0,275.0,f,normal,165.0,yes,0.0,,0.0,,<50
46,male,non_anginal,120.0,230.0,f,normal,150.0,no,0.0,,0.0,,<50
46,male,non_anginal,150.0,163.0,,normal,116.0,no,0.0,,0.0,,<50
46,male,asympt,110.0,238.0,f,st_t_wave_abnormality,140.0,yes,1.0,flat,0.0,normal,<50
46,male,asympt,110.0,240.0,f,st_t_wave_abnormality,140.0,no,0.0,,0.0,normal,<50
47,female,atyp_angina,140.0,257.0,f,normal,135.0,no,1.0,up,0.0,,<50
47,female,non_anginal,130.0,249.432653061,f,normal,145.0,no,2.0,flat,0.0,,<50
47,male,typ_angina,110.0,249.0,f,normal,150.0,no,0.0,,0.0,,<50
47,male,atyp_angina,160.0,263.0,f,normal,174.0,no,0.0,,0.0,,<50
47,male,asympt,140.0,276.0,t,normal,125.0,yes,0.0,,0.0,,<50
48,female,atyp_angina,132.458333333,308.0,f,st_t_wave_abnormality,138.840909091,,2.0,up,0.0,,<50
48,female,atyp_angina,120.0,284.0,f,normal,120.0,no,0.0,,0.0,,<50
48,female,non_anginal,120.0,195.0,f,normal,125.0,no,0.0,,0.0,,<50
48,female,asympt,108.0,163.0,f,normal,175.0,no,2.0,up,0.0,,<50
48,female,asympt,120.0,254.0,f,st_t_wave_abnormality,110.0,no,0.0,,0.0,,<50
48,female,asympt,150.0,227.0,f,normal,130.0,yes,1.0,flat,0.0,,<50
48,male,atyp_angina,100.0,249.432653061,f,normal,100.0,no,0.0,,0.0,,<50
48,male,atyp_angina,130.0,245.0,f,normal,160.0,no,0.0,,0.0,,<50
48,male,atyp_angina,140.0,238.0,f,normal,118.0,no,0.0,,0.0,,<50
48,male,non_anginal,110.0,211.0,f,normal,138.0,no,0.0,,0.0,fixed_defect,<50
49,female,atyp_angina,110.0,249.432653061,f,normal,160.0,no,0.0,,0.0,,<50
49,female,atyp_angina,124.0,201.0,f,normal,164.0,no,0.0,,0.0,,<50
49,female,non_anginal,130.0,207.0,f,st_t_wave_abnormality,135.0,no,0.0,,0.0,,<50
49,male,atyp_angina,100.0,253.0,f,normal,174.0,no,0.0,,0.0,,<50
49,male,non_anginal,140.0,187.0,f,normal,172.0,no,0.0,,0.0,,<50
49,male,asympt,120.0,297.0,,normal,132.0,no,1.0,flat,0.0,,<50
49,male,asympt,140.0,249.432653061,f,normal,130.0,no,0.0,,0.0,,<50
50,female,atyp_angina,110.0,202.0,f,normal,145.0,no,0.0,,0.0,,<50
50,female,asympt,120.0,328.0,f,normal,110.0,yes,1.0,flat,0.0,,<50
50,male,atyp_angina,120.0,168.0,f,normal,160.0,no,0.0,,0.0,,<50
50,male,atyp_angina,140.0,216.0,f,normal,170.0,no,0.0,,0.0,normal,<50
50,male,atyp_angina,170.0,209.0,f,st_t_wave_abnormality,116.0,no,0.0,,0.0,,<50
50,male,asympt,140.0,129.0,f,normal,135.0,no,0.0,,0.0,,<50
50,male,asympt,150.0,215.0,f,normal,140.0,yes,0.0,,0.0,,<50
51,female,atyp_angina,160.0,194.0,f,normal,170.0,no,0.0,,0.0,,<50
51,female,non_anginal,110.0,190.0,f,normal,120.0,no,0.0,,0.0,,<50
51,female,non_anginal,130.0,220.0,f,normal,160.0,yes,2.0,up,0.0,,<50
51,male,atyp_angina,125.0,188.0,f,normal,145.0,no,0.0,,0.0,,<50
51,male,asympt,130.0,179.0,f,normal,100.0,no,0.0,,0.0,reversable_defect,<50
52,female,atyp_angina,120.0,210.0,f,normal,148.0,no,0.0,,0.0,,<50
52,female,atyp_angina,140.0,249.432653061,f,normal,140.0,no,0.0,,0.0,,<50
52,female,non_anginal,125.0,272.0,f,normal,139.0,no,0.0,,0.0,,<50
52,female,asympt,130.0,180.0,f,normal,140.0,yes,1.5,flat,0.0,,<50
52,male,atyp_angina,120.0,284.0,f,normal,118.0,no,0.0,,0.0,,<50
52,male,atyp_angina,140.0,100.0,f,normal,138.0,yes,0.0,,0.0,,<50
52,male,atyp_angina,160.0,196.0,f,normal,165.0,no,0.0,,0.0,,<50
52,male,non_anginal,140.0,259.0,f,st_t_wave_abnormality,170.0,no,0.0,,0.0,,<50
53,female,atyp_angina,113.0,468.0,,normal,127.0,no,0.0,,0.0,,<50
53,female,atyp_angina,140.0,216.0,f,normal,142.0,yes,2.0,flat,0.0,,<50
53,female,non_anginal,120.0,274.0,f,normal,130.0,no,0.0,,0.0,,<50
53,male,atyp_angina,120.0,249.432653061,f,normal,132.0,no,0.0,,0.0,,<50
53,male,atyp_angina,140.0,320.0,f,normal,162.0,no,0.0,,0.0,,<50
53,male,non_anginal,120.0,195.0,f,normal,140.0,no,0.0,,0.0,,<50
53,male,asympt,124.0,260.0,f,st_t_wave_abnormality,112.0,yes,3.0,flat,0.0,,<50
53,male,asympt,140.0,243.0,f,normal,155.0,no,0.0,,0.0,,<50
54,female,atyp_angina,120.0,221.0,f,normal,138.0,no,1.0,up,0.0,,<50
54,female,atyp_angina,120.0,230.0,t,normal,140.0,no,0.0,,0.0,,<50
54,female,atyp_angina,120.0,273.0,f,normal,150.0,no,1.5,flat,0.0,,<50
54,female,atyp_angina,130.0,253.0,f,st_t_wave_abnormality,155.0,no,0.0,,0.0,,<50
54,female,atyp_angina,140.0,309.0,,st_t_wave_abnormality,140.0,no,0.0,,0.0,,<50
54,female,atyp_angina,160.0,312.0,f,normal,130.0,no,0.0,,0.0,,<50
54,male,typ_angina,120.0,171.0,f,normal,137.0,no,2.0,up,0.0,,<50
54,male,atyp_angina,110.0,208.0,f,normal,142.0,no,0.0,,0.0,,<50
54,male,atyp_angina,120.0,238.0,f,normal,154.0,no,0.0,,0.0,,<50
54,male,atyp_angina,120.0,246.0,f,normal,110.0,no,0.0,,0.0,,<50
54,male,atyp_angina,160.0,195.0,f,st_t_wave_abnormality,130.0,no,1.0,up,0.0,,<50
54,male,atyp_angina,160.0,305.0,f,normal,175.0,no,0.0,,0.0,,<50
54,male,non_anginal,120.0,217.0,f,normal,137.0,no,0.0,,0.0,,<50
54,male,non_anginal,150.0,249.432653061,f,normal,122.0,no,0.0,,0.0,,<50
54,male,asympt,150.0,365.0,f,st_t_wave_abnormality,134.0,no,1.0,up,0.0,,<50
55,female,atyp_angina,110.0,344.0,f,st_t_wave_abnormality,160.0,no,0.0,,0.0,,<50
55,female,atyp_angina,122.0,320.0,f,normal,155.0,no,0.0,,0.0,,<50
55,female,atyp_angina,130.0,394.0,f,left_vent_hyper,150.0,no,0.0,,0.0,,<50
55,male,atyp_angina,120.0,256.0,t,normal,137.0,no,0.0,,0.0,reversable_defect,<50
55,male,atyp_angina,140.0,196.0,f,normal,150.0,no,0.0,,0.0,reversable_defect,<50
55,male,non_anginal,120.0,220.0,f,left_vent_hyper,134.0,no,0.0,,0.0,,<50
55,male,asympt,120.0,270.0,f,normal,140.0,no,0.0,,0.0,,<50
55,male,asympt,140.0,229.0,f,normal,110.0,yes,0.5,flat,0.0,,<50
56,female,non_anginal,130.0,219.0,,st_t_wave_abnormality,164.0,no,0.0,,0.0,reversable_defect,<50
56,male,atyp_angina,130.0,184.0,f,normal,100.0,no,0.0,,0.0,,<50
56,male,non_anginal,130.0,249.432653061,f,normal,114.0,no,0.0,,0.0,,<50
56,male,non_anginal,130.0,276.0,f,normal,128.0,yes,1.0,up,0.0,fixed_defect,<50
56,male,asympt,120.0,85.0,f,normal,140.0,no,0.0,,0.0,,<50
57,female,typ_angina,130.0,308.0,f,normal,98.0,no,1.0,flat,0.0,,<50
57,female,asympt,180.0,347.0,f,st_t_wave_abnormality,126.0,yes,0.8,flat,0.0,,<50
57,male,atyp_angina,140.0,260.0,t,normal,140.0,no,0.0,,0.0,fixed_defect,<50
58,male,atyp_angina,130.0,230.0,f,normal,150.0,no,0.0,,0.0,,<50
58,male,atyp_angina,130.0,251.0,f,normal,110.0,no,0.0,,0.0,,<50
58,male,non_anginal,140.0,179.0,f,normal,160.0,no,0.0,,0.0,,<50
58,male,asympt,135.0,222.0,f,normal,100.0,no,0.0,,0.0,,<50
59,female,atyp_angina,130.0,188.0,f,normal,124.0,no,1.0,flat,0.0,,<50
59,male,atyp_angina,140.0,287.0,f,normal,150.0,no,0.0,,0.0,,<50
59,male,non_anginal,130.0,318.0,f,normal,120.0,yes,1.0,flat,0.0,normal,<50
59,male,non_anginal,180.0,213.0,f,normal,100.0,no,0.0,,0.0,,<50
59,male,asympt,140.0,249.432653061,f,normal,140.0,no,0.0,,0.0,,<50
60,male,non_anginal,120.0,246.0,f,left_vent_hyper,135.0,no,0.0,,0.0,,<50
61,female,asympt,130.0,294.0,f,st_t_wave_abnormality,120.0,yes,1.0,flat,0.0,,<50
62,male,atyp_angina,140.0,271.0,f,normal,152.0,no,1.0,up,0.0,,<50
31,male,asympt,120.0,270.0,f,normal,153.0,yes,1.5,flat,0.0,,>50_1
33,female,asympt,100.0,246.0,f,normal,150.0,yes,1.0,flat,0.0,,>50_1
34,male,typ_angina,140.0,156.0,f,normal,180.0,no,0.0,,0.0,,>50_1
35,male,atyp_angina,110.0,257.0,f,normal,140.0,no,0.0,,0.0,,>50_1
36,male,atyp_angina,120.0,267.0,f,normal,160.0,no,3.0,flat,0.0,,>50_1
37,male,asympt,140.0,207.0,f,normal,130.0,yes,1.5,flat,0.0,,>50_1
38,male,asympt,110.0,196.0,f,normal,166.0,no,0.0,,0.0,,>50_1
38,male,asympt,120.0,282.0,f,normal,170.0,no,0.0,,0.0,,>50_1
38,male,asympt,92.0,117.0,f,normal,134.0,yes,2.5,flat,0.0,,>50_1
41,male,asympt,110.0,289.0,f,normal,170.0,no,0.0,,0.0,fixed_defect,>50_1
41,male,asympt,120.0,237.0,,normal,138.0,yes,1.0,flat,0.0,,>50_1
43,male,asympt,150.0,247.0,f,normal,130.0,yes,2.0,flat,0.0,,>50_1
46,male,asympt,110.0,202.0,f,normal,150.0,yes,0.0,,0.0,,>50_1
46,male,asympt,118.0,186.0,f,normal,124.0,no,0.0,,0.0,reversable_defect,>50_1
46,male,asympt,120.0,277.0,f,normal,125.0,yes,1.0,flat,0.0,,>50_1
47,male,non_anginal,140.0,193.0,f,normal,145.0,yes,1.0,flat,0.0,,>50_1
47,male,asympt,150.0,226.0,f,normal,98.0,yes,1.5,flat,0.0,reversable_defect,>50_1
48,male,asympt,106.0,263.0,t,normal,110.0,no,0.0,,0.0,,>50_1
48,male,asympt,120.0,260.0,f,normal,115.0,no,2.0,flat,0.0,,>50_1
48,male,asympt,160.0,268.0,f,normal,103.0,yes,1.0,flat,0.0,,>50_1
49,female,non_anginal,160.0,180.0,f,normal,156.0,no,1.0,flat,0.0,,>50_1
49,male,non_anginal,115.0,265.0,f,normal,175.0,no,0.0,,0.0,,>50_1
49,male,asympt,130.0,206.0,f,normal,170.0,no,0.0,,0.0,,>50_1
50,female,non_anginal,140.0,288.0,f,normal,140.0,yes,0.0,,0.0,reversable_defect,>50_1
50,male,asympt,145.0,264.0,f,normal,150.0,no,0.0,,0.0,,>50_1
51,female,asympt,160.0,303.0,f,normal,150.0,yes,1.0,flat,0.0,,>50_1
52,male,asympt,130.0,225.0,f,normal,120.0,yes,2.0,flat,0.0,,>50_1
54,male,asympt,125.0,216.0,f,normal,140.0,no,0.0,,0.0,,>50_1
55,male,asympt,140.0,201.0,f,normal,130.0,yes,3.0,flat,0.0,,>50_1
57,male,atyp_angina,140.0,265.0,f,st_t_wave_abnormality,145.0,yes,1.0,flat,0.0,,>50_1
58,male,non_anginal,130.0,213.0,f,st_t_wave_abnormality,140.0,no,0.0,,0.0,fixed_defect,>50_1
59,female,asympt,130.0,338.0,t,st_t_wave_abnormality,130.0,yes,1.5,flat,0.0,,>50_1
60,male,asympt,100.0,248.0,f,normal,125.0,no,1.0,flat,0.0,,>50_1
63,male,asympt,150.0,223.0,f,normal,115.0,no,0.0,,0.0,,>50_1
65,male,asympt,140.0,306.0,t,normal,87.0,yes,1.5,flat,0.0,,>50_1
32,male,asympt,118.0,529.0,f,normal,130.0,no,0.0,,0.0,,>50_1
38,male,asympt,110.0,249.432653061,f,normal,150.0,yes,1.0,flat,0.0,,>50_1
40,female,asympt,150.0,392.0,f,normal,130.0,no,2.0,flat,0.0,fixed_defect,>50_1
45,male,asympt,130.0,219.0,f,st_t_wave_abnormality,130.0,yes,1.0,flat,0.0,,>50_1
46,male,asympt,120.0,231.0,f,normal,115.0,yes,0.0,,0.0,,>50_1
46,male,asympt,130.0,222.0,f,normal,112.0,no,0.0,,0.0,,>50_1
48,male,asympt,122.0,275.0,t,st_t_wave_abnormality,150.0,yes,2.0,down,0.0,,>50_1
48,male,asympt,160.0,193.0,f,normal,102.0,yes,3.0,flat,0.0,,>50_1
48,male,asympt,160.0,329.0,f,normal,92.0,yes,1.5,flat,0.0,,>50_1
48,male,asympt,160.0,355.0,f,normal,99.0,yes,2.0,flat,0.0,,>50_1
50,male,asympt,130.0,233.0,f,normal,121.0,yes,2.0,flat,0.0,reversable_defect,>50_1
52,male,asympt,120.0,182.0,f,normal,150.0,no,0.0,,0.0,,>50_1
52,male,asympt,170.0,249.432653061,f,normal,126.0,yes,1.5,flat,0.0,,>50_1
53,male,asympt,120.0,246.0,f,normal,116.0,yes,0.0,,0.0,,>50_1
54,male,non_anginal,120.0,237.0,f,normal,150.0,yes,1.5,,0.0,reversable_defect,>50_1
54,male,asympt,130.0,242.0,f,normal,91.0,yes,1.0,flat,0.0,,>50_1
54,male,asympt,130.0,603.0,t,normal,125.0,yes,1.0,flat,0.0,,>50_1
54,male,asympt,140.0,249.432653061,f,normal,118.0,yes,0.0,,0.0,,>50_1
54,male,asympt,200.0,198.0,f,normal,142.0,yes,2.0,flat,0.0,,>50_1
55,male,asympt,140.0,268.0,f,normal,128.0,yes,1.5,flat,0.0,,>50_1
56,male,asympt,150.0,213.0,t,normal,125.0,yes,1.0,flat,0.0,,>50_1
57,male,asympt,150.0,255.0,f,normal,92.0,yes,3.0,flat,0.0,,>50_1
58,male,non_anginal,160.0,211.0,t,st_t_wave_abnormality,92.0,no,0.0,,0.0,,>50_1
58,male,asympt,130.0,263.0,f,normal,140.0,yes,2.0,flat,0.0,,>50_1
41,male,asympt,130.0,172.0,f,st_t_wave_abnormality,130.0,no,2.0,flat,0.0,,>50_1
43,male,asympt,120.0,175.0,f,normal,120.0,yes,1.0,flat,0.0,reversable_defect,>50_1
44,male,atyp_angina,150.0,288.0,f,normal,150.0,yes,3.0,flat,0.0,,>50_1
44,male,asympt,130.0,290.0,f,normal,100.0,yes,2.0,flat,0.0,,>50_1
46,male,typ_angina,140.0,272.0,t,normal,175.0,no,2.0,flat,0.0,,>50_1
47,female,non_anginal,135.0,248.0,t,normal,170.0,no,0.0,,0.0,,>50_1
48,female,asympt,138.0,214.0,f,normal,108.0,yes,1.5,flat,0.0,,>50_1
49,male,asympt,130.0,341.0,f,normal,120.0,yes,1.0,flat,0.0,,>50_1
49,male,asympt,140.0,234.0,f,normal,140.0,yes,1.0,flat,0.0,,>50_1
51,male,non_anginal,135.0,160.0,f,normal,150.0,no,2.0,flat,0.0,,>50_1
52,male,asympt,112.0,342.0,f,st_t_wave_abnormality,96.0,yes,1.0,flat,0.0,,>50_1
52,male,asympt,130.0,298.0,f,normal,110.0,yes,1.0,flat,0.0,,>50_1
52,male,asympt,140.0,404.0,f,normal,124.0,yes,2.0,flat,0.0,,>50_1
52,male,asympt,160.0,246.0,f,st_t_wave_abnormality,82.0,yes,4.0,flat,0.0,,>50_1
53,male,asympt,180.0,285.0,f,st_t_wave_abnormality,120.0,yes,1.5,flat,0.0,,>50_1
55,male,atyp_angina,160.0,292.0,t,normal,143.0,yes,2.0,flat,0.0,,>50_1
55,male,asympt,145.0,248.0,f,normal,96.0,yes,2.0,flat,0.0,,>50_1
56,female,atyp_angina,120.0,279.0,f,normal,150.0,no,1.0,flat,0.0,,>50_1
56,male,asympt,150.0,230.0,f,st_t_wave_abnormality,124.0,yes,1.5,flat,0.0,,>50_1
56,male,asympt,170.0,388.0,f,st_t_wave_abnormality,122.0,yes,2.0,flat,0.0,,>50_1
58,male,atyp_angina,136.0,164.0,f,st_t_wave_abnormality,99.0,yes,2.0,flat,0.0,,>50_1
59,male,asympt,130.0,249.432653061,f,normal,125.0,no,0.0,,0.0,,>50_1
59,male,asympt,140.0,264.0,t,left_vent_hyper,119.0,yes,0.0,,0.0,,>50_1
65,male,asympt,170.0,263.0,t,normal,112.0,yes,2.0,flat,0.0,,>50_1
66,male,asympt,140.0,249.432653061,f,normal,94.0,yes,1.0,flat,0.0,,>50_1
41,male,asympt,120.0,336.0,f,normal,118.0,yes,3.0,flat,0.0,,>50_1
43,male,asympt,140.0,288.0,f,normal,135.0,yes,2.0,flat,0.0,,>50_1
44,male,asympt,135.0,491.0,f,normal,135.0,no,0.0,,0.0,,>50_1
47,female,asympt,120.0,205.0,f,normal,98.0,yes,2.0,flat,0.0,fixed_defect,>50_1
47,male,asympt,160.0,291.0,f,st_t_wave_abnormality,158.0,yes,3.0,flat,0.0,,>50_1
49,male,asympt,128.0,212.0,f,normal,96.0,yes,0.0,,0.0,,>50_1
50,male,asympt,140.0,231.0,f,st_t_wave_abnormality,140.0,yes,5.0,flat,0.0,,>50_1
52,male,asympt,140.0,266.0,f,normal,134.0,yes,2.0,flat,0.0,,>50_1
52,male,asympt,160.0,331.0,f,normal,94.0,yes,2.5,,0.0,,>50_1
54,female,non_anginal,130.0,294.0,f,st_t_wave_abnormality,100.0,yes,0.0,flat,0.0,,>50_1
58,female,atyp_angina,180.0,393.0,f,normal,110.0,yes,1.0,flat,0.0,reversable_defect,>50_1
65,male,asympt,130.0,275.0,f,st_t_wave_abnormality,115.0,yes,1.0,flat,0.0,,>50_1
