surgery,Age,rectal_temperature,pulse,respiratory_rate,temp_extremities,peripheral_pulse,mucous_membranes,capillary_refill_time,pain,peristalsis,abdominal_distension,nasogastric_tube,nasogastric_reflux,nasogastric_reflux_PH,rectal_examination,abdomen,packed_cell_volume,total_protein,abdominocentesis_appearance,abdomcentesis_total_protein,outcome,surgical_lesion
no,adult,All,58.0_to_inf,-inf_to_59.0,cool,reduced,,>=3,continuous severe pain,absent,severe,,,All,decreased,distended large intestine,-inf_to_49.5,All,,All,died,no
yes,adult,All,58.0_to_inf,-inf_to_59.0,,,pale cyanotic,<3,intermittent mild pain,absent,slight,,,All,absent,other,49.5_to_inf,All,cloudy,All,euthanized,no
no,adult,All,-inf_to_58.0,-inf_to_59.0,normal,normal,pale pink,<3,intermittent mild pain,hypomotile,none,,,All,normal,normal,-inf_to_49.5,All,,All,lived,no
yes,young,All,58.0_to_inf,59.0_to_inf,cold,normal,dark cyanotic,>=3,depressed,absent,severe,none,>1l,All,decreased,,-inf_to_49.5,All,serosanguinous,All,died,yes
no,adult,All,58.0_to_inf,-inf_to_59.0,,,dark cyanotic,>=3,,,,,,All,,,49.5_to_inf,All,,All,died,no
no,adult,All,58.0_to_inf,-inf_to_59.0,warm,normal,pale pink,<3,depressed,hypomotile,slight,slight,none,All,decreased,firm feces in large intestine,-inf_to_49.5,All,,All,lived,no
yes,adult,All,-inf_to_58.0,-inf_to_59.0,normal,normal,normal pink,<3,intermittent mild pain,hypomotile,moderate,none,none,All,decreased,distended large intestine,-inf_to_49.5,All,,All,lived,yes
yes,adult,All,58.0_to_inf,-inf_to_59.0,cool,,,<3,,absent,slight,slight,none,All,decreased,distended small intestine,-inf_to_49.5,All,,All,died,yes
no,adult,All,58.0_to_inf,-inf_to_59.0,cool,absent,pale pink,<3,intermittent severe pain,absent,severe,slight,none,All,decreased,distended large intestine,-inf_to_49.5,All,,All,euthanized,yes
no,young,All,58.0_to_inf,-inf_to_59.0,normal,,normal pink,<3,continuous severe pain,hypomotile,none,slight,none,All,decreased,,-inf_to_49.5,All,clear,All,lived,no
yes,adult,All,58.0_to_inf,-inf_to_59.0,cool,reduced,bright red,<3,intermittent mild pain,hypomotile,none,slight,none,All,increased,distended large intestine,-inf_to_49.5,All,cloudy,All,lived,yes
no,adult,All,58.0_to_inf,-inf_to_59.0,warm,,bright pink,<3,depressed,hypermotile,slight,none,none,All,absent,distended small intestine,49.5_to_inf,All,,All,lived,yes
yes,adult,All,-inf_to_58.0,-inf_to_59.0,warm,normal,normal pink,<3,intermittent mild pain,hypomotile,moderate,significant,none,All,absent,distended large intestine,-inf_to_49.5,All,,All,lived,no
no,young,All,58.0_to_inf,-inf_to_59.0,normal,normal,bright pink,<3,alert no pain,hypomotile,slight,significant,,All,normal,normal,-inf_to_49.5,All,clear,All,died,no
yes,adult,All,58.0_to_inf,-inf_to_59.0,cool,normal,pale cyanotic,<3,continuous severe pain,hypomotile,moderate,slight,<1l,All,absent,,-inf_to_49.5,All,,All,died,yes
no,adult,All,-inf_to_58.0,-inf_to_59.0,,,,,,,,,,All,,,-inf_to_49.5,All,,All,lived,no
yes,adult,All,58.0_to_inf,-inf_to_59.0,normal,normal,bright pink,<3,depressed,hypomotile,none,none,none,All,increased,distended large intestine,-inf_to_49.5,All,clear,All,lived,yes
no,adult,All,58.0_to_inf,-inf_to_59.0,cold,reduced,dark cyanotic,,,hypomotile,moderate,,,All,,,49.5_to_inf,All,,All,lived,no
yes,adult,All,58.0_to_inf,59.0_to_inf,normal,normal,bright red,>=3,continuous severe pain,absent,severe,significant,none,All,absent,distended small intestine,-inf_to_49.5,All,cloudy,All,lived,yes
no,adult,All,-inf_to_58.0,-inf_to_59.0,normal,,normal pink,<3,alert no pain,hypomotile,none,slight,<1l,All,absent,firm feces in large intestine,-inf_to_49.5,All,,All,lived,no
yes,young,All,58.0_to_inf,59.0_to_inf,,reduced,,<3,depressed,absent,,,,All,,,49.5_to_inf,All,,All,lived,yes
yes,adult,All,58.0_to_inf,-inf_to_59.0,cool,reduced,pale pink,<3,,absent,moderate,significant,>1l,All,,,49.5_to_inf,All,,All,lived,yes
no,adult,All,58.0_to_inf,-inf_to_59.0,,,,<3,,,,,,All,,,-inf_to_49.5,All,,All,lived,no
yes,adult,All,58.0_to_inf,-inf_to_59.0,cold,reduced,pale pink,>=3,intermittent mild pain,hypomotile,moderate,slight,none,All,decreased,distended large intestine,-inf_to_49.5,All,cloudy,All,lived,yes
yes,adult,All,-inf_to_58.0,-inf_to_59.0,cool,normal,normal pink,<3,,hypomotile,slight,none,none,All,normal,firm feces in large intestine,-inf_to_49.5,All,cloudy,All,lived,no
yes,adult,All,58.0_to_inf,-inf_to_59.0,,,,,,,,,,All,,,-inf_to_49.5,All,,All,died,no
no,adult,All,-inf_to_58.0,-inf_to_59.0,warm,normal,normal pink,<3,alert no pain,hypermotile,none,none,none,All,,,-inf_to_49.5,All,,All,lived,no
no,adult,All,58.0_to_inf,-inf_to_59.0,cool,reduced,pale cyanotic,>=3,continuous severe pain,absent,severe,significant,>1l,All,absent,distended large intestine,49.5_to_inf,All,,All,died,yes
no,adult,All,58.0_to_inf,-inf_to_59.0,cool,reduced,pale cyanotic,>=3,depressed,absent,slight,,<1l,All,decreased,firm feces in large intestine,49.5_to_inf,All,serosanguinous,All,euthanized,yes
yes,adult,All,58.0_to_inf,-inf_to_59.0,warm,normal,normal pink,<3,intermittent mild pain,hypomotile,moderate,slight,none,All,absent,distended large intestine,-inf_to_49.5,All,,All,lived,yes
yes,adult,All,58.0_to_inf,-inf_to_59.0,normal,normal,normal pink,<3,intermittent mild pain,hypermotile,,,,All,absent,distended small intestine,-inf_to_49.5,All,cloudy,All,lived,yes
yes,adult,All,58.0_to_inf,-inf_to_59.0,cool,reduced,pale cyanotic,>=3,continuous severe pain,absent,severe,significant,<1l,All,absent,distended small intestine,49.5_to_inf,All,,All,lived,yes
no,adult,All,58.0_to_inf,-inf_to_59.0,cold,reduced,pale pink,>=3,intermittent severe pain,absent,moderate,,<1l,All,,other,49.5_to_inf,All,,All,euthanized,yes
no,adult,All,58.0_to_inf,-inf_to_59.0,,reduced,bright red,>=3,,,none,none,>1l,All,,distended large intestine,49.5_to_inf,All,cloudy,All,euthanized,no
yes,adult,All,58.0_to_inf,-inf_to_59.0,,reduced,,<3,continuous severe pain,hypomotile,none,,none,All,normal,normal,49.5_to_inf,All,clear,All,lived,yes
no,adult,All,-inf_to_58.0,-inf_to_59.0,normal,normal,normal pink,<3,intermittent mild pain,hypomotile,slight,none,none,All,normal,firm feces in large intestine,-inf_to_49.5,All,clear,All,lived,no
yes,young,All,58.0_to_inf,59.0_to_inf,,,,,,,,,,All,,,-inf_to_49.5,All,,All,died,yes
yes,adult,All,58.0_to_inf,-inf_to_59.0,cool,reduced,dark cyanotic,>=3,continuous severe pain,hypomotile,moderate,none,<1l,All,absent,distended large intestine,49.5_to_inf,All,serosanguinous,All,died,yes
no,young,All,58.0_to_inf,59.0_to_inf,,,,,,,,,,All,,,-inf_to_49.5,All,,All,lived,yes
no,adult,All,58.0_to_inf,-inf_to_59.0,cool,normal,pale pink,<3,intermittent mild pain,hypomotile,none,none,none,All,increased,other,-inf_to_49.5,All,,All,lived,no
yes,adult,All,58.0_to_inf,-inf_to_59.0,cool,absent,pale cyanotic,<3,intermittent severe pain,absent,severe,none,none,All,,distended large intestine,49.5_to_inf,All,cloudy,All,euthanized,yes
yes,adult,All,58.0_to_inf,-inf_to_59.0,cool,reduced,pale cyanotic,>=3,intermittent severe pain,absent,,slight,none,All,,distended large intestine,49.5_to_inf,All,serosanguinous,All,euthanized,yes
no,adult,All,58.0_to_inf,-inf_to_59.0,cold,reduced,pale cyanotic,>=3,continuous severe pain,absent,severe,none,none,All,absent,distended large intestine,49.5_to_inf,All,serosanguinous,All,died,yes
yes,adult,All,58.0_to_inf,-inf_to_59.0,cool,,pale cyanotic,>=3,continuous severe pain,absent,severe,slight,>1l,All,absent,distended large intestine,49.5_to_inf,All,,All,lived,yes
no,adult,All,-inf_to_58.0,-inf_to_59.0,normal,normal,normal pink,<3,alert no pain,hypermotile,none,none,none,All,normal,,-inf_to_49.5,All,,All,lived,no
yes,adult,All,58.0_to_inf,-inf_to_59.0,cool,reduced,pale pink,>=3,depressed,hypomotile,moderate,slight,>1l,All,decreased,normal,49.5_to_inf,All,serosanguinous,All,died,yes
no,adult,All,58.0_to_inf,-inf_to_59.0,cool,reduced,bright red,>=3,intermittent severe pain,hypermotile,slight,none,>1l,All,increased,normal,49.5_to_inf,All,cloudy,All,died,no
no,adult,All,-inf_to_58.0,-inf_to_59.0,normal,normal,bright pink,<3,alert no pain,hypomotile,slight,none,none,All,,other,-inf_to_49.5,All,clear,All,lived,no
yes,adult,All,58.0_to_inf,-inf_to_59.0,normal,,pale pink,>=3,intermittent mild pain,hypomotile,slight,,,All,absent,distended large intestine,-inf_to_49.5,All,serosanguinous,All,died,yes
no,adult,All,-inf_to_58.0,-inf_to_59.0,,,,<3,,,,,,All,,,-inf_to_49.5,All,,All,lived,no
no,adult,All,58.0_to_inf,-inf_to_59.0,cool,reduced,normal pink,>=3,depressed,hypomotile,moderate,slight,none,All,normal,distended large intestine,49.5_to_inf,All,serosanguinous,All,euthanized,yes
yes,young,All,58.0_to_inf,-inf_to_59.0,cool,,bright red,<3,intermittent mild pain,hypomotile,severe,significant,,All,absent,,-inf_to_49.5,All,cloudy,All,died,yes
yes,adult,All,58.0_to_inf,-inf_to_59.0,,,,,,,,,,All,,,-inf_to_49.5,All,,All,lived,yes
yes,adult,All,58.0_to_inf,-inf_to_59.0,warm,,bright pink,<3,continuous severe pain,hypomotile,moderate,slight,>1l,All,,,-inf_to_49.5,All,,All,died,yes
yes,adult,All,58.0_to_inf,-inf_to_59.0,cold,reduced,pale pink,,continuous severe pain,absent,moderate,slight,,All,absent,distended small intestine,49.5_to_inf,All,serosanguinous,All,died,yes
no,adult,All,58.0_to_inf,-inf_to_59.0,cool,reduced,pale pink,>=3,continuous severe pain,absent,severe,none,>1l,All,absent,distended large intestine,49.5_to_inf,All,,All,died,yes
no,adult,All,58.0_to_inf,-inf_to_59.0,warm,increased,normal pink,<3,alert no pain,normal,slight,slight,none,All,normal,normal,-inf_to_49.5,All,,All,lived,no
yes,adult,All,58.0_to_inf,-inf_to_59.0,warm,normal,bright pink,<3,intermittent mild pain,,,slight,,All,absent,,49.5_to_inf,All,clear,All,died,yes
yes,adult,All,58.0_to_inf,-inf_to_59.0,cool,normal,pale pink,<3,intermittent mild pain,hypomotile,slight,none,none,All,decreased,distended small intestine,-inf_to_49.5,All,cloudy,All,lived,yes
no,adult,All,58.0_to_inf,-inf_to_59.0,normal,normal,bright red,>=3,intermittent mild pain,hypomotile,none,none,<1l,All,decreased,distended small intestine,49.5_to_inf,All,clear,All,lived,yes
no,adult,All,-inf_to_58.0,-inf_to_59.0,normal,,pale pink,<3,,,,slight,<1l,All,,,49.5_to_inf,All,,All,lived,no
no,adult,All,-inf_to_58.0,-inf_to_59.0,normal,normal,normal pink,<3,alert no pain,hypomotile,,none,none,All,decreased,other,-inf_to_49.5,All,cloudy,All,lived,no
no,adult,All,58.0_to_inf,-inf_to_59.0,cool,,,<3,intermittent mild pain,,moderate,slight,>1l,All,absent,distended small intestine,-inf_to_49.5,All,,All,euthanized,yes
yes,adult,All,-inf_to_58.0,-inf_to_59.0,normal,normal,normal pink,<3,alert no pain,normal,none,slight,,All,normal,normal,-inf_to_49.5,All,cloudy,All,lived,no
yes,adult,All,-inf_to_58.0,-inf_to_59.0,,,,,,,,,,All,,,-inf_to_49.5,All,,All,died,yes
yes,adult,All,-inf_to_58.0,-inf_to_59.0,normal,normal,bright red,<3,intermittent severe pain,hypomotile,none,slight,<1l,All,normal,,49.5_to_inf,All,cloudy,All,died,yes
yes,young,All,58.0_to_inf,-inf_to_59.0,,,,,,,,,,All,,,-inf_to_49.5,All,,All,died,yes
yes,young,All,58.0_to_inf,-inf_to_59.0,cool,reduced,bright red,>=3,depressed,hypomotile,,,,All,,,-inf_to_49.5,All,cloudy,All,euthanized,yes
no,adult,All,-inf_to_58.0,-inf_to_59.0,warm,,normal pink,<3,alert no pain,hypermotile,none,none,none,All,normal,normal,-inf_to_49.5,All,,All,lived,no
yes,adult,All,58.0_to_inf,-inf_to_59.0,cool,reduced,pale pink,meaning unknown,continuous severe pain,hypomotile,moderate,significant,>1l,All,absent,distended large intestine,-inf_to_49.5,All,,All,died,yes
yes,adult,All,58.0_to_inf,-inf_to_59.0,normal,reduced,dark cyanotic,>=3,intermittent mild pain,absent,slight,slight,<1l,All,,distended small intestine,49.5_to_inf,All,serosanguinous,All,lived,yes
yes,adult,All,58.0_to_inf,-inf_to_59.0,cool,reduced,pale cyanotic,<3,intermittent severe pain,hypomotile,slight,,,All,absent,distended small intestine,-inf_to_49.5,All,serosanguinous,All,died,yes
yes,adult,All,-inf_to_58.0,-inf_to_59.0,,reduced,normal pink,<3,depressed,hypomotile,slight,significant,none,All,decreased,distended large intestine,-inf_to_49.5,All,serosanguinous,All,lived,yes
yes,adult,All,58.0_to_inf,-inf_to_59.0,cool,reduced,dark cyanotic,>=3,continuous severe pain,,severe,none,none,All,,,49.5_to_inf,All,,All,died,yes
no,adult,All,-inf_to_58.0,-inf_to_59.0,warm,reduced,pale pink,meaning unknown,intermittent mild pain,hypermotile,slight,slight,>1l,All,,distended small intestine,-inf_to_49.5,All,,All,lived,no
yes,adult,All,58.0_to_inf,-inf_to_59.0,cool,reduced,pale cyanotic,>=3,continuous severe pain,absent,moderate,significant,,All,absent,distended large intestine,49.5_to_inf,All,serosanguinous,All,died,yes
no,adult,All,-inf_to_58.0,-inf_to_59.0,,,,<3,,,,,,All,,,49.5_to_inf,All,cloudy,All,euthanized,yes
no,adult,All,58.0_to_inf,-inf_to_59.0,normal,normal,bright red,<3,intermittent mild pain,hypomotile,slight,slight,none,All,decreased,firm feces in large intestine,-inf_to_49.5,All,cloudy,All,lived,no
no,adult,All,-inf_to_58.0,-inf_to_59.0,normal,normal,normal pink,<3,alert no pain,hypermotile,none,,,All,,,-inf_to_49.5,All,,All,lived,no
no,adult,All,-inf_to_58.0,-inf_to_59.0,,,,,depressed,,,,<1l,All,normal,normal,49.5_to_inf,All,,All,lived,yes
no,adult,All,58.0_to_inf,-inf_to_59.0,cool,reduced,normal pink,>=3,depressed,hypomotile,moderate,slight,none,All,normal,distended large intestine,49.5_to_inf,All,serosanguinous,All,died,yes
no,adult,All,-inf_to_58.0,-inf_to_59.0,cool,normal,normal pink,<3,alert no pain,hypermotile,none,slight,none,All,decreased,normal,-inf_to_49.5,All,,All,lived,no
no,adult,All,58.0_to_inf,-inf_to_59.0,cool,reduced,normal pink,<3,continuous severe pain,hypomotile,moderate,none,none,All,absent,distended large intestine,-inf_to_49.5,All,,All,died,yes
no,adult,All,-inf_to_58.0,-inf_to_59.0,cold,normal,pale pink,<3,,normal,none,none,none,All,normal,normal,-inf_to_49.5,All,,All,lived,no
yes,adult,All,-inf_to_58.0,-inf_to_59.0,,normal,bright pink,<3,intermittent mild pain,hypomotile,moderate,slight,none,All,decreased,distended large intestine,-inf_to_49.5,All,,All,lived,yes
no,adult,All,58.0_to_inf,-inf_to_59.0,,,pale pink,<3,,hypomotile,none,slight,none,All,decreased,other,-inf_to_49.5,All,,All,lived,yes
yes,adult,All,58.0_to_inf,-inf_to_59.0,cool,reduced,pale cyanotic,<3,depressed,hypomotile,moderate,,<1l,All,absent,distended large intestine,49.5_to_inf,All,,All,euthanized,no
no,adult,All,-inf_to_58.0,-inf_to_59.0,warm,normal,pale pink,<3,alert no pain,hypomotile,slight,none,none,All,normal,distended large intestine,-inf_to_49.5,All,,All,lived,no
no,adult,All,58.0_to_inf,-inf_to_59.0,cool,reduced,dark cyanotic,>=3,depressed,absent,moderate,none,>1l,All,decreased,distended large intestine,49.5_to_inf,All,cloudy,All,lived,no
yes,adult,All,-inf_to_58.0,-inf_to_59.0,cool,reduced,normal pink,<3,alert no pain,hypomotile,,,,All,normal,normal,-inf_to_49.5,All,,All,lived,no
yes,adult,All,58.0_to_inf,-inf_to_59.0,cold,reduced,pale cyanotic,>=3,continuous severe pain,absent,,,none,All,absent,distended large intestine,-inf_to_49.5,All,,All,euthanized,yes
no,adult,All,-inf_to_58.0,-inf_to_59.0,cool,,normal pink,<3,depressed,,,,,All,,,-inf_to_49.5,All,,All,lived,no
yes,young,All,58.0_to_inf,59.0_to_inf,normal,normal,normal pink,<3,intermittent mild pain,hypomotile,slight,,,All,increased,normal,-inf_to_49.5,All,,All,lived,yes
yes,adult,All,-inf_to_58.0,-inf_to_59.0,normal,reduced,pale pink,<3,intermittent severe pain,absent,none,slight,<1l,All,increased,distended large intestine,-inf_to_49.5,All,clear,All,died,yes
yes,adult,All,58.0_to_inf,-inf_to_59.0,normal,,pale pink,>=3,depressed,hypomotile,slight,slight,,All,absent,distended large intestine,-inf_to_49.5,All,,All,lived,yes
yes,adult,All,-inf_to_58.0,59.0_to_inf,,reduced,pale pink,<3,,,,none,none,All,normal,,-inf_to_49.5,All,,All,lived,yes
no,adult,All,-inf_to_58.0,-inf_to_59.0,normal,normal,pale pink,<3,alert no pain,hypomotile,slight,,,All,normal,,-inf_to_49.5,All,,All,lived,no
yes,adult,All,58.0_to_inf,-inf_to_59.0,cold,reduced,bright pink,>=3,intermittent severe pain,absent,severe,,,All,absent,distended large intestine,49.5_to_inf,All,serosanguinous,All,euthanized,yes
yes,young,All,58.0_to_inf,-inf_to_59.0,cool,reduced,bright pink,<3,intermittent mild pain,hypomotile,moderate,none,none,All,,,-inf_to_49.5,All,cloudy,All,died,yes
yes,adult,All,58.0_to_inf,-inf_to_59.0,cool,absent,bright red,>=3,depressed,hypomotile,slight,slight,none,All,absent,distended large intestine,49.5_to_inf,All,,All,died,yes
yes,adult,All,-inf_to_58.0,-inf_to_59.0,warm,normal,normal pink,<3,alert no pain,hypomotile,none,none,none,All,,distended large intestine,-inf_to_49.5,All,,All,lived,yes
yes,adult,All,58.0_to_inf,-inf_to_59.0,,,,,,,,,,All,,,-inf_to_49.5,All,,All,died,yes
yes,adult,All,-inf_to_58.0,-inf_to_59.0,cool,,pale cyanotic,,continuous severe pain,absent,moderate,slight,none,All,absent,distended large intestine,49.5_to_inf,All,,All,lived,yes
yes,adult,All,-inf_to_58.0,-inf_to_59.0,normal,normal,normal pink,<3,intermittent mild pain,hypomotile,moderate,slight,none,All,absent,distended large intestine,-inf_to_49.5,All,,All,lived,yes
no,adult,All,58.0_to_inf,-inf_to_59.0,cool,reduced,pale cyanotic,>=3,intermittent mild pain,absent,moderate,,<1l,All,absent,distended large intestine,-inf_to_49.5,All,clear,All,euthanized,yes
yes,adult,All,58.0_to_inf,-inf_to_59.0,normal,,normal pink,<3,continuous severe pain,hypomotile,none,,none,All,,,-inf_to_49.5,All,cloudy,All,lived,yes
no,adult,All,-inf_to_58.0,-inf_to_59.0,warm,normal,bright pink,<3,alert no pain,hypomotile,none,none,none,All,,,-inf_to_49.5,All,,All,lived,no
yes,adult,All,-inf_to_58.0,59.0_to_inf,normal,normal,bright pink,<3,depressed,hypomotile,slight,none,none,All,decreased,distended small intestine,-inf_to_49.5,All,cloudy,All,lived,yes
yes,adult,All,58.0_to_inf,-inf_to_59.0,,,dark cyanotic,>=3,intermittent severe pain,hypomotile,none,,>1l,All,normal,distended small intestine,49.5_to_inf,All,cloudy,All,euthanized,yes
yes,adult,All,58.0_to_inf,-inf_to_59.0,normal,normal,pale pink,<3,intermittent severe pain,absent,moderate,slight,none,All,absent,distended small intestine,-inf_to_49.5,All,clear,All,died,yes
yes,adult,All,-inf_to_58.0,59.0_to_inf,cold,normal,normal pink,<3,intermittent mild pain,hypomotile,slight,slight,>1l,All,absent,distended small intestine,-inf_to_49.5,All,,All,lived,yes
yes,adult,All,58.0_to_inf,-inf_to_59.0,cool,normal,pale pink,<3,continuous severe pain,absent,slight,,,All,,,-inf_to_49.5,All,cloudy,All,lived,yes
yes,adult,All,-inf_to_58.0,-inf_to_59.0,cool,reduced,,<3,intermittent severe pain,absent,none,slight,none,All,normal,,-inf_to_49.5,All,cloudy,All,lived,yes
yes,adult,All,58.0_to_inf,-inf_to_59.0,,,pale pink,<3,depressed,hypomotile,moderate,,,All,,,-inf_to_49.5,All,,All,euthanized,no
yes,adult,All,-inf_to_58.0,-inf_to_59.0,,,normal pink,<3,,,none,slight,none,All,,,-inf_to_49.5,All,,All,lived,yes
yes,adult,All,-inf_to_58.0,-inf_to_59.0,,,,,,,,,,All,,,-inf_to_49.5,All,,All,died,yes
no,adult,All,58.0_to_inf,-inf_to_59.0,cool,normal,normal pink,<3,intermittent mild pain,hypomotile,slight,none,<1l,All,,,-inf_to_49.5,All,,All,died,yes
,adult,All,-inf_to_58.0,-inf_to_59.0,cool,normal,pale pink,<3,intermittent severe pain,hypomotile,none,slight,none,All,decreased,distended large intestine,-inf_to_49.5,All,cloudy,All,,yes
no,adult,All,-inf_to_58.0,-inf_to_59.0,normal,normal,normal pink,<3,depressed,hypomotile,none,,,All,,firm feces in large intestine,-inf_to_49.5,All,,All,lived,yes
yes,adult,All,58.0_to_inf,-inf_to_59.0,cool,,pale cyanotic,>=3,continuous severe pain,absent,,slight,,All,increased,,49.5_to_inf,All,,All,died,yes
yes,young,All,58.0_to_inf,-inf_to_59.0,cool,reduced,pale pink,<3,continuous severe pain,hypermotile,moderate,slight,>1l,All,increased,,-inf_to_49.5,All,cloudy,All,died,yes
yes,adult,All,-inf_to_58.0,-inf_to_59.0,normal,normal,normal pink,<3,alert no pain,normal,severe,slight,>1l,All,absent,distended large intestine,-inf_to_49.5,All,,All,lived,yes
no,adult,All,-inf_to_58.0,-inf_to_59.0,normal,increased,pale pink,<3,alert no pain,hypermotile,none,none,none,All,normal,normal,-inf_to_49.5,All,,All,lived,no
no,adult,All,58.0_to_inf,-inf_to_59.0,normal,normal,,<3,intermittent mild pain,hypomotile,,none,none,All,,,49.5_to_inf,All,clear,All,lived,no
yes,adult,All,-inf_to_58.0,-inf_to_59.0,cool,normal,normal pink,<3,depressed,normal,none,none,none,All,absent,distended large intestine,-inf_to_49.5,All,,All,lived,no
yes,adult,All,58.0_to_inf,-inf_to_59.0,cold,reduced,dark cyanotic,>=3,continuous severe pain,absent,severe,,,All,absent,distended large intestine,49.5_to_inf,All,serosanguinous,All,died,yes
yes,adult,All,-inf_to_58.0,-inf_to_59.0,normal,normal,normal pink,>=3,alert no pain,normal,none,slight,,All,normal,normal,-inf_to_49.5,All,cloudy,All,lived,no
yes,adult,All,58.0_to_inf,-inf_to_59.0,cool,reduced,dark cyanotic,<3,depressed,absent,severe,significant,>1l,All,absent,distended large intestine,49.5_to_inf,All,,All,euthanized,no
no,adult,All,58.0_to_inf,-inf_to_59.0,cool,reduced,bright pink,<3,depressed,hypomotile,moderate,slight,none,All,decreased,,49.5_to_inf,All,,All,lived,yes
yes,adult,All,-inf_to_58.0,-inf_to_59.0,normal,reduced,pale pink,<3,intermittent mild pain,absent,severe,none,<1l,All,absent,distended large intestine,-inf_to_49.5,All,,All,lived,yes
no,adult,All,-inf_to_58.0,-inf_to_59.0,warm,normal,pale pink,<3,intermittent mild pain,absent,moderate,none,>1l,All,normal,distended small intestine,-inf_to_49.5,All,,All,died,yes
yes,adult,All,58.0_to_inf,-inf_to_59.0,,reduced,dark cyanotic,>=3,depressed,absent,slight,slight,<1l,All,absent,distended small intestine,49.5_to_inf,All,,All,lived,yes
no,adult,All,-inf_to_58.0,-inf_to_59.0,,,,,alert no pain,hypermotile,,none,none,All,normal,,-inf_to_49.5,All,,All,lived,no
yes,adult,All,58.0_to_inf,-inf_to_59.0,cold,reduced,dark cyanotic,>=3,intermittent severe pain,absent,slight,none,<1l,All,absent,distended small intestine,49.5_to_inf,All,serosanguinous,All,died,yes
yes,adult,All,58.0_to_inf,-inf_to_59.0,cool,reduced,pale cyanotic,>=3,,absent,severe,slight,none,All,,,49.5_to_inf,All,serosanguinous,All,lived,yes
no,adult,All,-inf_to_58.0,-inf_to_59.0,cool,normal,normal pink,<3,alert no pain,hypomotile,slight,slight,none,All,decreased,other,49.5_to_inf,All,clear,All,lived,no
no,adult,All,-inf_to_58.0,-inf_to_59.0,cool,reduced,pale cyanotic,<3,alert no pain,absent,slight,slight,,All,,other,-inf_to_49.5,All,clear,All,lived,no
no,adult,All,-inf_to_58.0,-inf_to_59.0,normal,normal,normal pink,<3,intermittent mild pain,hypomotile,slight,none,none,All,normal,firm feces in large intestine,-inf_to_49.5,All,clear,All,lived,no
yes,adult,All,58.0_to_inf,-inf_to_59.0,normal,,pale pink,>=3,,absent,severe,slight,<1l,All,,distended large intestine,49.5_to_inf,All,,All,euthanized,yes
no,adult,All,-inf_to_58.0,-inf_to_59.0,cool,normal,normal pink,<3,intermittent mild pain,hypomotile,none,,,All,,,-inf_to_49.5,All,,All,lived,no
no,adult,All,58.0_to_inf,-inf_to_59.0,normal,normal,bright pink,<3,depressed,hypermotile,slight,significant,none,All,normal,firm feces in large intestine,-inf_to_49.5,All,cloudy,All,lived,no
yes,adult,All,58.0_to_inf,-inf_to_59.0,,,,,intermittent severe pain,,,none,none,All,,distended large intestine,-inf_to_49.5,All,cloudy,All,lived,yes
yes,adult,All,-inf_to_58.0,-inf_to_59.0,,,,<3,,,,,,All,,,-inf_to_49.5,All,,All,died,yes
no,adult,All,58.0_to_inf,-inf_to_59.0,cool,,,>=3,intermittent mild pain,hypomotile,slight,slight,none,All,decreased,,-inf_to_49.5,All,clear,All,lived,no
yes,adult,All,58.0_to_inf,-inf_to_59.0,normal,reduced,pale pink,<3,continuous severe pain,hypomotile,none,none,none,All,decreased,,-inf_to_49.5,All,serosanguinous,All,euthanized,yes
yes,adult,All,58.0_to_inf,-inf_to_59.0,normal,normal,bright red,>=3,intermittent mild pain,hypomotile,slight,slight,>1l,All,absent,distended small intestine,49.5_to_inf,All,,All,lived,yes
yes,adult,All,-inf_to_58.0,-inf_to_59.0,normal,normal,normal pink,<3,intermittent mild pain,hypermotile,none,,,All,increased,normal,-inf_to_49.5,All,clear,All,lived,no
no,adult,All,-inf_to_58.0,-inf_to_59.0,normal,normal,normal pink,<3,intermittent mild pain,hypomotile,none,slight,none,All,,normal,-inf_to_49.5,All,,All,lived,no
yes,adult,All,58.0_to_inf,-inf_to_59.0,normal,normal,pale pink,<3,depressed,absent,slight,slight,<1l,All,,distended small intestine,49.5_to_inf,All,,All,lived,yes
yes,adult,All,58.0_to_inf,-inf_to_59.0,,,,>=3,continuous severe pain,,severe,significant,none,All,,distended large intestine,-inf_to_49.5,All,,All,euthanized,yes
no,adult,All,-inf_to_58.0,-inf_to_59.0,normal,normal,pale pink,<3,,hypermotile,none,,,All,normal,,-inf_to_49.5,All,,All,lived,no
yes,adult,All,58.0_to_inf,-inf_to_59.0,cool,reduced,pale pink,<3,depressed,absent,moderate,none,<1l,All,,,49.5_to_inf,All,serosanguinous,All,lived,yes
yes,adult,All,58.0_to_inf,-inf_to_59.0,cool,reduced,bright red,>=3,depressed,absent,moderate,,<1l,All,absent,distended small intestine,49.5_to_inf,All,cloudy,All,died,yes
no,adult,All,58.0_to_inf,-inf_to_59.0,cool,absent,dark cyanotic,,intermittent severe pain,,severe,,,All,,,-inf_to_49.5,All,,All,died,yes
yes,adult,All,58.0_to_inf,-inf_to_59.0,,,,,,,,,,All,,,-inf_to_49.5,All,,All,lived,yes
yes,adult,All,58.0_to_inf,-inf_to_59.0,normal,normal,pale pink,<3,intermittent mild pain,hypomotile,none,slight,none,All,decreased,other,-inf_to_49.5,All,,All,lived,yes
yes,adult,All,58.0_to_inf,-inf_to_59.0,,,pale cyanotic,<3,intermittent severe pain,,,,none,All,,,-inf_to_49.5,All,cloudy,All,died,yes
yes,adult,All,58.0_to_inf,-inf_to_59.0,cool,reduced,pale cyanotic,>=3,continuous severe pain,absent,severe,none,none,All,absent,,-inf_to_49.5,All,serosanguinous,All,lived,yes
no,adult,All,58.0_to_inf,-inf_to_59.0,cool,reduced,bright red,>=3,intermittent severe pain,hypomotile,severe,slight,none,All,absent,distended large intestine,-inf_to_49.5,All,,All,euthanized,no
no,adult,All,-inf_to_58.0,-inf_to_59.0,,,normal pink,<3,intermittent mild pain,,slight,none,<1l,All,normal,,-inf_to_49.5,All,,All,lived,no
yes,adult,All,58.0_to_inf,-inf_to_59.0,cool,reduced,dark cyanotic,>=3,continuous severe pain,,severe,none,none,All,,,49.5_to_inf,All,,All,died,yes
no,adult,All,-inf_to_58.0,-inf_to_59.0,normal,normal,bright pink,<3,depressed,hypermotile,none,slight,none,All,normal,,-inf_to_49.5,All,clear,All,lived,no
no,adult,All,58.0_to_inf,-inf_to_59.0,warm,increased,bright pink,<3,alert no pain,hypermotile,none,significant,none,All,normal,normal,-inf_to_49.5,All,,All,lived,no
yes,adult,All,58.0_to_inf,59.0_to_inf,cold,reduced,dark cyanotic,>=3,,hypomotile,,,,All,,,49.5_to_inf,All,,All,lived,yes
yes,adult,All,58.0_to_inf,59.0_to_inf,warm,reduced,normal pink,<3,,hypomotile,none,none,>1l,All,,,-inf_to_49.5,All,,All,lived,yes
yes,adult,All,58.0_to_inf,-inf_to_59.0,cold,reduced,normal pink,<3,intermittent mild pain,hypomotile,moderate,significant,<1l,All,absent,distended large intestine,-inf_to_49.5,All,serosanguinous,All,lived,yes
yes,adult,All,58.0_to_inf,-inf_to_59.0,normal,normal,,<3,,hypermotile,none,,,All,,,-inf_to_49.5,All,clear,All,lived,yes
yes,adult,All,58.0_to_inf,-inf_to_59.0,cool,normal,normal pink,<3,depressed,hypermotile,none,slight,>1l,All,normal,distended small intestine,-inf_to_49.5,All,clear,All,lived,yes
yes,adult,All,-inf_to_58.0,-inf_to_59.0,,normal,pale cyanotic,<3,intermittent mild pain,hypomotile,none,none,none,All,decreased,firm feces in large intestine,-inf_to_49.5,All,serosanguinous,All,lived,yes
no,young,All,58.0_to_inf,-inf_to_59.0,warm,normal,normal pink,<3,intermittent severe pain,hypermotile,none,,,All,normal,,-inf_to_49.5,All,,All,lived,no
yes,adult,All,-inf_to_58.0,-inf_to_59.0,normal,normal,normal pink,<3,intermittent mild pain,hypomotile,moderate,none,>1l,All,absent,,-inf_to_49.5,All,clear,All,lived,yes
yes,adult,All,58.0_to_inf,-inf_to_59.0,cool,reduced,pale cyanotic,>=3,intermittent severe pain,hypomotile,severe,,,All,,,49.5_to_inf,All,,All,died,yes
no,adult,All,58.0_to_inf,-inf_to_59.0,normal,normal,bright pink,<3,depressed,normal,none,,,All,absent,normal,-inf_to_49.5,All,,All,lived,no
no,adult,All,58.0_to_inf,-inf_to_59.0,normal,normal,bright red,>=3,depressed,normal,none,slight,none,All,increased,firm feces in large intestine,49.5_to_inf,All,cloudy,All,euthanized,no
no,adult,All,58.0_to_inf,-inf_to_59.0,cool,reduced,,>=3,depressed,absent,slight,none,>1l,All,absent,distended large intestine,49.5_to_inf,All,,All,died,yes
no,adult,All,58.0_to_inf,-inf_to_59.0,cool,normal,bright pink,<3,depressed,hypermotile,slight,,,All,decreased,other,-inf_to_49.5,All,,All,lived,no
yes,adult,All,-inf_to_58.0,-inf_to_59.0,normal,,pale pink,<3,intermittent mild pain,hypermotile,moderate,slight,none,All,decreased,firm feces in large intestine,-inf_to_49.5,All,cloudy,All,lived,yes
yes,adult,All,58.0_to_inf,-inf_to_59.0,normal,normal,pale pink,<3,intermittent severe pain,absent,moderate,slight,none,All,decreased,distended large intestine,-inf_to_49.5,All,clear,All,died,yes
yes,adult,All,-inf_to_58.0,-inf_to_59.0,,,,,,,,none,none,All,,distended large intestine,-inf_to_49.5,All,serosanguinous,All,euthanized,yes
no,adult,All,-inf_to_58.0,-inf_to_59.0,normal,normal,normal pink,<3,depressed,hypomotile,none,slight,none,All,absent,normal,-inf_to_49.5,All,,All,lived,no
yes,adult,All,58.0_to_inf,-inf_to_59.0,cool,normal,pale pink,<3,intermittent severe pain,absent,slight,slight,,All,,,-inf_to_49.5,All,clear,All,lived,yes
no,adult,All,58.0_to_inf,-inf_to_59.0,cool,reduced,bright red,>=3,intermittent severe pain,hypomotile,severe,slight,none,All,absent,distended large intestine,-inf_to_49.5,All,,All,euthanized,no
yes,adult,All,58.0_to_inf,-inf_to_59.0,warm,reduced,pale cyanotic,>=3,intermittent severe pain,absent,moderate,slight,none,All,decreased,distended large intestine,49.5_to_inf,All,,All,lived,yes
yes,adult,All,58.0_to_inf,-inf_to_59.0,,,,,,,,,,All,,,-inf_to_49.5,All,,All,died,yes
yes,adult,All,58.0_to_inf,59.0_to_inf,cool,reduced,bright red,>=3,,hypomotile,moderate,slight,<1l,All,absent,distended large intestine,49.5_to_inf,All,,All,euthanized,yes
no,adult,All,-inf_to_58.0,-inf_to_59.0,cool,normal,normal pink,<3,intermittent mild pain,hypermotile,slight,slight,,All,decreased,firm feces in large intestine,-inf_to_49.5,All,clear,All,lived,no
yes,young,All,58.0_to_inf,-inf_to_59.0,normal,reduced,bright pink,>=3,intermittent mild pain,hypomotile,moderate,significant,none,All,,,-inf_to_49.5,All,clear,All,lived,no
no,adult,All,-inf_to_58.0,-inf_to_59.0,warm,normal,normal pink,<3,alert no pain,hypermotile,none,slight,,All,increased,,-inf_to_49.5,All,cloudy,All,lived,no
yes,adult,All,-inf_to_58.0,-inf_to_59.0,normal,normal,normal pink,<3,alert no pain,normal,none,slight,none,All,normal,other,-inf_to_49.5,All,,All,lived,yes
no,adult,All,58.0_to_inf,-inf_to_59.0,,,,,,,,,,All,,,-inf_to_49.5,All,,All,lived,no
yes,adult,All,58.0_to_inf,-inf_to_59.0,,,,>=3,,,,,,All,,,49.5_to_inf,All,,All,lived,yes
yes,adult,All,-inf_to_58.0,-inf_to_59.0,normal,increased,bright pink,<3,depressed,normal,,,,All,,,-inf_to_49.5,All,,All,euthanized,yes
yes,adult,All,-inf_to_58.0,-inf_to_59.0,cool,reduced,pale cyanotic,<3,intermittent mild pain,absent,moderate,slight,none,All,absent,distended small intestine,-inf_to_49.5,All,,All,lived,yes
yes,adult,All,58.0_to_inf,-inf_to_59.0,cold,absent,,>=3,continuous severe pain,absent,,,,All,,,-inf_to_49.5,All,cloudy,All,euthanized,no
yes,adult,All,58.0_to_inf,-inf_to_59.0,cold,reduced,,<3,depressed,absent,moderate,,,All,absent,,-inf_to_49.5,All,cloudy,All,lived,yes
yes,adult,All,58.0_to_inf,-inf_to_59.0,cold,absent,pale cyanotic,<3,depressed,hypomotile,none,slight,none,All,absent,distended small intestine,49.5_to_inf,All,serosanguinous,All,lived,yes
yes,adult,All,58.0_to_inf,-inf_to_59.0,normal,normal,pale pink,<3,intermittent mild pain,hypomotile,slight,slight,,All,absent,distended small intestine,-inf_to_49.5,All,cloudy,All,lived,yes
yes,adult,All,-inf_to_58.0,-inf_to_59.0,normal,normal,normal pink,<3,intermittent mild pain,hypermotile,none,none,none,All,decreased,distended large intestine,-inf_to_49.5,All,,All,lived,yes
no,adult,All,-inf_to_58.0,-inf_to_59.0,normal,normal,normal pink,<3,alert no pain,hypomotile,none,slight,none,All,decreased,other,-inf_to_49.5,All,clear,All,lived,no
yes,adult,All,58.0_to_inf,-inf_to_59.0,cold,reduced,bright red,>=3,depressed,hypomotile,moderate,none,<1l,All,,distended small intestine,49.5_to_inf,All,serosanguinous,All,died,yes
yes,young,All,58.0_to_inf,-inf_to_59.0,,,,,,,,,,All,,,-inf_to_49.5,All,cloudy,All,lived,yes
yes,adult,All,58.0_to_inf,-inf_to_59.0,cool,,dark cyanotic,>=3,continuous severe pain,absent,moderate,slight,>1l,All,normal,distended large intestine,49.5_to_inf,All,serosanguinous,All,euthanized,yes
yes,young,All,58.0_to_inf,59.0_to_inf,,,,,,hypermotile,,slight,,All,normal,,-inf_to_49.5,All,clear,All,lived,yes
yes,adult,All,58.0_to_inf,-inf_to_59.0,cool,reduced,,<3,intermittent severe pain,hypomotile,severe,,,All,,,-inf_to_49.5,All,,All,lived,yes
no,adult,All,58.0_to_inf,-inf_to_59.0,cool,reduced,dark cyanotic,<3,continuous severe pain,absent,none,,<1l,All,absent,,49.5_to_inf,All,,All,died,no
yes,adult,All,-inf_to_58.0,-inf_to_59.0,,,,,,,,,,All,,,-inf_to_49.5,All,,All,lived,yes
yes,adult,All,58.0_to_inf,-inf_to_59.0,cold,reduced,pale pink,>=3,intermittent mild pain,hypomotile,moderate,slight,none,All,decreased,distended large intestine,-inf_to_49.5,All,cloudy,All,lived,yes
yes,adult,All,-inf_to_58.0,-inf_to_59.0,normal,normal,bright red,<3,intermittent severe pain,hypomotile,none,slight,<1l,All,normal,,49.5_to_inf,All,cloudy,All,died,yes
no,adult,All,-inf_to_58.0,-inf_to_59.0,normal,normal,normal pink,<3,intermittent mild pain,hypermotile,slight,,,All,normal,,-inf_to_49.5,All,,All,lived,no
no,adult,All,-inf_to_58.0,-inf_to_59.0,warm,normal,bright red,<3,intermittent mild pain,hypermotile,none,,none,All,,other,-inf_to_49.5,All,serosanguinous,All,lived,no
no,adult,All,58.0_to_inf,-inf_to_59.0,cool,reduced,pale pink,<3,intermittent mild pain,hypomotile,slight,slight,<1l,All,,distended small intestine,-inf_to_49.5,All,serosanguinous,All,euthanized,yes
yes,adult,All,58.0_to_inf,-inf_to_59.0,,normal,,<3,continuous severe pain,hypomotile,,,,All,,distended large intestine,-inf_to_49.5,All,,All,euthanized,yes
yes,adult,All,58.0_to_inf,-inf_to_59.0,cold,reduced,pale cyanotic,>=3,continuous severe pain,absent,severe,,,All,absent,distended large intestine,49.5_to_inf,All,,All,died,yes
yes,adult,All,-inf_to_58.0,-inf_to_59.0,normal,normal,bright pink,<3,alert no pain,normal,none,none,none,All,normal,,-inf_to_49.5,All,,All,lived,no
yes,adult,All,-inf_to_58.0,-inf_to_59.0,normal,normal,pale cyanotic,<3,continuous severe pain,hypomotile,moderate,slight,<1l,All,,distended small intestine,-inf_to_49.5,All,,All,died,yes
yes,adult,All,58.0_to_inf,-inf_to_59.0,normal,,,>=3,,hypomotile,moderate,,,All,normal,,-inf_to_49.5,All,,All,lived,yes
yes,young,All,58.0_to_inf,59.0_to_inf,normal,reduced,bright pink,<3,depressed,hypomotile,severe,,,All,,,-inf_to_49.5,All,clear,All,lived,yes
no,adult,All,58.0_to_inf,-inf_to_59.0,cool,reduced,pale pink,>=3,continuous severe pain,absent,severe,,none,All,absent,distended large intestine,49.5_to_inf,All,,All,died,yes
yes,adult,All,58.0_to_inf,-inf_to_59.0,cool,,pale pink,<3,intermittent severe pain,normal,severe,slight,>1l,All,normal,distended large intestine,-inf_to_49.5,All,clear,All,lived,yes
yes,adult,All,58.0_to_inf,-inf_to_59.0,cool,reduced,pale cyanotic,<3,continuous severe pain,absent,moderate,slight,none,All,decreased,distended small intestine,-inf_to_49.5,All,,All,died,yes
yes,adult,All,58.0_to_inf,59.0_to_inf,warm,reduced,pale cyanotic,<3,intermittent severe pain,hypomotile,moderate,slight,,All,decreased,distended small intestine,-inf_to_49.5,All,serosanguinous,All,lived,yes
no,adult,All,-inf_to_58.0,-inf_to_59.0,warm,,normal pink,>=3,intermittent mild pain,hypomotile,none,slight,none,All,,other,-inf_to_49.5,All,,All,lived,no
yes,adult,All,58.0_to_inf,-inf_to_59.0,cold,absent,dark cyanotic,<3,depressed,absent,none,none,<1l,All,,distended small intestine,49.5_to_inf,All,serosanguinous,All,euthanized,yes
no,adult,All,-inf_to_58.0,-inf_to_59.0,cool,reduced,bright pink,<3,alert no pain,absent,none,none,none,All,,distended large intestine,49.5_to_inf,All,,All,died,yes
yes,young,All,58.0_to_inf,-inf_to_59.0,cool,normal,bright pink,<3,depressed,hypomotile,severe,none,none,All,absent,distended small intestine,49.5_to_inf,All,serosanguinous,All,died,yes
no,adult,All,58.0_to_inf,-inf_to_59.0,cool,reduced,pale cyanotic,>=3,continuous severe pain,absent,slight,,,All,absent,,-inf_to_49.5,All,serosanguinous,All,lived,no
yes,adult,All,58.0_to_inf,-inf_to_59.0,cool,reduced,pale pink,<3,intermittent severe pain,absent,severe,,,All,absent,distended large intestine,-inf_to_49.5,All,,All,lived,yes
yes,young,All,58.0_to_inf,59.0_to_inf,normal,,normal pink,<3,intermittent severe pain,hypermotile,moderate,,,All,increased,,-inf_to_49.5,All,,All,died,yes
yes,adult,All,58.0_to_inf,-inf_to_59.0,warm,normal,normal pink,<3,depressed,hypermotile,none,none,none,All,normal,,-inf_to_49.5,All,cloudy,All,euthanized,yes
yes,adult,All,58.0_to_inf,-inf_to_59.0,cool,reduced,pale cyanotic,<3,,absent,,,<1l,All,,,49.5_to_inf,All,,All,died,yes
no,adult,All,-inf_to_58.0,-inf_to_59.0,normal,normal,normal pink,<3,depressed,hypomotile,slight,slight,none,All,decreased,distended large intestine,-inf_to_49.5,All,clear,All,lived,no
yes,adult,All,58.0_to_inf,-inf_to_59.0,cool,reduced,normal pink,<3,depressed,hypomotile,none,slight,none,All,,,49.5_to_inf,All,serosanguinous,All,died,yes
no,adult,All,-inf_to_58.0,-inf_to_59.0,,normal,normal pink,<3,intermittent severe pain,hypomotile,slight,none,none,All,absent,,-inf_to_49.5,All,,All,lived,no
no,adult,All,-inf_to_58.0,-inf_to_59.0,warm,normal,normal pink,<3,alert no pain,,slight,slight,none,All,,other,-inf_to_49.5,All,,All,lived,no
no,young,All,58.0_to_inf,-inf_to_59.0,,,,,,,,,,All,,,-inf_to_49.5,All,,All,lived,no
yes,adult,All,58.0_to_inf,-inf_to_59.0,,,pale pink,>=3,intermittent severe pain,absent,slight,slight,<1l,All,absent,distended small intestine,-inf_to_49.5,All,serosanguinous,All,died,yes
yes,adult,All,-inf_to_58.0,-inf_to_59.0,cool,normal,bright pink,<3,intermittent mild pain,hypomotile,moderate,slight,none,All,normal,distended large intestine,-inf_to_49.5,All,cloudy,All,lived,yes
no,adult,All,-inf_to_58.0,59.0_to_inf,cool,normal,normal pink,<3,intermittent mild pain,hypomotile,none,slight,none,All,normal,,-inf_to_49.5,All,,All,euthanized,yes
no,adult,All,58.0_to_inf,-inf_to_59.0,warm,normal,pale pink,<3,intermittent mild pain,hypomotile,slight,none,none,All,normal,distended large intestine,-inf_to_49.5,All,clear,All,lived,no
no,adult,All,-inf_to_58.0,-inf_to_59.0,cool,normal,bright pink,<3,depressed,hypomotile,slight,,<1l,All,,distended small intestine,-inf_to_49.5,All,serosanguinous,All,lived,no
yes,adult,All,-inf_to_58.0,-inf_to_59.0,,,normal pink,<3,,hypomotile,,,,All,decreased,,-inf_to_49.5,All,,All,lived,no
yes,adult,All,58.0_to_inf,59.0_to_inf,warm,reduced,normal pink,<3,,hypomotile,none,none,>1l,All,normal,distended large intestine,-inf_to_49.5,All,,All,lived,yes
yes,adult,All,58.0_to_inf,-inf_to_59.0,cool,reduced,normal pink,<3,intermittent mild pain,hypomotile,slight,slight,>1l,All,decreased,distended small intestine,-inf_to_49.5,All,,All,died,yes
yes,adult,All,58.0_to_inf,-inf_to_59.0,cool,reduced,dark cyanotic,<3,continuous severe pain,absent,none,slight,<1l,All,decreased,normal,49.5_to_inf,All,serosanguinous,All,lived,yes
yes,adult,All,58.0_to_inf,-inf_to_59.0,cool,reduced,pale cyanotic,>=3,continuous severe pain,absent,severe,significant,<1l,All,absent,distended small intestine,49.5_to_inf,All,,All,lived,yes
yes,adult,All,58.0_to_inf,-inf_to_59.0,cool,reduced,pale pink,<3,continuous severe pain,hypomotile,moderate,none,none,All,,,49.5_to_inf,All,serosanguinous,All,died,yes
yes,young,All,58.0_to_inf,-inf_to_59.0,normal,reduced,dark cyanotic,>=3,continuous severe pain,hypomotile,slight,none,none,All,,,49.5_to_inf,All,,All,died,yes
yes,adult,All,-inf_to_58.0,-inf_to_59.0,cool,normal,normal pink,<3,intermittent severe pain,normal,slight,significant,<1l,All,decreased,,-inf_to_49.5,All,cloudy,All,euthanized,no
no,adult,All,-inf_to_58.0,-inf_to_59.0,warm,reduced,pale pink,<3,alert no pain,hypomotile,slight,significant,none,All,,,-inf_to_49.5,All,,All,lived,no
no,adult,All,-inf_to_58.0,-inf_to_59.0,normal,normal,normal pink,<3,alert no pain,hypermotile,none,,,All,normal,normal,-inf_to_49.5,All,,All,lived,no
no,adult,All,-inf_to_58.0,-inf_to_59.0,cold,reduced,normal pink,<3,depressed,absent,moderate,slight,>1l,All,,,-inf_to_49.5,All,clear,All,lived,no
yes,adult,All,-inf_to_58.0,-inf_to_59.0,,,normal pink,,alert no pain,hypermotile,,,,All,,,-inf_to_49.5,All,,All,lived,no
no,adult,All,58.0_to_inf,-inf_to_59.0,cool,reduced,bright red,<3,depressed,hypomotile,none,none,none,All,absent,normal,49.5_to_inf,All,,All,died,yes
yes,adult,All,58.0_to_inf,-inf_to_59.0,cool,absent,bright red,>=3,depressed,hypomotile,slight,slight,none,All,absent,distended large intestine,49.5_to_inf,All,,All,died,yes
no,adult,All,-inf_to_58.0,-inf_to_59.0,normal,normal,normal pink,<3,intermittent mild pain,hypermotile,none,slight,none,All,normal,,-inf_to_49.5,All,cloudy,All,lived,no
yes,adult,All,58.0_to_inf,-inf_to_59.0,normal,normal,normal pink,<3,intermittent mild pain,hypomotile,none,slight,none,All,absent,distended large intestine,-inf_to_49.5,All,clear,All,lived,yes
no,adult,All,58.0_to_inf,-inf_to_59.0,cool,normal,normal pink,>=3,intermittent severe pain,,moderate,none,<1l,All,,,49.5_to_inf,All,,All,euthanized,yes
no,young,All,58.0_to_inf,-inf_to_59.0,,,,<3,,,,,,All,,,-inf_to_49.5,All,,All,lived,no
yes,adult,All,58.0_to_inf,-inf_to_59.0,,,,,,,,,,All,,,-inf_to_49.5,All,,All,lived,yes
yes,adult,All,-inf_to_58.0,-inf_to_59.0,,normal,normal pink,<3,intermittent mild pain,normal,slight,,,All,decreased,,-inf_to_49.5,All,clear,All,lived,yes
no,adult,All,-inf_to_58.0,-inf_to_59.0,warm,normal,bright pink,<3,alert no pain,hypermotile,,,,All,normal,normal,-inf_to_49.5,All,,All,lived,no
yes,adult,All,58.0_to_inf,-inf_to_59.0,cool,reduced,pale pink,<3,,hypomotile,,slight,none,All,,distended small intestine,-inf_to_49.5,All,,All,euthanized,no
no,adult,All,-inf_to_58.0,-inf_to_59.0,normal,normal,normal pink,<3,depressed,hypermotile,none,,,All,decreased,other,-inf_to_49.5,All,,All,lived,no
yes,adult,All,58.0_to_inf,59.0_to_inf,cold,,pale cyanotic,>=3,depressed,absent,,,,All,,distended large intestine,49.5_to_inf,All,,All,euthanized,no
no,adult,All,58.0_to_inf,-inf_to_59.0,cool,increased,pale cyanotic,>=3,intermittent severe pain,hypomotile,moderate,significant,none,All,absent,distended small intestine,-inf_to_49.5,All,serosanguinous,All,euthanized,yes
yes,adult,All,58.0_to_inf,-inf_to_59.0,cold,reduced,pale cyanotic,<3,intermittent severe pain,absent,moderate,slight,none,All,decreased,distended large intestine,49.5_to_inf,All,,All,died,yes
yes,adult,All,58.0_to_inf,-inf_to_59.0,cool,reduced,pale pink,<3,intermittent mild pain,hypomotile,moderate,significant,none,All,absent,distended small intestine,49.5_to_inf,All,serosanguinous,All,lived,yes
yes,adult,All,-inf_to_58.0,-inf_to_59.0,,,,,,,,,,All,absent,normal,-inf_to_49.5,All,clear,All,euthanized,no
no,adult,All,-inf_to_58.0,-inf_to_59.0,,normal,bright pink,>=3,intermittent mild pain,absent,none,slight,>1l,All,,other,-inf_to_49.5,All,,All,lived,no
no,adult,All,-inf_to_58.0,-inf_to_59.0,,,normal pink,<3,,hypomotile,,,,All,,,-inf_to_49.5,All,clear,All,lived,no
yes,adult,All,-inf_to_58.0,-inf_to_59.0,,absent,pale pink,>=3,continuous severe pain,absent,severe,none,none,All,decreased,distended large intestine,-inf_to_49.5,All,serosanguinous,All,lived,yes
yes,adult,All,-inf_to_58.0,-inf_to_59.0,cool,normal,pale cyanotic,>=3,intermittent severe pain,absent,moderate,none,none,All,,,-inf_to_49.5,All,serosanguinous,All,euthanized,no
no,adult,All,-inf_to_58.0,-inf_to_59.0,cool,,pale pink,<3,alert no pain,,none,,,All,,other,-inf_to_49.5,All,,All,lived,no
yes,adult,All,58.0_to_inf,-inf_to_59.0,cool,,normal pink,<3,,absent,,significant,>1l,All,,distended large intestine,-inf_to_49.5,All,,All,lived,yes
no,adult,All,-inf_to_58.0,-inf_to_59.0,warm,normal,bright pink,<3,intermittent mild pain,,none,slight,,All,increased,,-inf_to_49.5,All,clear,All,lived,no
,adult,All,58.0_to_inf,-inf_to_59.0,,normal,pale cyanotic,>=3,depressed,,,,,All,,distended large intestine,-inf_to_49.5,All,,All,,yes
no,adult,All,-inf_to_58.0,-inf_to_59.0,cool,reduced,pale pink,>=3,depressed,hypomotile,none,slight,none,All,decreased,,-inf_to_49.5,All,serosanguinous,All,lived,yes
no,adult,All,58.0_to_inf,-inf_to_59.0,cool,normal,bright red,<3,depressed,absent,slight,none,>1l,All,,distended small intestine,49.5_to_inf,All,cloudy,All,died,yes
no,adult,All,58.0_to_inf,-inf_to_59.0,cool,normal,pale pink,>=3,intermittent mild pain,hypomotile,slight,significant,<1l,All,absent,distended small intestine,49.5_to_inf,All,cloudy,All,lived,no
yes,adult,All,58.0_to_inf,-inf_to_59.0,,,pale cyanotic,>=3,continuous severe pain,absent,severe,none,none,All,,distended large intestine,-inf_to_49.5,All,,All,died,no
yes,adult,All,58.0_to_inf,59.0_to_inf,cool,reduced,pale pink,<3,continuous severe pain,absent,severe,slight,>1l,All,absent,distended large intestine,49.5_to_inf,All,serosanguinous,All,died,yes
no,adult,All,58.0_to_inf,-inf_to_59.0,normal,normal,pale pink,<3,intermittent mild pain,,slight,slight,none,All,decreased,distended large intestine,-inf_to_49.5,All,cloudy,All,lived,no
no,young,All,58.0_to_inf,-inf_to_59.0,normal,normal,bright pink,<3,alert no pain,hypomotile,slight,significant,,All,,,-inf_to_49.5,All,clear,All,lived,no
no,adult,All,-inf_to_58.0,-inf_to_59.0,cool,normal,normal pink,<3,depressed,hypermotile,,none,none,All,decreased,other,-inf_to_49.5,All,clear,All,lived,no
yes,adult,All,58.0_to_inf,-inf_to_59.0,warm,reduced,pale pink,<3,intermittent severe pain,hypomotile,moderate,,,All,,,-inf_to_49.5,All,clear,All,died,yes
no,young,All,58.0_to_inf,59.0_to_inf,cold,absent,pale cyanotic,>=3,continuous severe pain,absent,severe,,,All,,,-inf_to_49.5,All,,All,died,yes
yes,adult,All,58.0_to_inf,-inf_to_59.0,,,dark cyanotic,>=3,intermittent severe pain,absent,moderate,none,,All,absent,distended large intestine,49.5_to_inf,All,,All,euthanized,yes
yes,adult,All,58.0_to_inf,-inf_to_59.0,cool,reduced,pale cyanotic,>=3,continuous severe pain,absent,moderate,slight,none,All,absent,distended small intestine,-inf_to_49.5,All,cloudy,All,lived,yes
no,adult,All,-inf_to_58.0,-inf_to_59.0,cool,normal,pale pink,<3,intermittent mild pain,normal,moderate,slight,none,All,,distended large intestine,-inf_to_49.5,All,clear,All,lived,yes
yes,adult,All,58.0_to_inf,-inf_to_59.0,cool,normal,bright red,>=3,intermittent severe pain,hypomotile,moderate,slight,<1l,All,absent,distended small intestine,-inf_to_49.5,All,serosanguinous,All,died,yes
yes,adult,All,58.0_to_inf,-inf_to_59.0,cold,,pale cyanotic,>=3,continuous severe pain,hypomotile,none,none,<1l,All,,distended small intestine,49.5_to_inf,All,,All,died,yes
no,adult,All,-inf_to_58.0,-inf_to_59.0,normal,normal,normal pink,<3,alert no pain,hypomotile,none,,,All,normal,firm feces in large intestine,-inf_to_49.5,All,,All,lived,no
no,adult,All,-inf_to_58.0,-inf_to_59.0,warm,normal,pale pink,<3,intermittent mild pain,hypomotile,none,,,All,normal,firm feces in large intestine,-inf_to_49.5,All,,All,lived,no
no,adult,All,-inf_to_58.0,-inf_to_59.0,warm,normal,pale pink,<3,alert no pain,hypomotile,slight,slight,none,All,decreased,distended large intestine,-inf_to_49.5,All,clear,All,lived,no
yes,adult,All,58.0_to_inf,-inf_to_59.0,normal,,pale pink,<3,depressed,hypermotile,none,none,none,All,absent,distended small intestine,-inf_to_49.5,All,cloudy,All,lived,yes
no,adult,All,-inf_to_58.0,-inf_to_59.0,normal,normal,normal pink,,intermittent mild pain,normal,none,none,none,All,decreased,firm feces in large intestine,-inf_to_49.5,All,,All,lived,no
yes,adult,All,58.0_to_inf,-inf_to_59.0,,normal,normal pink,,depressed,hypomotile,,,,All,absent,distended small intestine,-inf_to_49.5,All,,All,lived,yes
no,adult,All,-inf_to_58.0,-inf_to_59.0,normal,normal,normal pink,<3,,hypermotile,none,slight,none,All,absent,firm feces in large intestine,-inf_to_49.5,All,,All,lived,no
yes,adult,All,58.0_to_inf,-inf_to_59.0,cold,reduced,bright red,>=3,depressed,absent,moderate,slight,<1l,All,,,49.5_to_inf,All,serosanguinous,All,lived,no
no,adult,All,58.0_to_inf,-inf_to_59.0,,,dark cyanotic,,,,,,,All,,,-inf_to_49.5,All,,All,died,no
yes,adult,All,58.0_to_inf,-inf_to_59.0,cool,reduced,pale pink,<3,,,,,,All,,,-inf_to_49.5,All,,All,lived,yes
yes,adult,All,58.0_to_inf,-inf_to_59.0,cool,normal,normal pink,<3,depressed,hypomotile,moderate,none,<1l,All,absent,distended small intestine,-inf_to_49.5,All,cloudy,All,died,yes
yes,adult,All,-inf_to_58.0,-inf_to_59.0,normal,normal,normal pink,<3,alert no pain,hypermotile,none,,,All,normal,normal,-inf_to_49.5,All,cloudy,All,lived,yes
no,adult,All,-inf_to_58.0,-inf_to_59.0,normal,normal,normal pink,<3,intermittent mild pain,hypomotile,slight,,,All,,,-inf_to_49.5,All,cloudy,All,lived,no
no,adult,All,-inf_to_58.0,-inf_to_59.0,normal,normal,pale pink,<3,alert no pain,hypomotile,none,,,All,normal,,-inf_to_49.5,All,clear,All,lived,no
no,adult,All,-inf_to_58.0,-inf_to_59.0,cool,reduced,pale pink,,,hypermotile,none,slight,none,All,absent,,-inf_to_49.5,All,cloudy,All,lived,no
no,adult,All,-inf_to_58.0,-inf_to_59.0,cool,reduced,bright pink,>=3,depressed,absent,none,slight,,All,absent,,-inf_to_49.5,All,,All,lived,no
yes,adult,All,-inf_to_58.0,59.0_to_inf,normal,normal,pale pink,<3,,absent,none,slight,none,All,normal,distended small intestine,-inf_to_49.5,All,clear,All,lived,yes
yes,adult,All,-inf_to_58.0,-inf_to_59.0,warm,normal,bright pink,<3,depressed,hypomotile,moderate,,<1l,All,absent,distended large intestine,-inf_to_49.5,All,,All,lived,yes
yes,adult,All,58.0_to_inf,-inf_to_59.0,warm,,pale cyanotic,<3,intermittent mild pain,,moderate,,>1l,All,decreased,distended small intestine,49.5_to_inf,All,cloudy,All,lived,yes
no,adult,All,58.0_to_inf,-inf_to_59.0,cool,,pale pink,>=3,depressed,normal,none,,,All,,firm feces in large intestine,-inf_to_49.5,All,serosanguinous,All,lived,no
yes,adult,All,58.0_to_inf,-inf_to_59.0,cool,reduced,pale pink,<3,intermittent severe pain,absent,moderate,slight,none,All,decreased,distended large intestine,-inf_to_49.5,All,serosanguinous,All,lived,yes
yes,adult,All,-inf_to_58.0,-inf_to_59.0,cool,normal,normal pink,>=3,alert no pain,hypermotile,none,,,All,absent,other,-inf_to_49.5,All,serosanguinous,All,lived,yes
yes,adult,All,-inf_to_58.0,-inf_to_59.0,cool,normal,normal pink,<3,intermittent severe pain,hypomotile,none,,,All,decreased,,-inf_to_49.5,All,,All,lived,yes
yes,adult,All,58.0_to_inf,59.0_to_inf,cool,normal,pale cyanotic,<3,depressed,hypomotile,moderate,,<1l,All,absent,distended small intestine,49.5_to_inf,All,serosanguinous,All,euthanized,yes
yes,young,All,58.0_to_inf,59.0_to_inf,cold,absent,dark cyanotic,,intermittent mild pain,hypomotile,moderate,,,All,normal,,49.5_to_inf,All,serosanguinous,All,died,yes
no,adult,All,58.0_to_inf,-inf_to_59.0,normal,normal,pale pink,<3,depressed,hypomotile,slight,none,>1l,All,decreased,,-inf_to_49.5,All,,All,euthanized,no
yes,adult,All,-inf_to_58.0,-inf_to_59.0,warm,,pale pink,<3,depressed,hypomotile,,,,All,,,-inf_to_49.5,All,,All,euthanized,yes
yes,adult,All,-inf_to_58.0,-inf_to_59.0,normal,normal,normal pink,<3,alert no pain,normal,none,none,none,All,normal,distended large intestine,-inf_to_49.5,All,,All,lived,yes
no,adult,All,-inf_to_58.0,59.0_to_inf,,,normal pink,<3,,,,,,All,,,-inf_to_49.5,All,,All,lived,yes
no,adult,All,-inf_to_58.0,-inf_to_59.0,cool,,normal pink,<3,intermittent mild pain,absent,moderate,slight,>1l,All,absent,distended large intestine,-inf_to_49.5,All,cloudy,All,lived,yes
yes,adult,All,58.0_to_inf,-inf_to_59.0,cold,reduced,,>=3,depressed,absent,none,,,All,,,49.5_to_inf,All,serosanguinous,All,lived,yes
yes,adult,All,-inf_to_58.0,-inf_to_59.0,cool,normal,pale pink,<3,intermittent severe pain,hypermotile,none,none,none,All,,,-inf_to_49.5,All,,All,euthanized,yes
yes,adult,All,58.0_to_inf,-inf_to_59.0,normal,normal,pale pink,<3,intermittent mild pain,hypomotile,moderate,slight,<1l,All,absent,distended large intestine,-inf_to_49.5,All,,All,lived,yes
no,adult,All,-inf_to_58.0,-inf_to_59.0,cool,normal,normal pink,<3,alert no pain,hypermotile,slight,slight,none,All,decreased,other,-inf_to_49.5,All,cloudy,All,lived,no
yes,young,All,58.0_to_inf,59.0_to_inf,cold,absent,dark cyanotic,,intermittent mild pain,hypomotile,moderate,,,All,normal,,49.5_to_inf,All,serosanguinous,All,died,yes
no,adult,All,-inf_to_58.0,-inf_to_59.0,normal,normal,normal pink,<3,alert no pain,hypomotile,none,,,All,decreased,firm feces in large intestine,-inf_to_49.5,All,,All,lived,no
yes,adult,All,58.0_to_inf,-inf_to_59.0,normal,normal,bright pink,<3,depressed,hypermotile,none,none,none,All,normal,distended small intestine,-inf_to_49.5,All,serosanguinous,All,euthanized,yes
no,adult,All,-inf_to_58.0,-inf_to_59.0,cool,,pale pink,<3,alert no pain,hypermotile,none,,,All,,normal,-inf_to_49.5,All,,All,lived,no
no,adult,All,58.0_to_inf,-inf_to_59.0,cool,normal,normal pink,<3,intermittent mild pain,hypomotile,slight,none,<1l,All,,,-inf_to_49.5,All,,All,died,yes
