plas,preg,mass,insu,skin,pedi,age,pres,class
127.5_to_154.5,-inf_to_6.5,26.35_to_inf,-inf_to_15.0,All,0.5015_to_inf,28.5_to_inf,All,tested_positive
-inf_to_99.5,-inf_to_6.5,26.35_to_inf,-inf_to_15.0,All,-inf_to_0.5015,28.5_to_inf,All,tested_negative
154.5_to_inf,6.5_to_inf,-inf_to_26.35,-inf_to_15.0,All,0.5015_to_inf,28.5_to_inf,All,tested_positive
127.5_to_154.5,-inf_to_6.5,26.35_to_inf,143.0_to_inf,All,0.5015_to_inf,28.5_to_inf,All,tested_positive
99.5_to_127.5,-inf_to_6.5,-inf_to_26.35,-inf_to_15.0,All,-inf_to_0.5015,28.5_to_inf,All,tested_negative
-inf_to_99.5,-inf_to_6.5,26.35_to_inf,87.5_to_143.0,All,-inf_to_0.5015,-inf_to_28.5,All,tested_positive
99.5_to_127.5,6.5_to_inf,26.35_to_inf,-inf_to_15.0,All,-inf_to_0.5015,28.5_to_inf,All,tested_negative
154.5_to_inf,-inf_to_6.5,26.35_to_inf,143.0_to_inf,All,-inf_to_0.5015,28.5_to_inf,All,tested_positive
99.5_to_127.5,-inf_to_6.5,26.35_to_inf,-inf_to_15.0,All,-inf_to_0.5015,28.5_to_inf,All,tested_negative
154.5_to_inf,6.5_to_inf,26.35_to_inf,-inf_to_15.0,All,0.5015_to_inf,28.5_to_inf,All,tested_positive
127.5_to_154.5,6.5_to_inf,26.35_to_inf,-inf_to_15.0,All,0.5015_to_inf,28.5_to_inf,All,tested_negative
154.5_to_inf,-inf_to_6.5,26.35_to_inf,143.0_to_inf,All,-inf_to_0.5015,28.5_to_inf,All,tested_positive
154.5_to_inf,-inf_to_6.5,-inf_to_26.35,143.0_to_inf,All,0.5015_to_inf,28.5_to_inf,All,tested_positive
99.5_to_127.5,6.5_to_inf,26.35_to_inf,-inf_to_15.0,All,-inf_to_0.5015,28.5_to_inf,All,tested_positive
99.5_to_127.5,-inf_to_6.5,26.35_to_inf,143.0_to_inf,All,0.5015_to_inf,28.5_to_inf,All,tested_positive
99.5_to_127.5,-inf_to_6.5,26.35_to_inf,15.0_to_87.5,All,-inf_to_0.5015,28.5_to_inf,All,tested_negative
99.5_to_127.5,-inf_to_6.5,26.35_to_inf,87.5_to_143.0,All,0.5015_to_inf,28.5_to_inf,All,tested_positive
99.5_to_127.5,-inf_to_6.5,26.35_to_inf,143.0_to_inf,All,0.5015_to_inf,-inf_to_28.5,All,tested_negative
-inf_to_99.5,6.5_to_inf,26.35_to_inf,-inf_to_15.0,All,-inf_to_0.5015,28.5_to_inf,All,tested_negative
127.5_to_154.5,6.5_to_inf,26.35_to_inf,143.0_to_inf,All,-inf_to_0.5015,28.5_to_inf,All,tested_positive
127.5_to_154.5,6.5_to_inf,26.35_to_inf,-inf_to_15.0,All,-inf_to_0.5015,28.5_to_inf,All,tested_positive
-inf_to_99.5,-inf_to_6.5,-inf_to_26.35,87.5_to_143.0,All,-inf_to_0.5015,-inf_to_28.5,All,tested_negative
127.5_to_154.5,6.5_to_inf,-inf_to_26.35,87.5_to_143.0,All,-inf_to_0.5015,28.5_to_inf,All,tested_negative
99.5_to_127.5,-inf_to_6.5,26.35_to_inf,-inf_to_15.0,All,-inf_to_0.5015,28.5_to_inf,All,tested_negative
99.5_to_127.5,-inf_to_6.5,26.35_to_inf,-inf_to_15.0,All,0.5015_to_inf,28.5_to_inf,All,tested_negative
154.5_to_inf,-inf_to_6.5,26.35_to_inf,143.0_to_inf,All,0.5015_to_inf,-inf_to_28.5,All,tested_positive
-inf_to_99.5,-inf_to_6.5,-inf_to_26.35,15.0_to_87.5,All,-inf_to_0.5015,-inf_to_28.5,All,tested_negative
-inf_to_99.5,-inf_to_6.5,-inf_to_26.35,-inf_to_15.0,All,-inf_to_0.5015,-inf_to_28.5,All,tested_negative
99.5_to_127.5,-inf_to_6.5,-inf_to_26.35,143.0_to_inf,All,0.5015_to_inf,28.5_to_inf,All,tested_negative
127.5_to_154.5,6.5_to_inf,26.35_to_inf,-inf_to_15.0,All,-inf_to_0.5015,28.5_to_inf,All,tested_negative
99.5_to_127.5,6.5_to_inf,26.35_to_inf,-inf_to_15.0,All,0.5015_to_inf,28.5_to_inf,All,tested_positive
-inf_to_99.5,-inf_to_6.5,26.35_to_inf,-inf_to_15.0,All,0.5015_to_inf,-inf_to_28.5,All,tested_positive
99.5_to_127.5,-inf_to_6.5,26.35_to_inf,143.0_to_inf,All,0.5015_to_inf,28.5_to_inf,All,tested_positive
154.5_to_inf,-inf_to_6.5,26.35_to_inf,15.0_to_87.5,All,-inf_to_0.5015,-inf_to_28.5,All,tested_negative
127.5_to_154.5,6.5_to_inf,26.35_to_inf,-inf_to_15.0,All,0.5015_to_inf,28.5_to_inf,All,tested_negative
99.5_to_127.5,6.5_to_inf,-inf_to_26.35,-inf_to_15.0,All,-inf_to_0.5015,28.5_to_inf,All,tested_negative
154.5_to_inf,6.5_to_inf,26.35_to_inf,143.0_to_inf,All,0.5015_to_inf,28.5_to_inf,All,tested_positive
154.5_to_inf,-inf_to_6.5,26.35_to_inf,-inf_to_15.0,All,0.5015_to_inf,-inf_to_28.5,All,tested_positive
127.5_to_154.5,-inf_to_6.5,26.35_to_inf,-inf_to_15.0,All,0.5015_to_inf,28.5_to_inf,All,tested_negative
-inf_to_99.5,-inf_to_6.5,26.35_to_inf,-inf_to_15.0,All,0.5015_to_inf,-inf_to_28.5,All,tested_negative
99.5_to_127.5,6.5_to_inf,26.35_to_inf,-inf_to_15.0,All,-inf_to_0.5015,28.5_to_inf,All,tested_positive
99.5_to_127.5,6.5_to_inf,-inf_to_26.35,-inf_to_15.0,All,-inf_to_0.5015,-inf_to_28.5,All,tested_negative
99.5_to_127.5,-inf_to_6.5,-inf_to_26.35,15.0_to_87.5,All,-inf_to_0.5015,-inf_to_28.5,All,tested_negative
99.5_to_127.5,-inf_to_6.5,-inf_to_26.35,15.0_to_87.5,All,0.5015_to_inf,-inf_to_28.5,All,tested_negative
-inf_to_99.5,-inf_to_6.5,-inf_to_26.35,15.0_to_87.5,All,-inf_to_0.5015,28.5_to_inf,All,tested_negative
154.5_to_inf,6.5_to_inf,26.35_to_inf,143.0_to_inf,All,-inf_to_0.5015,28.5_to_inf,All,tested_positive
127.5_to_154.5,6.5_to_inf,26.35_to_inf,143.0_to_inf,All,0.5015_to_inf,28.5_to_inf,All,tested_negative
-inf_to_99.5,-inf_to_6.5,-inf_to_26.35,-inf_to_15.0,All,-inf_to_0.5015,-inf_to_28.5,All,tested_negative
154.5_to_inf,6.5_to_inf,26.35_to_inf,143.0_to_inf,All,-inf_to_0.5015,28.5_to_inf,All,tested_positive
99.5_to_127.5,-inf_to_6.5,26.35_to_inf,87.5_to_143.0,All,0.5015_to_inf,28.5_to_inf,All,tested_negative
127.5_to_154.5,-inf_to_6.5,26.35_to_inf,-inf_to_15.0,All,0.5015_to_inf,28.5_to_inf,All,tested_negative
99.5_to_127.5,-inf_to_6.5,26.35_to_inf,87.5_to_143.0,All,-inf_to_0.5015,-inf_to_28.5,All,tested_negative
-inf_to_99.5,-inf_to_6.5,-inf_to_26.35,-inf_to_15.0,All,-inf_to_0.5015,-inf_to_28.5,All,tested_negative
127.5_to_154.5,6.5_to_inf,26.35_to_inf,-inf_to_15.0,All,-inf_to_0.5015,28.5_to_inf,All,tested_positive
-inf_to_99.5,-inf_to_6.5,-inf_to_26.35,-inf_to_15.0,All,0.5015_to_inf,28.5_to_inf,All,tested_negative
127.5_to_154.5,-inf_to_6.5,-inf_to_26.35,87.5_to_143.0,All,0.5015_to_inf,-inf_to_28.5,All,tested_negative
99.5_to_127.5,6.5_to_inf,26.35_to_inf,-inf_to_15.0,All,-inf_to_0.5015,28.5_to_inf,All,tested_positive
-inf_to_99.5,-inf_to_6.5,26.35_to_inf,-inf_to_15.0,All,-inf_to_0.5015,28.5_to_inf,All,tested_negative
99.5_to_127.5,-inf_to_6.5,26.35_to_inf,-inf_to_15.0,All,0.5015_to_inf,28.5_to_inf,All,tested_positive
-inf_to_99.5,-inf_to_6.5,-inf_to_26.35,15.0_to_87.5,All,-inf_to_0.5015,-inf_to_28.5,All,tested_negative
127.5_to_154.5,-inf_to_6.5,26.35_to_inf,87.5_to_143.0,All,-inf_to_0.5015,-inf_to_28.5,All,tested_negative
99.5_to_127.5,-inf_to_6.5,26.35_to_inf,87.5_to_143.0,All,0.5015_to_inf,-inf_to_28.5,All,tested_positive
127.5_to_154.5,-inf_to_6.5,26.35_to_inf,87.5_to_143.0,All,-inf_to_0.5015,-inf_to_28.5,All,tested_negative
127.5_to_154.5,-inf_to_6.5,26.35_to_inf,143.0_to_inf,All,-inf_to_0.5015,-inf_to_28.5,All,tested_negative
-inf_to_99.5,-inf_to_6.5,26.35_to_inf,-inf_to_15.0,All,-inf_to_0.5015,-inf_to_28.5,All,tested_negative
-inf_to_99.5,-inf_to_6.5,-inf_to_26.35,-inf_to_15.0,All,-inf_to_0.5015,-inf_to_28.5,All,tested_negative
-inf_to_99.5,6.5_to_inf,26.35_to_inf,-inf_to_15.0,All,-inf_to_0.5015,28.5_to_inf,All,tested_negative
127.5_to_154.5,-inf_to_6.5,26.35_to_inf,-inf_to_15.0,All,-inf_to_0.5015,-inf_to_28.5,All,tested_positive
99.5_to_127.5,-inf_to_6.5,-inf_to_26.35,-inf_to_15.0,All,-inf_to_0.5015,-inf_to_28.5,All,tested_negative
-inf_to_99.5,-inf_to_6.5,-inf_to_26.35,-inf_to_15.0,All,-inf_to_0.5015,-inf_to_28.5,All,tested_negative
-inf_to_99.5,6.5_to_inf,26.35_to_inf,15.0_to_87.5,All,0.5015_to_inf,28.5_to_inf,All,tested_negative
99.5_to_127.5,-inf_to_6.5,-inf_to_26.35,-inf_to_15.0,All,-inf_to_0.5015,-inf_to_28.5,All,tested_negative
127.5_to_154.5,-inf_to_6.5,26.35_to_inf,-inf_to_15.0,All,-inf_to_0.5015,28.5_to_inf,All,tested_positive
99.5_to_127.5,-inf_to_6.5,26.35_to_inf,87.5_to_143.0,All,0.5015_to_inf,-inf_to_28.5,All,tested_negative
99.5_to_127.5,6.5_to_inf,26.35_to_inf,-inf_to_15.0,All,-inf_to_0.5015,28.5_to_inf,All,tested_negative
99.5_to_127.5,-inf_to_6.5,26.35_to_inf,15.0_to_87.5,All,-inf_to_0.5015,-inf_to_28.5,All,tested_negative
127.5_to_154.5,6.5_to_inf,26.35_to_inf,87.5_to_143.0,All,-inf_to_0.5015,28.5_to_inf,All,tested_positive
99.5_to_127.5,-inf_to_6.5,26.35_to_inf,-inf_to_15.0,All,-inf_to_0.5015,-inf_to_28.5,All,tested_negative
-inf_to_99.5,-inf_to_6.5,-inf_to_26.35,-inf_to_15.0,All,-inf_to_0.5015,-inf_to_28.5,All,tested_negative
99.5_to_127.5,-inf_to_6.5,26.35_to_inf,143.0_to_inf,All,-inf_to_0.5015,28.5_to_inf,All,tested_negative
-inf_to_99.5,6.5_to_inf,26.35_to_inf,15.0_to_87.5,All,-inf_to_0.5015,28.5_to_inf,All,tested_negative
127.5_to_154.5,-inf_to_6.5,-inf_to_26.35,-inf_to_15.0,All,-inf_to_0.5015,28.5_to_inf,All,tested_positive
127.5_to_154.5,-inf_to_6.5,-inf_to_26.35,15.0_to_87.5,All,0.5015_to_inf,-inf_to_28.5,All,tested_negative
127.5_to_154.5,-inf_to_6.5,26.35_to_inf,143.0_to_inf,All,-inf_to_0.5015,28.5_to_inf,All,tested_negative
-inf_to_99.5,-inf_to_6.5,26.35_to_inf,-inf_to_15.0,All,-inf_to_0.5015,-inf_to_28.5,All,tested_negative
-inf_to_99.5,-inf_to_6.5,-inf_to_26.35,15.0_to_87.5,All,-inf_to_0.5015,-inf_to_28.5,All,tested_negative
-inf_to_99.5,-inf_to_6.5,26.35_to_inf,15.0_to_87.5,All,-inf_to_0.5015,-inf_to_28.5,All,tested_negative
154.5_to_inf,-inf_to_6.5,26.35_to_inf,-inf_to_15.0,All,0.5015_to_inf,28.5_to_inf,All,tested_positive
127.5_to_154.5,-inf_to_6.5,-inf_to_26.35,-inf_to_15.0,All,-inf_to_0.5015,-inf_to_28.5,All,tested_negative
99.5_to_127.5,-inf_to_6.5,-inf_to_26.35,-inf_to_15.0,All,-inf_to_0.5015,-inf_to_28.5,All,tested_negative
-inf_to_99.5,-inf_to_6.5,26.35_to_inf,15.0_to_87.5,All,-inf_to_0.5015,-inf_to_28.5,All,tested_negative
-inf_to_99.5,-inf_to_6.5,26.35_to_inf,-inf_to_15.0,All,0.5015_to_inf,-inf_to_28.5,All,tested_negative
99.5_to_127.5,-inf_to_6.5,26.35_to_inf,143.0_to_inf,All,0.5015_to_inf,-inf_to_28.5,All,tested_negative
-inf_to_99.5,-inf_to_6.5,-inf_to_26.35,-inf_to_15.0,All,-inf_to_0.5015,-inf_to_28.5,All,tested_negative
127.5_to_154.5,-inf_to_6.5,26.35_to_inf,87.5_to_143.0,All,-inf_to_0.5015,28.5_to_inf,All,tested_negative
-inf_to_99.5,-inf_to_6.5,26.35_to_inf,15.0_to_87.5,All,-inf_to_0.5015,-inf_to_28.5,All,tested_negative
-inf_to_99.5,-inf_to_6.5,26.35_to_inf,15.0_to_87.5,All,-inf_to_0.5015,-inf_to_28.5,All,tested_positive
154.5_to_inf,-inf_to_6.5,26.35_to_inf,87.5_to_143.0,All,-inf_to_0.5015,-inf_to_28.5,All,tested_positive
-inf_to_99.5,-inf_to_6.5,26.35_to_inf,15.0_to_87.5,All,-inf_to_0.5015,-inf_to_28.5,All,tested_negative
-inf_to_99.5,-inf_to_6.5,26.35_to_inf,-inf_to_15.0,All,-inf_to_0.5015,-inf_to_28.5,All,tested_negative
127.5_to_154.5,-inf_to_6.5,26.35_to_inf,-inf_to_15.0,All,0.5015_to_inf,28.5_to_inf,All,tested_positive
-inf_to_99.5,-inf_to_6.5,26.35_to_inf,-inf_to_15.0,All,0.5015_to_inf,-inf_to_28.5,All,tested_negative
-inf_to_99.5,-inf_to_6.5,26.35_to_inf,-inf_to_15.0,All,-inf_to_0.5015,-inf_to_28.5,All,tested_negative
-inf_to_99.5,-inf_to_6.5,-inf_to_26.35,15.0_to_87.5,All,-inf_to_0.5015,-inf_to_28.5,All,tested_negative
154.5_to_inf,-inf_to_6.5,26.35_to_inf,87.5_to_143.0,All,0.5015_to_inf,-inf_to_28.5,All,tested_positive
99.5_to_127.5,-inf_to_6.5,26.35_to_inf,87.5_to_143.0,All,-inf_to_0.5015,-inf_to_28.5,All,tested_negative
127.5_to_154.5,-inf_to_6.5,26.35_to_inf,-inf_to_15.0,All,-inf_to_0.5015,28.5_to_inf,All,tested_negative
99.5_to_127.5,-inf_to_6.5,26.35_to_inf,-inf_to_15.0,All,-inf_to_0.5015,-inf_to_28.5,All,tested_positive
-inf_to_99.5,-inf_to_6.5,26.35_to_inf,87.5_to_143.0,All,-inf_to_0.5015,-inf_to_28.5,All,tested_positive
99.5_to_127.5,-inf_to_6.5,26.35_to_inf,87.5_to_143.0,All,-inf_to_0.5015,28.5_to_inf,All,tested_negative
99.5_to_127.5,-inf_to_6.5,26.35_to_inf,87.5_to_143.0,All,-inf_to_0.5015,-inf_to_28.5,All,tested_negative
99.5_to_127.5,-inf_to_6.5,26.35_to_inf,143.0_to_inf,All,-inf_to_0.5015,28.5_to_inf,All,tested_positive
99.5_to_127.5,-inf_to_6.5,26.35_to_inf,-inf_to_15.0,All,0.5015_to_inf,28.5_to_inf,All,tested_positive
154.5_to_inf,-inf_to_6.5,26.35_to_inf,143.0_to_inf,All,-inf_to_0.5015,28.5_to_inf,All,tested_positive
99.5_to_127.5,6.5_to_inf,26.35_to_inf,-inf_to_15.0,All,0.5015_to_inf,28.5_to_inf,All,tested_positive
154.5_to_inf,-inf_to_6.5,26.35_to_inf,143.0_to_inf,All,-inf_to_0.5015,28.5_to_inf,All,tested_positive
-inf_to_99.5,6.5_to_inf,26.35_to_inf,-inf_to_15.0,All,-inf_to_0.5015,28.5_to_inf,All,tested_negative
-inf_to_99.5,-inf_to_6.5,-inf_to_26.35,15.0_to_87.5,All,0.5015_to_inf,-inf_to_28.5,All,tested_negative
99.5_to_127.5,-inf_to_6.5,26.35_to_inf,87.5_to_143.0,All,-inf_to_0.5015,28.5_to_inf,All,tested_negative
99.5_to_127.5,-inf_to_6.5,26.35_to_inf,15.0_to_87.5,All,0.5015_to_inf,-inf_to_28.5,All,tested_negative
-inf_to_99.5,-inf_to_6.5,26.35_to_inf,87.5_to_143.0,All,0.5015_to_inf,-inf_to_28.5,All,tested_negative
127.5_to_154.5,-inf_to_6.5,26.35_to_inf,-inf_to_15.0,All,0.5015_to_inf,28.5_to_inf,All,tested_negative
99.5_to_127.5,-inf_to_6.5,26.35_to_inf,143.0_to_inf,All,-inf_to_0.5015,-inf_to_28.5,All,tested_negative
127.5_to_154.5,-inf_to_6.5,-inf_to_26.35,-inf_to_15.0,All,-inf_to_0.5015,28.5_to_inf,All,tested_negative
99.5_to_127.5,-inf_to_6.5,26.35_to_inf,-inf_to_15.0,All,-inf_to_0.5015,28.5_to_inf,All,tested_negative
99.5_to_127.5,6.5_to_inf,26.35_to_inf,-inf_to_15.0,All,-inf_to_0.5015,28.5_to_inf,All,tested_positive
127.5_to_154.5,-inf_to_6.5,26.35_to_inf,143.0_to_inf,All,-inf_to_0.5015,-inf_to_28.5,All,tested_negative
99.5_to_127.5,-inf_to_6.5,-inf_to_26.35,-inf_to_15.0,All,0.5015_to_inf,-inf_to_28.5,All,tested_negative
-inf_to_99.5,6.5_to_inf,26.35_to_inf,-inf_to_15.0,All,-inf_to_0.5015,28.5_to_inf,All,tested_negative
99.5_to_127.5,-inf_to_6.5,26.35_to_inf,87.5_to_143.0,All,0.5015_to_inf,28.5_to_inf,All,tested_negative
127.5_to_154.5,-inf_to_6.5,26.35_to_inf,-inf_to_15.0,All,-inf_to_0.5015,28.5_to_inf,All,tested_negative
127.5_to_154.5,-inf_to_6.5,26.35_to_inf,143.0_to_inf,All,-inf_to_0.5015,-inf_to_28.5,All,tested_negative
99.5_to_127.5,-inf_to_6.5,-inf_to_26.35,-inf_to_15.0,All,-inf_to_0.5015,28.5_to_inf,All,tested_negative
154.5_to_inf,6.5_to_inf,26.35_to_inf,143.0_to_inf,All,0.5015_to_inf,28.5_to_inf,All,tested_positive
127.5_to_154.5,-inf_to_6.5,26.35_to_inf,143.0_to_inf,All,0.5015_to_inf,-inf_to_28.5,All,tested_negative
127.5_to_154.5,6.5_to_inf,26.35_to_inf,-inf_to_15.0,All,-inf_to_0.5015,28.5_to_inf,All,tested_positive
-inf_to_99.5,-inf_to_6.5,-inf_to_26.35,87.5_to_143.0,All,0.5015_to_inf,-inf_to_28.5,All,tested_negative
99.5_to_127.5,-inf_to_6.5,-inf_to_26.35,87.5_to_143.0,All,0.5015_to_inf,-inf_to_28.5,All,tested_negative
127.5_to_154.5,-inf_to_6.5,26.35_to_inf,-inf_to_15.0,All,-inf_to_0.5015,28.5_to_inf,All,tested_negative
99.5_to_127.5,6.5_to_inf,26.35_to_inf,87.5_to_143.0,All,-inf_to_0.5015,28.5_to_inf,All,tested_negative
99.5_to_127.5,-inf_to_6.5,26.35_to_inf,143.0_to_inf,All,-inf_to_0.5015,-inf_to_28.5,All,tested_negative
99.5_to_127.5,-inf_to_6.5,26.35_to_inf,-inf_to_15.0,All,-inf_to_0.5015,-inf_to_28.5,All,tested_negative
127.5_to_154.5,-inf_to_6.5,26.35_to_inf,-inf_to_15.0,All,0.5015_to_inf,28.5_to_inf,All,tested_positive
99.5_to_127.5,-inf_to_6.5,26.35_to_inf,143.0_to_inf,All,0.5015_to_inf,28.5_to_inf,All,tested_positive
127.5_to_154.5,-inf_to_6.5,26.35_to_inf,-inf_to_15.0,All,-inf_to_0.5015,-inf_to_28.5,All,tested_negative
99.5_to_127.5,-inf_to_6.5,26.35_to_inf,-inf_to_15.0,All,-inf_to_0.5015,28.5_to_inf,All,tested_negative
99.5_to_127.5,-inf_to_6.5,26.35_to_inf,15.0_to_87.5,All,-inf_to_0.5015,28.5_to_inf,All,tested_negative
99.5_to_127.5,-inf_to_6.5,26.35_to_inf,-inf_to_15.0,All,-inf_to_0.5015,28.5_to_inf,All,tested_positive
-inf_to_99.5,-inf_to_6.5,26.35_to_inf,-inf_to_15.0,All,0.5015_to_inf,-inf_to_28.5,All,tested_negative
-inf_to_99.5,-inf_to_6.5,26.35_to_inf,15.0_to_87.5,All,0.5015_to_inf,-inf_to_28.5,All,tested_negative
-inf_to_99.5,-inf_to_6.5,26.35_to_inf,15.0_to_87.5,All,-inf_to_0.5015,28.5_to_inf,All,tested_negative
154.5_to_inf,6.5_to_inf,26.35_to_inf,87.5_to_143.0,All,0.5015_to_inf,28.5_to_inf,All,tested_positive
-inf_to_99.5,-inf_to_6.5,26.35_to_inf,-inf_to_15.0,All,-inf_to_0.5015,28.5_to_inf,All,tested_negative
127.5_to_154.5,-inf_to_6.5,26.35_to_inf,87.5_to_143.0,All,-inf_to_0.5015,-inf_to_28.5,All,tested_positive
127.5_to_154.5,-inf_to_6.5,26.35_to_inf,-inf_to_15.0,All,-inf_to_0.5015,28.5_to_inf,All,tested_negative
127.5_to_154.5,-inf_to_6.5,26.35_to_inf,-inf_to_15.0,All,0.5015_to_inf,28.5_to_inf,All,tested_positive
-inf_to_99.5,-inf_to_6.5,-inf_to_26.35,-inf_to_15.0,All,-inf_to_0.5015,28.5_to_inf,All,tested_negative
99.5_to_127.5,-inf_to_6.5,26.35_to_inf,87.5_to_143.0,All,0.5015_to_inf,-inf_to_28.5,All,tested_negative
-inf_to_99.5,-inf_to_6.5,26.35_to_inf,-inf_to_15.0,All,-inf_to_0.5015,-inf_to_28.5,All,tested_negative
127.5_to_154.5,-inf_to_6.5,26.35_to_inf,-inf_to_15.0,All,-inf_to_0.5015,28.5_to_inf,All,tested_negative
154.5_to_inf,6.5_to_inf,26.35_to_inf,-inf_to_15.0,All,0.5015_to_inf,28.5_to_inf,All,tested_positive
154.5_to_inf,6.5_to_inf,26.35_to_inf,143.0_to_inf,All,0.5015_to_inf,28.5_to_inf,All,tested_positive
127.5_to_154.5,-inf_to_6.5,26.35_to_inf,15.0_to_87.5,All,0.5015_to_inf,28.5_to_inf,All,tested_positive
99.5_to_127.5,6.5_to_inf,26.35_to_inf,87.5_to_143.0,All,0.5015_to_inf,28.5_to_inf,All,tested_positive
127.5_to_154.5,-inf_to_6.5,26.35_to_inf,143.0_to_inf,All,-inf_to_0.5015,-inf_to_28.5,All,tested_positive
99.5_to_127.5,-inf_to_6.5,-inf_to_26.35,-inf_to_15.0,All,-inf_to_0.5015,-inf_to_28.5,All,tested_negative
99.5_to_127.5,6.5_to_inf,26.35_to_inf,87.5_to_143.0,All,-inf_to_0.5015,28.5_to_inf,All,tested_negative
154.5_to_inf,6.5_to_inf,26.35_to_inf,-inf_to_15.0,All,-inf_to_0.5015,28.5_to_inf,All,tested_positive
127.5_to_154.5,6.5_to_inf,26.35_to_inf,-inf_to_15.0,All,0.5015_to_inf,28.5_to_inf,All,tested_positive
-inf_to_99.5,6.5_to_inf,-inf_to_26.35,-inf_to_15.0,All,-inf_to_0.5015,28.5_to_inf,All,tested_negative
154.5_to_inf,-inf_to_6.5,26.35_to_inf,143.0_to_inf,All,-inf_to_0.5015,28.5_to_inf,All,tested_positive
99.5_to_127.5,-inf_to_6.5,-inf_to_26.35,15.0_to_87.5,All,0.5015_to_inf,-inf_to_28.5,All,tested_positive
99.5_to_127.5,-inf_to_6.5,26.35_to_inf,87.5_to_143.0,All,0.5015_to_inf,-inf_to_28.5,All,tested_positive
127.5_to_154.5,-inf_to_6.5,26.35_to_inf,143.0_to_inf,All,-inf_to_0.5015,28.5_to_inf,All,tested_positive
99.5_to_127.5,-inf_to_6.5,26.35_to_inf,-inf_to_15.0,All,0.5015_to_inf,-inf_to_28.5,All,tested_negative
127.5_to_154.5,-inf_to_6.5,26.35_to_inf,-inf_to_15.0,All,-inf_to_0.5015,-inf_to_28.5,All,tested_negative
99.5_to_127.5,-inf_to_6.5,26.35_to_inf,-inf_to_15.0,All,0.5015_to_inf,28.5_to_inf,All,tested_negative
-inf_to_99.5,-inf_to_6.5,-inf_to_26.35,15.0_to_87.5,All,-inf_to_0.5015,-inf_to_28.5,All,tested_negative
99.5_to_127.5,-inf_to_6.5,26.35_to_inf,143.0_to_inf,All,-inf_to_0.5015,28.5_to_inf,All,tested_negative
99.5_to_127.5,-inf_to_6.5,-inf_to_26.35,-inf_to_15.0,All,-inf_to_0.5015,-inf_to_28.5,All,tested_negative
154.5_to_inf,6.5_to_inf,26.35_to_inf,143.0_to_inf,All,0.5015_to_inf,28.5_to_inf,All,tested_positive
154.5_to_inf,-inf_to_6.5,26.35_to_inf,-inf_to_15.0,All,-inf_to_0.5015,28.5_to_inf,All,tested_positive
-inf_to_99.5,-inf_to_6.5,26.35_to_inf,15.0_to_87.5,All,-inf_to_0.5015,-inf_to_28.5,All,tested_negative
154.5_to_inf,6.5_to_inf,26.35_to_inf,-inf_to_15.0,All,-inf_to_0.5015,28.5_to_inf,All,tested_positive
-inf_to_99.5,-inf_to_6.5,26.35_to_inf,-inf_to_15.0,All,-inf_to_0.5015,-inf_to_28.5,All,tested_negative
127.5_to_154.5,-inf_to_6.5,26.35_to_inf,-inf_to_15.0,All,-inf_to_0.5015,-inf_to_28.5,All,tested_negative
154.5_to_inf,6.5_to_inf,26.35_to_inf,-inf_to_15.0,All,-inf_to_0.5015,28.5_to_inf,All,tested_negative
127.5_to_154.5,-inf_to_6.5,26.35_to_inf,87.5_to_143.0,All,-inf_to_0.5015,-inf_to_28.5,All,tested_positive
99.5_to_127.5,6.5_to_inf,26.35_to_inf,143.0_to_inf,All,-inf_to_0.5015,28.5_to_inf,All,tested_positive
127.5_to_154.5,6.5_to_inf,26.35_to_inf,143.0_to_inf,All,0.5015_to_inf,28.5_to_inf,All,tested_positive
99.5_to_127.5,-inf_to_6.5,26.35_to_inf,87.5_to_143.0,All,0.5015_to_inf,-inf_to_28.5,All,tested_positive
99.5_to_127.5,-inf_to_6.5,26.35_to_inf,87.5_to_143.0,All,-inf_to_0.5015,28.5_to_inf,All,tested_negative
-inf_to_99.5,-inf_to_6.5,26.35_to_inf,-inf_to_15.0,All,0.5015_to_inf,28.5_to_inf,All,tested_positive
154.5_to_inf,-inf_to_6.5,26.35_to_inf,143.0_to_inf,All,0.5015_to_inf,-inf_to_28.5,All,tested_positive
99.5_to_127.5,6.5_to_inf,-inf_to_26.35,-inf_to_15.0,All,-inf_to_0.5015,28.5_to_inf,All,tested_negative
127.5_to_154.5,6.5_to_inf,26.35_to_inf,143.0_to_inf,All,0.5015_to_inf,28.5_to_inf,All,tested_negative
99.5_to_127.5,-inf_to_6.5,-inf_to_26.35,15.0_to_87.5,All,0.5015_to_inf,-inf_to_28.5,All,tested_negative
-inf_to_99.5,-inf_to_6.5,26.35_to_inf,15.0_to_87.5,All,-inf_to_0.5015,-inf_to_28.5,All,tested_negative
99.5_to_127.5,-inf_to_6.5,26.35_to_inf,-inf_to_15.0,All,-inf_to_0.5015,-inf_to_28.5,All,tested_negative
154.5_to_inf,-inf_to_6.5,26.35_to_inf,-inf_to_15.0,All,0.5015_to_inf,-inf_to_28.5,All,tested_positive
154.5_to_inf,-inf_to_6.5,26.35_to_inf,143.0_to_inf,All,0.5015_to_inf,28.5_to_inf,All,tested_negative
99.5_to_127.5,-inf_to_6.5,26.35_to_inf,15.0_to_87.5,All,-inf_to_0.5015,-inf_to_28.5,All,tested_negative
127.5_to_154.5,-inf_to_6.5,26.35_to_inf,-inf_to_15.0,All,0.5015_to_inf,-inf_to_28.5,All,tested_positive
127.5_to_154.5,-inf_to_6.5,26.35_to_inf,143.0_to_inf,All,-inf_to_0.5015,28.5_to_inf,All,tested_positive
-inf_to_99.5,-inf_to_6.5,-inf_to_26.35,15.0_to_87.5,All,0.5015_to_inf,-inf_to_28.5,All,tested_negative
99.5_to_127.5,-inf_to_6.5,26.35_to_inf,-inf_to_15.0,All,-inf_to_0.5015,28.5_to_inf,All,tested_negative
-inf_to_99.5,-inf_to_6.5,26.35_to_inf,15.0_to_87.5,All,-inf_to_0.5015,-inf_to_28.5,All,tested_negative
154.5_to_inf,-inf_to_6.5,26.35_to_inf,-inf_to_15.0,All,-inf_to_0.5015,-inf_to_28.5,All,tested_positive
154.5_to_inf,6.5_to_inf,26.35_to_inf,143.0_to_inf,All,0.5015_to_inf,28.5_to_inf,All,tested_positive
154.5_to_inf,-inf_to_6.5,26.35_to_inf,-inf_to_15.0,All,0.5015_to_inf,-inf_to_28.5,All,tested_positive
154.5_to_inf,6.5_to_inf,26.35_to_inf,-inf_to_15.0,All,0.5015_to_inf,28.5_to_inf,All,tested_positive
99.5_to_127.5,-inf_to_6.5,-inf_to_26.35,-inf_to_15.0,All,0.5015_to_inf,-inf_to_28.5,All,tested_negative
-inf_to_99.5,-inf_to_6.5,26.35_to_inf,-inf_to_15.0,All,-inf_to_0.5015,-inf_to_28.5,All,tested_negative
-inf_to_99.5,-inf_to_6.5,26.35_to_inf,87.5_to_143.0,All,-inf_to_0.5015,-inf_to_28.5,All,tested_negative
127.5_to_154.5,-inf_to_6.5,-inf_to_26.35,-inf_to_15.0,All,-inf_to_0.5015,-inf_to_28.5,All,tested_positive
99.5_to_127.5,-inf_to_6.5,26.35_to_inf,143.0_to_inf,All,0.5015_to_inf,28.5_to_inf,All,tested_positive
127.5_to_154.5,-inf_to_6.5,26.35_to_inf,143.0_to_inf,All,-inf_to_0.5015,28.5_to_inf,All,tested_negative
99.5_to_127.5,6.5_to_inf,26.35_to_inf,-inf_to_15.0,All,-inf_to_0.5015,28.5_to_inf,All,tested_negative
154.5_to_inf,-inf_to_6.5,26.35_to_inf,143.0_to_inf,All,-inf_to_0.5015,-inf_to_28.5,All,tested_negative
99.5_to_127.5,6.5_to_inf,26.35_to_inf,143.0_to_inf,All,-inf_to_0.5015,28.5_to_inf,All,tested_negative
127.5_to_154.5,-inf_to_6.5,26.35_to_inf,-inf_to_15.0,All,-inf_to_0.5015,-inf_to_28.5,All,tested_negative
-inf_to_99.5,-inf_to_6.5,-inf_to_26.35,15.0_to_87.5,All,-inf_to_0.5015,-inf_to_28.5,All,tested_negative
-inf_to_99.5,-inf_to_6.5,26.35_to_inf,-inf_to_15.0,All,-inf_to_0.5015,-inf_to_28.5,All,tested_negative
-inf_to_99.5,6.5_to_inf,26.35_to_inf,143.0_to_inf,All,0.5015_to_inf,28.5_to_inf,All,tested_positive
99.5_to_127.5,-inf_to_6.5,26.35_to_inf,-inf_to_15.0,All,0.5015_to_inf,-inf_to_28.5,All,tested_positive
99.5_to_127.5,-inf_to_6.5,26.35_to_inf,-inf_to_15.0,All,0.5015_to_inf,28.5_to_inf,All,tested_negative
154.5_to_inf,-inf_to_6.5,-inf_to_26.35,143.0_to_inf,All,0.5015_to_inf,-inf_to_28.5,All,tested_negative
154.5_to_inf,6.5_to_inf,26.35_to_inf,143.0_to_inf,All,0.5015_to_inf,28.5_to_inf,All,tested_positive
154.5_to_inf,-inf_to_6.5,26.35_to_inf,87.5_to_143.0,All,-inf_to_0.5015,28.5_to_inf,All,tested_negative
-inf_to_99.5,-inf_to_6.5,26.35_to_inf,-inf_to_15.0,All,0.5015_to_inf,-inf_to_28.5,All,tested_negative
127.5_to_154.5,-inf_to_6.5,26.35_to_inf,-inf_to_15.0,All,-inf_to_0.5015,28.5_to_inf,All,tested_negative
99.5_to_127.5,-inf_to_6.5,26.35_to_inf,-inf_to_15.0,All,-inf_to_0.5015,28.5_to_inf,All,tested_positive
-inf_to_99.5,-inf_to_6.5,26.35_to_inf,15.0_to_87.5,All,0.5015_to_inf,28.5_to_inf,All,tested_negative
127.5_to_154.5,-inf_to_6.5,26.35_to_inf,-inf_to_15.0,All,0.5015_to_inf,-inf_to_28.5,All,tested_positive
127.5_to_154.5,-inf_to_6.5,26.35_to_inf,-inf_to_15.0,All,0.5015_to_inf,-inf_to_28.5,All,tested_negative
99.5_to_127.5,-inf_to_6.5,-inf_to_26.35,-inf_to_15.0,All,-inf_to_0.5015,-inf_to_28.5,All,tested_negative
127.5_to_154.5,-inf_to_6.5,26.35_to_inf,-inf_to_15.0,All,-inf_to_0.5015,-inf_to_28.5,All,tested_positive
99.5_to_127.5,-inf_to_6.5,-inf_to_26.35,15.0_to_87.5,All,-inf_to_0.5015,-inf_to_28.5,All,tested_negative
99.5_to_127.5,-inf_to_6.5,-inf_to_26.35,-inf_to_15.0,All,-inf_to_0.5015,28.5_to_inf,All,tested_negative
-inf_to_99.5,-inf_to_6.5,26.35_to_inf,15.0_to_87.5,All,-inf_to_0.5015,-inf_to_28.5,All,tested_negative
99.5_to_127.5,6.5_to_inf,26.35_to_inf,-inf_to_15.0,All,-inf_to_0.5015,28.5_to_inf,All,tested_negative
99.5_to_127.5,6.5_to_inf,26.35_to_inf,-inf_to_15.0,All,-inf_to_0.5015,28.5_to_inf,All,tested_positive
99.5_to_127.5,-inf_to_6.5,26.35_to_inf,87.5_to_143.0,All,-inf_to_0.5015,-inf_to_28.5,All,tested_negative
99.5_to_127.5,-inf_to_6.5,-inf_to_26.35,-inf_to_15.0,All,0.5015_to_inf,28.5_to_inf,All,tested_negative
99.5_to_127.5,-inf_to_6.5,-inf_to_26.35,143.0_to_inf,All,0.5015_to_inf,-inf_to_28.5,All,tested_negative
127.5_to_154.5,-inf_to_6.5,26.35_to_inf,-inf_to_15.0,All,-inf_to_0.5015,-inf_to_28.5,All,tested_positive
127.5_to_154.5,6.5_to_inf,26.35_to_inf,87.5_to_143.0,All,-inf_to_0.5015,28.5_to_inf,All,tested_negative
127.5_to_154.5,6.5_to_inf,26.35_to_inf,143.0_to_inf,All,-inf_to_0.5015,28.5_to_inf,All,tested_negative
154.5_to_inf,6.5_to_inf,26.35_to_inf,-inf_to_15.0,All,-inf_to_0.5015,28.5_to_inf,All,tested_positive
99.5_to_127.5,-inf_to_6.5,26.35_to_inf,-inf_to_15.0,All,-inf_to_0.5015,28.5_to_inf,All,tested_positive
127.5_to_154.5,6.5_to_inf,-inf_to_26.35,87.5_to_143.0,All,0.5015_to_inf,28.5_to_inf,All,tested_negative
154.5_to_inf,-inf_to_6.5,26.35_to_inf,143.0_to_inf,All,0.5015_to_inf,28.5_to_inf,All,tested_negative
99.5_to_127.5,-inf_to_6.5,26.35_to_inf,143.0_to_inf,All,0.5015_to_inf,28.5_to_inf,All,tested_positive
-inf_to_99.5,-inf_to_6.5,-inf_to_26.35,15.0_to_87.5,All,-inf_to_0.5015,-inf_to_28.5,All,tested_negative
99.5_to_127.5,-inf_to_6.5,26.35_to_inf,15.0_to_87.5,All,-inf_to_0.5015,28.5_to_inf,All,tested_negative
-inf_to_99.5,-inf_to_6.5,26.35_to_inf,15.0_to_87.5,All,-inf_to_0.5015,-inf_to_28.5,All,tested_negative
99.5_to_127.5,-inf_to_6.5,26.35_to_inf,15.0_to_87.5,All,0.5015_to_inf,-inf_to_28.5,All,tested_positive
127.5_to_154.5,-inf_to_6.5,26.35_to_inf,143.0_to_inf,All,0.5015_to_inf,28.5_to_inf,All,tested_positive
127.5_to_154.5,-inf_to_6.5,26.35_to_inf,143.0_to_inf,All,0.5015_to_inf,-inf_to_28.5,All,tested_positive
154.5_to_inf,-inf_to_6.5,-inf_to_26.35,-inf_to_15.0,All,-inf_to_0.5015,28.5_to_inf,All,tested_negative
127.5_to_154.5,-inf_to_6.5,26.35_to_inf,87.5_to_143.0,All,0.5015_to_inf,-inf_to_28.5,All,tested_negative
127.5_to_154.5,-inf_to_6.5,26.35_to_inf,143.0_to_inf,All,-inf_to_0.5015,28.5_to_inf,All,tested_positive
99.5_to_127.5,-inf_to_6.5,26.35_to_inf,143.0_to_inf,All,0.5015_to_inf,-inf_to_28.5,All,tested_negative
99.5_to_127.5,6.5_to_inf,26.35_to_inf,143.0_to_inf,All,-inf_to_0.5015,28.5_to_inf,All,tested_positive
99.5_to_127.5,6.5_to_inf,-inf_to_26.35,-inf_to_15.0,All,0.5015_to_inf,28.5_to_inf,All,tested_negative
154.5_to_inf,-inf_to_6.5,26.35_to_inf,-inf_to_15.0,All,0.5015_to_inf,28.5_to_inf,All,tested_positive
127.5_to_154.5,-inf_to_6.5,26.35_to_inf,87.5_to_143.0,All,-inf_to_0.5015,-inf_to_28.5,All,tested_positive
-inf_to_99.5,-inf_to_6.5,26.35_to_inf,15.0_to_87.5,All,-inf_to_0.5015,28.5_to_inf,All,tested_negative
99.5_to_127.5,-inf_to_6.5,26.35_to_inf,-inf_to_15.0,All,-inf_to_0.5015,-inf_to_28.5,All,tested_positive
127.5_to_154.5,-inf_to_6.5,-inf_to_26.35,-inf_to_15.0,All,-inf_to_0.5015,28.5_to_inf,All,tested_negative
99.5_to_127.5,-inf_to_6.5,26.35_to_inf,87.5_to_143.0,All,-inf_to_0.5015,28.5_to_inf,All,tested_negative
127.5_to_154.5,-inf_to_6.5,-inf_to_26.35,143.0_to_inf,All,-inf_to_0.5015,-inf_to_28.5,All,tested_negative
127.5_to_154.5,-inf_to_6.5,26.35_to_inf,143.0_to_inf,All,0.5015_to_inf,-inf_to_28.5,All,tested_positive
99.5_to_127.5,-inf_to_6.5,26.35_to_inf,143.0_to_inf,All,0.5015_to_inf,28.5_to_inf,All,tested_positive
-inf_to_99.5,-inf_to_6.5,-inf_to_26.35,-inf_to_15.0,All,-inf_to_0.5015,28.5_to_inf,All,tested_negative
154.5_to_inf,-inf_to_6.5,26.35_to_inf,87.5_to_143.0,All,-inf_to_0.5015,-inf_to_28.5,All,tested_positive
99.5_to_127.5,-inf_to_6.5,26.35_to_inf,15.0_to_87.5,All,0.5015_to_inf,-inf_to_28.5,All,tested_negative
99.5_to_127.5,6.5_to_inf,26.35_to_inf,-inf_to_15.0,All,0.5015_to_inf,28.5_to_inf,All,tested_positive
99.5_to_127.5,-inf_to_6.5,26.35_to_inf,87.5_to_143.0,All,-inf_to_0.5015,-inf_to_28.5,All,tested_negative
-inf_to_99.5,-inf_to_6.5,-inf_to_26.35,15.0_to_87.5,All,-inf_to_0.5015,28.5_to_inf,All,tested_negative
154.5_to_inf,-inf_to_6.5,26.35_to_inf,-inf_to_15.0,All,-inf_to_0.5015,28.5_to_inf,All,tested_positive
99.5_to_127.5,-inf_to_6.5,26.35_to_inf,87.5_to_143.0,All,-inf_to_0.5015,-inf_to_28.5,All,tested_negative
154.5_to_inf,-inf_to_6.5,-inf_to_26.35,-inf_to_15.0,All,-inf_to_0.5015,28.5_to_inf,All,tested_positive
127.5_to_154.5,-inf_to_6.5,26.35_to_inf,143.0_to_inf,All,0.5015_to_inf,28.5_to_inf,All,tested_negative
99.5_to_127.5,-inf_to_6.5,26.35_to_inf,-inf_to_15.0,All,-inf_to_0.5015,-inf_to_28.5,All,tested_positive
99.5_to_127.5,-inf_to_6.5,26.35_to_inf,-inf_to_15.0,All,-inf_to_0.5015,28.5_to_inf,All,tested_positive
127.5_to_154.5,6.5_to_inf,26.35_to_inf,15.0_to_87.5,All,0.5015_to_inf,28.5_to_inf,All,tested_positive
99.5_to_127.5,-inf_to_6.5,26.35_to_inf,-inf_to_15.0,All,-inf_to_0.5015,-inf_to_28.5,All,tested_negative
154.5_to_inf,-inf_to_6.5,-inf_to_26.35,143.0_to_inf,All,-inf_to_0.5015,-inf_to_28.5,All,tested_negative
99.5_to_127.5,-inf_to_6.5,26.35_to_inf,143.0_to_inf,All,0.5015_to_inf,28.5_to_inf,All,tested_positive
154.5_to_inf,6.5_to_inf,26.35_to_inf,-inf_to_15.0,All,-inf_to_0.5015,28.5_to_inf,All,tested_negative
99.5_to_127.5,-inf_to_6.5,26.35_to_inf,87.5_to_143.0,All,-inf_to_0.5015,-inf_to_28.5,All,tested_positive
99.5_to_127.5,-inf_to_6.5,26.35_to_inf,15.0_to_87.5,All,-inf_to_0.5015,28.5_to_inf,All,tested_negative
99.5_to_127.5,6.5_to_inf,-inf_to_26.35,-inf_to_15.0,All,0.5015_to_inf,28.5_to_inf,All,tested_negative
-inf_to_99.5,-inf_to_6.5,26.35_to_inf,15.0_to_87.5,All,-inf_to_0.5015,-inf_to_28.5,All,tested_negative
154.5_to_inf,-inf_to_6.5,26.35_to_inf,-inf_to_15.0,All,-inf_to_0.5015,28.5_to_inf,All,tested_positive
99.5_to_127.5,6.5_to_inf,-inf_to_26.35,-inf_to_15.0,All,-inf_to_0.5015,28.5_to_inf,All,tested_negative
-inf_to_99.5,-inf_to_6.5,-inf_to_26.35,15.0_to_87.5,All,-inf_to_0.5015,-inf_to_28.5,All,tested_negative
99.5_to_127.5,-inf_to_6.5,26.35_to_inf,-inf_to_15.0,All,0.5015_to_inf,28.5_to_inf,All,tested_negative
99.5_to_127.5,-inf_to_6.5,26.35_to_inf,-inf_to_15.0,All,-inf_to_0.5015,28.5_to_inf,All,tested_positive
127.5_to_154.5,6.5_to_inf,26.35_to_inf,143.0_to_inf,All,0.5015_to_inf,28.5_to_inf,All,tested_positive
154.5_to_inf,6.5_to_inf,26.35_to_inf,-inf_to_15.0,All,-inf_to_0.5015,28.5_to_inf,All,tested_positive
127.5_to_154.5,-inf_to_6.5,-inf_to_26.35,87.5_to_143.0,All,-inf_to_0.5015,-inf_to_28.5,All,tested_negative
-inf_to_99.5,-inf_to_6.5,-inf_to_26.35,15.0_to_87.5,All,0.5015_to_inf,28.5_to_inf,All,tested_negative
-inf_to_99.5,-inf_to_6.5,26.35_to_inf,-inf_to_15.0,All,-inf_to_0.5015,-inf_to_28.5,All,tested_negative
99.5_to_127.5,-inf_to_6.5,26.35_to_inf,-inf_to_15.0,All,-inf_to_0.5015,28.5_to_inf,All,tested_negative
-inf_to_99.5,6.5_to_inf,26.35_to_inf,-inf_to_15.0,All,-inf_to_0.5015,28.5_to_inf,All,tested_negative
99.5_to_127.5,6.5_to_inf,26.35_to_inf,87.5_to_143.0,All,-inf_to_0.5015,28.5_to_inf,All,tested_negative
99.5_to_127.5,-inf_to_6.5,-inf_to_26.35,-inf_to_15.0,All,-inf_to_0.5015,-inf_to_28.5,All,tested_negative
-inf_to_99.5,-inf_to_6.5,-inf_to_26.35,15.0_to_87.5,All,-inf_to_0.5015,-inf_to_28.5,All,tested_negative
-inf_to_99.5,-inf_to_6.5,26.35_to_inf,-inf_to_15.0,All,-inf_to_0.5015,28.5_to_inf,All,tested_positive
-inf_to_99.5,-inf_to_6.5,26.35_to_inf,-inf_to_15.0,All,-inf_to_0.5015,28.5_to_inf,All,tested_negative
127.5_to_154.5,-inf_to_6.5,26.35_to_inf,-inf_to_15.0,All,-inf_to_0.5015,28.5_to_inf,All,tested_negative
-inf_to_99.5,-inf_to_6.5,26.35_to_inf,-inf_to_15.0,All,-inf_to_0.5015,28.5_to_inf,All,tested_negative
-inf_to_99.5,-inf_to_6.5,26.35_to_inf,15.0_to_87.5,All,0.5015_to_inf,-inf_to_28.5,All,tested_negative
-inf_to_99.5,-inf_to_6.5,26.35_to_inf,-inf_to_15.0,All,0.5015_to_inf,-inf_to_28.5,All,tested_negative
154.5_to_inf,6.5_to_inf,26.35_to_inf,-inf_to_15.0,All,-inf_to_0.5015,28.5_to_inf,All,tested_positive
99.5_to_127.5,-inf_to_6.5,26.35_to_inf,143.0_to_inf,All,0.5015_to_inf,-inf_to_28.5,All,tested_positive
127.5_to_154.5,6.5_to_inf,26.35_to_inf,-inf_to_15.0,All,0.5015_to_inf,28.5_to_inf,All,tested_positive
154.5_to_inf,-inf_to_6.5,26.35_to_inf,143.0_to_inf,All,0.5015_to_inf,28.5_to_inf,All,tested_positive
154.5_to_inf,-inf_to_6.5,26.35_to_inf,143.0_to_inf,All,0.5015_to_inf,28.5_to_inf,All,tested_positive
154.5_to_inf,-inf_to_6.5,26.35_to_inf,-inf_to_15.0,All,-inf_to_0.5015,28.5_to_inf,All,tested_negative
99.5_to_127.5,-inf_to_6.5,26.35_to_inf,-inf_to_15.0,All,-inf_to_0.5015,28.5_to_inf,All,tested_negative
127.5_to_154.5,-inf_to_6.5,26.35_to_inf,-inf_to_15.0,All,0.5015_to_inf,28.5_to_inf,All,tested_positive
127.5_to_154.5,-inf_to_6.5,26.35_to_inf,143.0_to_inf,All,-inf_to_0.5015,28.5_to_inf,All,tested_negative
-inf_to_99.5,-inf_to_6.5,26.35_to_inf,15.0_to_87.5,All,-inf_to_0.5015,28.5_to_inf,All,tested_negative
99.5_to_127.5,-inf_to_6.5,26.35_to_inf,-inf_to_15.0,All,-inf_to_0.5015,28.5_to_inf,All,tested_positive
99.5_to_127.5,-inf_to_6.5,-inf_to_26.35,-inf_to_15.0,All,-inf_to_0.5015,-inf_to_28.5,All,tested_negative
-inf_to_99.5,-inf_to_6.5,26.35_to_inf,15.0_to_87.5,All,-inf_to_0.5015,-inf_to_28.5,All,tested_negative
127.5_to_154.5,-inf_to_6.5,26.35_to_inf,87.5_to_143.0,All,-inf_to_0.5015,28.5_to_inf,All,tested_positive
154.5_to_inf,-inf_to_6.5,26.35_to_inf,143.0_to_inf,All,0.5015_to_inf,-inf_to_28.5,All,tested_positive
99.5_to_127.5,-inf_to_6.5,-inf_to_26.35,87.5_to_143.0,All,0.5015_to_inf,-inf_to_28.5,All,tested_negative
-inf_to_99.5,-inf_to_6.5,26.35_to_inf,15.0_to_87.5,All,0.5015_to_inf,-inf_to_28.5,All,tested_negative
99.5_to_127.5,-inf_to_6.5,26.35_to_inf,87.5_to_143.0,All,-inf_to_0.5015,-inf_to_28.5,All,tested_negative
99.5_to_127.5,-inf_to_6.5,26.35_to_inf,143.0_to_inf,All,0.5015_to_inf,-inf_to_28.5,All,tested_negative
127.5_to_154.5,6.5_to_inf,26.35_to_inf,143.0_to_inf,All,0.5015_to_inf,28.5_to_inf,All,tested_positive
-inf_to_99.5,-inf_to_6.5,-inf_to_26.35,15.0_to_87.5,All,-inf_to_0.5015,-inf_to_28.5,All,tested_negative
154.5_to_inf,-inf_to_6.5,26.35_to_inf,-inf_to_15.0,All,-inf_to_0.5015,28.5_to_inf,All,tested_positive
-inf_to_99.5,-inf_to_6.5,26.35_to_inf,15.0_to_87.5,All,0.5015_to_inf,28.5_to_inf,All,tested_negative
99.5_to_127.5,-inf_to_6.5,26.35_to_inf,15.0_to_87.5,All,0.5015_to_inf,-inf_to_28.5,All,tested_negative
99.5_to_127.5,-inf_to_6.5,-inf_to_26.35,-inf_to_15.0,All,-inf_to_0.5015,-inf_to_28.5,All,tested_negative
99.5_to_127.5,-inf_to_6.5,-inf_to_26.35,143.0_to_inf,All,0.5015_to_inf,-inf_to_28.5,All,tested_negative
99.5_to_127.5,-inf_to_6.5,-inf_to_26.35,87.5_to_143.0,All,-inf_to_0.5015,-inf_to_28.5,All,tested_negative
99.5_to_127.5,-inf_to_6.5,26.35_to_inf,-inf_to_15.0,All,0.5015_to_inf,28.5_to_inf,All,tested_positive
99.5_to_127.5,6.5_to_inf,26.35_to_inf,-inf_to_15.0,All,-inf_to_0.5015,28.5_to_inf,All,tested_positive
99.5_to_127.5,-inf_to_6.5,26.35_to_inf,143.0_to_inf,All,-inf_to_0.5015,28.5_to_inf,All,tested_negative
154.5_to_inf,-inf_to_6.5,26.35_to_inf,-inf_to_15.0,All,-inf_to_0.5015,-inf_to_28.5,All,tested_positive
127.5_to_154.5,-inf_to_6.5,-inf_to_26.35,143.0_to_inf,All,-inf_to_0.5015,-inf_to_28.5,All,tested_negative
99.5_to_127.5,-inf_to_6.5,-inf_to_26.35,15.0_to_87.5,All,-inf_to_0.5015,28.5_to_inf,All,tested_negative
154.5_to_inf,-inf_to_6.5,26.35_to_inf,-inf_to_15.0,All,0.5015_to_inf,28.5_to_inf,All,tested_positive
99.5_to_127.5,-inf_to_6.5,26.35_to_inf,143.0_to_inf,All,0.5015_to_inf,-inf_to_28.5,All,tested_negative
-inf_to_99.5,-inf_to_6.5,-inf_to_26.35,87.5_to_143.0,All,0.5015_to_inf,28.5_to_inf,All,tested_negative
127.5_to_154.5,-inf_to_6.5,26.35_to_inf,-inf_to_15.0,All,-inf_to_0.5015,-inf_to_28.5,All,tested_positive
-inf_to_99.5,-inf_to_6.5,-inf_to_26.35,-inf_to_15.0,All,-inf_to_0.5015,-inf_to_28.5,All,tested_negative
-inf_to_99.5,-inf_to_6.5,26.35_to_inf,-inf_to_15.0,All,-inf_to_0.5015,28.5_to_inf,All,tested_positive
127.5_to_154.5,-inf_to_6.5,-inf_to_26.35,-inf_to_15.0,All,-inf_to_0.5015,28.5_to_inf,All,tested_negative
127.5_to_154.5,-inf_to_6.5,26.35_to_inf,87.5_to_143.0,All,-inf_to_0.5015,28.5_to_inf,All,tested_positive
-inf_to_99.5,6.5_to_inf,26.35_to_inf,-inf_to_15.0,All,-inf_to_0.5015,28.5_to_inf,All,tested_negative
154.5_to_inf,-inf_to_6.5,26.35_to_inf,-inf_to_15.0,All,-inf_to_0.5015,28.5_to_inf,All,tested_positive
99.5_to_127.5,-inf_to_6.5,26.35_to_inf,-inf_to_15.0,All,-inf_to_0.5015,28.5_to_inf,All,tested_positive
99.5_to_127.5,-inf_to_6.5,-inf_to_26.35,-inf_to_15.0,All,-inf_to_0.5015,-inf_to_28.5,All,tested_negative
154.5_to_inf,6.5_to_inf,-inf_to_26.35,-inf_to_15.0,All,0.5015_to_inf,28.5_to_inf,All,tested_positive
99.5_to_127.5,-inf_to_6.5,26.35_to_inf,-inf_to_15.0,All,0.5015_to_inf,-inf_to_28.5,All,tested_negative
99.5_to_127.5,-inf_to_6.5,26.35_to_inf,143.0_to_inf,All,0.5015_to_inf,-inf_to_28.5,All,tested_negative
127.5_to_154.5,-inf_to_6.5,-inf_to_26.35,15.0_to_87.5,All,-inf_to_0.5015,-inf_to_28.5,All,tested_negative
127.5_to_154.5,-inf_to_6.5,26.35_to_inf,143.0_to_inf,All,0.5015_to_inf,-inf_to_28.5,All,tested_positive
154.5_to_inf,-inf_to_6.5,26.35_to_inf,143.0_to_inf,All,-inf_to_0.5015,-inf_to_28.5,All,tested_positive
-inf_to_99.5,-inf_to_6.5,26.35_to_inf,-inf_to_15.0,All,0.5015_to_inf,-inf_to_28.5,All,tested_negative
127.5_to_154.5,-inf_to_6.5,26.35_to_inf,-inf_to_15.0,All,0.5015_to_inf,28.5_to_inf,All,tested_positive
-inf_to_99.5,-inf_to_6.5,-inf_to_26.35,-inf_to_15.0,All,0.5015_to_inf,-inf_to_28.5,All,tested_negative
127.5_to_154.5,-inf_to_6.5,26.35_to_inf,87.5_to_143.0,All,-inf_to_0.5015,-inf_to_28.5,All,tested_positive
99.5_to_127.5,-inf_to_6.5,26.35_to_inf,143.0_to_inf,All,0.5015_to_inf,-inf_to_28.5,All,tested_negative
-inf_to_99.5,-inf_to_6.5,-inf_to_26.35,15.0_to_87.5,All,0.5015_to_inf,-inf_to_28.5,All,tested_negative
99.5_to_127.5,-inf_to_6.5,26.35_to_inf,15.0_to_87.5,All,-inf_to_0.5015,-inf_to_28.5,All,tested_negative
99.5_to_127.5,-inf_to_6.5,26.35_to_inf,-inf_to_15.0,All,-inf_to_0.5015,-inf_to_28.5,All,tested_negative
127.5_to_154.5,6.5_to_inf,26.35_to_inf,143.0_to_inf,All,0.5015_to_inf,28.5_to_inf,All,tested_positive
154.5_to_inf,-inf_to_6.5,26.35_to_inf,143.0_to_inf,All,-inf_to_0.5015,28.5_to_inf,All,tested_positive
-inf_to_99.5,-inf_to_6.5,-inf_to_26.35,-inf_to_15.0,All,-inf_to_0.5015,-inf_to_28.5,All,tested_negative
154.5_to_inf,-inf_to_6.5,26.35_to_inf,143.0_to_inf,All,-inf_to_0.5015,28.5_to_inf,All,tested_positive
127.5_to_154.5,-inf_to_6.5,26.35_to_inf,143.0_to_inf,All,-inf_to_0.5015,-inf_to_28.5,All,tested_negative
-inf_to_99.5,-inf_to_6.5,26.35_to_inf,143.0_to_inf,All,-inf_to_0.5015,28.5_to_inf,All,tested_positive
-inf_to_99.5,-inf_to_6.5,-inf_to_26.35,-inf_to_15.0,All,-inf_to_0.5015,-inf_to_28.5,All,tested_negative
-inf_to_99.5,-inf_to_6.5,26.35_to_inf,15.0_to_87.5,All,0.5015_to_inf,28.5_to_inf,All,tested_negative
-inf_to_99.5,-inf_to_6.5,26.35_to_inf,15.0_to_87.5,All,0.5015_to_inf,-inf_to_28.5,All,tested_negative
127.5_to_154.5,-inf_to_6.5,-inf_to_26.35,-inf_to_15.0,All,-inf_to_0.5015,28.5_to_inf,All,tested_negative
-inf_to_99.5,-inf_to_6.5,-inf_to_26.35,-inf_to_15.0,All,0.5015_to_inf,28.5_to_inf,All,tested_negative
127.5_to_154.5,-inf_to_6.5,26.35_to_inf,-inf_to_15.0,All,-inf_to_0.5015,28.5_to_inf,All,tested_positive
127.5_to_154.5,6.5_to_inf,26.35_to_inf,-inf_to_15.0,All,-inf_to_0.5015,28.5_to_inf,All,tested_negative
127.5_to_154.5,-inf_to_6.5,26.35_to_inf,-inf_to_15.0,All,-inf_to_0.5015,-inf_to_28.5,All,tested_negative
-inf_to_99.5,-inf_to_6.5,-inf_to_26.35,-inf_to_15.0,All,-inf_to_0.5015,-inf_to_28.5,All,tested_negative
99.5_to_127.5,-inf_to_6.5,26.35_to_inf,-inf_to_15.0,All,0.5015_to_inf,28.5_to_inf,All,tested_negative
154.5_to_inf,-inf_to_6.5,26.35_to_inf,-inf_to_15.0,All,-inf_to_0.5015,28.5_to_inf,All,tested_positive
-inf_to_99.5,-inf_to_6.5,26.35_to_inf,15.0_to_87.5,All,-inf_to_0.5015,-inf_to_28.5,All,tested_negative
99.5_to_127.5,-inf_to_6.5,26.35_to_inf,87.5_to_143.0,All,-inf_to_0.5015,-inf_to_28.5,All,tested_negative
99.5_to_127.5,6.5_to_inf,26.35_to_inf,-inf_to_15.0,All,0.5015_to_inf,28.5_to_inf,All,tested_positive
99.5_to_127.5,-inf_to_6.5,26.35_to_inf,-inf_to_15.0,All,-inf_to_0.5015,28.5_to_inf,All,tested_positive
154.5_to_inf,-inf_to_6.5,26.35_to_inf,-inf_to_15.0,All,0.5015_to_inf,-inf_to_28.5,All,tested_positive
99.5_to_127.5,-inf_to_6.5,-inf_to_26.35,15.0_to_87.5,All,0.5015_to_inf,-inf_to_28.5,All,tested_negative
-inf_to_99.5,-inf_to_6.5,26.35_to_inf,87.5_to_143.0,All,-inf_to_0.5015,-inf_to_28.5,All,tested_negative
99.5_to_127.5,-inf_to_6.5,26.35_to_inf,15.0_to_87.5,All,0.5015_to_inf,-inf_to_28.5,All,tested_positive
99.5_to_127.5,-inf_to_6.5,26.35_to_inf,15.0_to_87.5,All,-inf_to_0.5015,-inf_to_28.5,All,tested_negative
-inf_to_99.5,-inf_to_6.5,-inf_to_26.35,87.5_to_143.0,All,-inf_to_0.5015,-inf_to_28.5,All,tested_negative
127.5_to_154.5,-inf_to_6.5,26.35_to_inf,-inf_to_15.0,All,0.5015_to_inf,-inf_to_28.5,All,tested_positive
-inf_to_99.5,-inf_to_6.5,26.35_to_inf,143.0_to_inf,All,-inf_to_0.5015,-inf_to_28.5,All,tested_negative
99.5_to_127.5,-inf_to_6.5,-inf_to_26.35,-inf_to_15.0,All,0.5015_to_inf,28.5_to_inf,All,tested_negative
99.5_to_127.5,-inf_to_6.5,26.35_to_inf,87.5_to_143.0,All,-inf_to_0.5015,-inf_to_28.5,All,tested_negative
154.5_to_inf,6.5_to_inf,26.35_to_inf,-inf_to_15.0,All,-inf_to_0.5015,28.5_to_inf,All,tested_positive
127.5_to_154.5,-inf_to_6.5,26.35_to_inf,-inf_to_15.0,All,0.5015_to_inf,28.5_to_inf,All,tested_negative
127.5_to_154.5,6.5_to_inf,26.35_to_inf,143.0_to_inf,All,0.5015_to_inf,28.5_to_inf,All,tested_positive
127.5_to_154.5,6.5_to_inf,-inf_to_26.35,15.0_to_87.5,All,-inf_to_0.5015,28.5_to_inf,All,tested_negative
99.5_to_127.5,6.5_to_inf,-inf_to_26.35,15.0_to_87.5,All,0.5015_to_inf,28.5_to_inf,All,tested_negative
-inf_to_99.5,-inf_to_6.5,-inf_to_26.35,-inf_to_15.0,All,-inf_to_0.5015,-inf_to_28.5,All,tested_negative
-inf_to_99.5,6.5_to_inf,26.35_to_inf,15.0_to_87.5,All,0.5015_to_inf,28.5_to_inf,All,tested_negative
-inf_to_99.5,-inf_to_6.5,26.35_to_inf,-inf_to_15.0,All,-inf_to_0.5015,28.5_to_inf,All,tested_negative
99.5_to_127.5,-inf_to_6.5,-inf_to_26.35,87.5_to_143.0,All,-inf_to_0.5015,-inf_to_28.5,All,tested_negative
-inf_to_99.5,-inf_to_6.5,26.35_to_inf,15.0_to_87.5,All,-inf_to_0.5015,-inf_to_28.5,All,tested_negative
-inf_to_99.5,-inf_to_6.5,26.35_to_inf,87.5_to_143.0,All,0.5015_to_inf,-inf_to_28.5,All,tested_negative
99.5_to_127.5,6.5_to_inf,26.35_to_inf,-inf_to_15.0,All,-inf_to_0.5015,28.5_to_inf,All,tested_positive
127.5_to_154.5,-inf_to_6.5,26.35_to_inf,87.5_to_143.0,All,0.5015_to_inf,-inf_to_28.5,All,tested_negative
127.5_to_154.5,-inf_to_6.5,26.35_to_inf,-inf_to_15.0,All,0.5015_to_inf,-inf_to_28.5,All,tested_negative
127.5_to_154.5,-inf_to_6.5,26.35_to_inf,-inf_to_15.0,All,-inf_to_0.5015,-inf_to_28.5,All,tested_negative
99.5_to_127.5,-inf_to_6.5,26.35_to_inf,-inf_to_15.0,All,-inf_to_0.5015,-inf_to_28.5,All,tested_negative
127.5_to_154.5,6.5_to_inf,26.35_to_inf,-inf_to_15.0,All,-inf_to_0.5015,28.5_to_inf,All,tested_negative
99.5_to_127.5,-inf_to_6.5,26.35_to_inf,-inf_to_15.0,All,-inf_to_0.5015,-inf_to_28.5,All,tested_negative
127.5_to_154.5,-inf_to_6.5,26.35_to_inf,-inf_to_15.0,All,-inf_to_0.5015,28.5_to_inf,All,tested_negative
99.5_to_127.5,-inf_to_6.5,26.35_to_inf,143.0_to_inf,All,0.5015_to_inf,28.5_to_inf,All,tested_positive
99.5_to_127.5,6.5_to_inf,-inf_to_26.35,87.5_to_143.0,All,-inf_to_0.5015,28.5_to_inf,All,tested_negative
99.5_to_127.5,6.5_to_inf,-inf_to_26.35,15.0_to_87.5,All,-inf_to_0.5015,28.5_to_inf,All,tested_negative
127.5_to_154.5,-inf_to_6.5,26.35_to_inf,-inf_to_15.0,All,-inf_to_0.5015,28.5_to_inf,All,tested_negative
154.5_to_inf,-inf_to_6.5,26.35_to_inf,143.0_to_inf,All,-inf_to_0.5015,28.5_to_inf,All,tested_positive
99.5_to_127.5,-inf_to_6.5,26.35_to_inf,-inf_to_15.0,All,-inf_to_0.5015,28.5_to_inf,All,tested_negative
-inf_to_99.5,-inf_to_6.5,26.35_to_inf,15.0_to_87.5,All,-inf_to_0.5015,-inf_to_28.5,All,tested_negative
-inf_to_99.5,-inf_to_6.5,26.35_to_inf,87.5_to_143.0,All,-inf_to_0.5015,-inf_to_28.5,All,tested_negative
127.5_to_154.5,-inf_to_6.5,26.35_to_inf,-inf_to_15.0,All,0.5015_to_inf,28.5_to_inf,All,tested_positive
127.5_to_154.5,-inf_to_6.5,26.35_to_inf,143.0_to_inf,All,-inf_to_0.5015,-inf_to_28.5,All,tested_positive
127.5_to_154.5,-inf_to_6.5,26.35_to_inf,143.0_to_inf,All,0.5015_to_inf,-inf_to_28.5,All,tested_negative
154.5_to_inf,-inf_to_6.5,26.35_to_inf,143.0_to_inf,All,0.5015_to_inf,28.5_to_inf,All,tested_negative
-inf_to_99.5,-inf_to_6.5,-inf_to_26.35,-inf_to_15.0,All,-inf_to_0.5015,-inf_to_28.5,All,tested_negative
154.5_to_inf,6.5_to_inf,-inf_to_26.35,-inf_to_15.0,All,0.5015_to_inf,28.5_to_inf,All,tested_negative
-inf_to_99.5,-inf_to_6.5,26.35_to_inf,15.0_to_87.5,All,0.5015_to_inf,-inf_to_28.5,All,tested_negative
-inf_to_99.5,-inf_to_6.5,26.35_to_inf,-inf_to_15.0,All,-inf_to_0.5015,28.5_to_inf,All,tested_negative
99.5_to_127.5,-inf_to_6.5,26.35_to_inf,87.5_to_143.0,All,0.5015_to_inf,28.5_to_inf,All,tested_positive
-inf_to_99.5,-inf_to_6.5,-inf_to_26.35,-inf_to_15.0,All,-inf_to_0.5015,-inf_to_28.5,All,tested_negative
154.5_to_inf,-inf_to_6.5,26.35_to_inf,-inf_to_15.0,All,-inf_to_0.5015,28.5_to_inf,All,tested_negative
99.5_to_127.5,-inf_to_6.5,-inf_to_26.35,-inf_to_15.0,All,-inf_to_0.5015,28.5_to_inf,All,tested_negative
154.5_to_inf,6.5_to_inf,-inf_to_26.35,143.0_to_inf,All,-inf_to_0.5015,28.5_to_inf,All,tested_positive
127.5_to_154.5,-inf_to_6.5,26.35_to_inf,143.0_to_inf,All,0.5015_to_inf,28.5_to_inf,All,tested_negative
99.5_to_127.5,-inf_to_6.5,-inf_to_26.35,15.0_to_87.5,All,-inf_to_0.5015,-inf_to_28.5,All,tested_negative
-inf_to_99.5,-inf_to_6.5,26.35_to_inf,-inf_to_15.0,All,-inf_to_0.5015,-inf_to_28.5,All,tested_negative
-inf_to_99.5,-inf_to_6.5,26.35_to_inf,-inf_to_15.0,All,0.5015_to_inf,28.5_to_inf,All,tested_positive
-inf_to_99.5,6.5_to_inf,26.35_to_inf,15.0_to_87.5,All,0.5015_to_inf,28.5_to_inf,All,tested_negative
-inf_to_99.5,-inf_to_6.5,26.35_to_inf,-inf_to_15.0,All,-inf_to_0.5015,28.5_to_inf,All,tested_negative
154.5_to_inf,-inf_to_6.5,26.35_to_inf,87.5_to_143.0,All,-inf_to_0.5015,28.5_to_inf,All,tested_positive
127.5_to_154.5,-inf_to_6.5,26.35_to_inf,143.0_to_inf,All,0.5015_to_inf,-inf_to_28.5,All,tested_negative
-inf_to_99.5,-inf_to_6.5,26.35_to_inf,15.0_to_87.5,All,0.5015_to_inf,-inf_to_28.5,All,tested_negative
-inf_to_99.5,6.5_to_inf,26.35_to_inf,-inf_to_15.0,All,-inf_to_0.5015,28.5_to_inf,All,tested_positive
127.5_to_154.5,-inf_to_6.5,-inf_to_26.35,143.0_to_inf,All,-inf_to_0.5015,-inf_to_28.5,All,tested_negative
-inf_to_99.5,6.5_to_inf,-inf_to_26.35,-inf_to_15.0,All,-inf_to_0.5015,28.5_to_inf,All,tested_negative
-inf_to_99.5,-inf_to_6.5,26.35_to_inf,-inf_to_15.0,All,0.5015_to_inf,-inf_to_28.5,All,tested_negative
154.5_to_inf,-inf_to_6.5,26.35_to_inf,87.5_to_143.0,All,-inf_to_0.5015,-inf_to_28.5,All,tested_positive
127.5_to_154.5,6.5_to_inf,26.35_to_inf,143.0_to_inf,All,0.5015_to_inf,28.5_to_inf,All,tested_positive
99.5_to_127.5,6.5_to_inf,26.35_to_inf,-inf_to_15.0,All,-inf_to_0.5015,28.5_to_inf,All,tested_negative
-inf_to_99.5,6.5_to_inf,26.35_to_inf,-inf_to_15.0,All,-inf_to_0.5015,28.5_to_inf,All,tested_negative
127.5_to_154.5,-inf_to_6.5,-inf_to_26.35,143.0_to_inf,All,0.5015_to_inf,28.5_to_inf,All,tested_negative
-inf_to_99.5,-inf_to_6.5,-inf_to_26.35,15.0_to_87.5,All,-inf_to_0.5015,-inf_to_28.5,All,tested_negative
99.5_to_127.5,-inf_to_6.5,26.35_to_inf,87.5_to_143.0,All,-inf_to_0.5015,-inf_to_28.5,All,tested_negative
99.5_to_127.5,-inf_to_6.5,-inf_to_26.35,-inf_to_15.0,All,-inf_to_0.5015,-inf_to_28.5,All,tested_negative
127.5_to_154.5,6.5_to_inf,26.35_to_inf,-inf_to_15.0,All,0.5015_to_inf,28.5_to_inf,All,tested_positive
99.5_to_127.5,-inf_to_6.5,26.35_to_inf,-inf_to_15.0,All,-inf_to_0.5015,-inf_to_28.5,All,tested_negative
-inf_to_99.5,-inf_to_6.5,-inf_to_26.35,-inf_to_15.0,All,-inf_to_0.5015,-inf_to_28.5,All,tested_negative
-inf_to_99.5,-inf_to_6.5,-inf_to_26.35,15.0_to_87.5,All,-inf_to_0.5015,-inf_to_28.5,All,tested_negative
99.5_to_127.5,-inf_to_6.5,-inf_to_26.35,87.5_to_143.0,All,-inf_to_0.5015,-inf_to_28.5,All,tested_negative
99.5_to_127.5,-inf_to_6.5,26.35_to_inf,143.0_to_inf,All,-inf_to_0.5015,-inf_to_28.5,All,tested_negative
99.5_to_127.5,-inf_to_6.5,-inf_to_26.35,-inf_to_15.0,All,0.5015_to_inf,28.5_to_inf,All,tested_negative
99.5_to_127.5,-inf_to_6.5,26.35_to_inf,87.5_to_143.0,All,0.5015_to_inf,-inf_to_28.5,All,tested_negative
99.5_to_127.5,-inf_to_6.5,26.35_to_inf,-inf_to_15.0,All,0.5015_to_inf,-inf_to_28.5,All,tested_negative
-inf_to_99.5,-inf_to_6.5,26.35_to_inf,15.0_to_87.5,All,0.5015_to_inf,28.5_to_inf,All,tested_negative
-inf_to_99.5,-inf_to_6.5,26.35_to_inf,-inf_to_15.0,All,-inf_to_0.5015,28.5_to_inf,All,tested_negative
-inf_to_99.5,-inf_to_6.5,26.35_to_inf,15.0_to_87.5,All,0.5015_to_inf,-inf_to_28.5,All,tested_negative
127.5_to_154.5,-inf_to_6.5,26.35_to_inf,-inf_to_15.0,All,-inf_to_0.5015,-inf_to_28.5,All,tested_positive
99.5_to_127.5,-inf_to_6.5,26.35_to_inf,-inf_to_15.0,All,-inf_to_0.5015,28.5_to_inf,All,tested_negative
-inf_to_99.5,-inf_to_6.5,-inf_to_26.35,-inf_to_15.0,All,0.5015_to_inf,28.5_to_inf,All,tested_negative
99.5_to_127.5,-inf_to_6.5,26.35_to_inf,143.0_to_inf,All,0.5015_to_inf,-inf_to_28.5,All,tested_negative
127.5_to_154.5,-inf_to_6.5,26.35_to_inf,143.0_to_inf,All,0.5015_to_inf,28.5_to_inf,All,tested_positive
99.5_to_127.5,6.5_to_inf,26.35_to_inf,143.0_to_inf,All,0.5015_to_inf,28.5_to_inf,All,tested_positive
127.5_to_154.5,-inf_to_6.5,26.35_to_inf,143.0_to_inf,All,0.5015_to_inf,-inf_to_28.5,All,tested_positive
-inf_to_99.5,6.5_to_inf,26.35_to_inf,-inf_to_15.0,All,0.5015_to_inf,28.5_to_inf,All,tested_positive
-inf_to_99.5,-inf_to_6.5,26.35_to_inf,15.0_to_87.5,All,-inf_to_0.5015,-inf_to_28.5,All,tested_negative
-inf_to_99.5,-inf_to_6.5,26.35_to_inf,15.0_to_87.5,All,-inf_to_0.5015,28.5_to_inf,All,tested_negative
154.5_to_inf,6.5_to_inf,26.35_to_inf,143.0_to_inf,All,-inf_to_0.5015,28.5_to_inf,All,tested_positive
154.5_to_inf,-inf_to_6.5,26.35_to_inf,143.0_to_inf,All,0.5015_to_inf,28.5_to_inf,All,tested_positive
127.5_to_154.5,-inf_to_6.5,26.35_to_inf,143.0_to_inf,All,-inf_to_0.5015,-inf_to_28.5,All,tested_negative
154.5_to_inf,-inf_to_6.5,26.35_to_inf,-inf_to_15.0,All,0.5015_to_inf,28.5_to_inf,All,tested_negative
-inf_to_99.5,-inf_to_6.5,26.35_to_inf,87.5_to_143.0,All,0.5015_to_inf,-inf_to_28.5,All,tested_negative
99.5_to_127.5,-inf_to_6.5,26.35_to_inf,-inf_to_15.0,All,-inf_to_0.5015,28.5_to_inf,All,tested_negative
-inf_to_99.5,-inf_to_6.5,26.35_to_inf,15.0_to_87.5,All,-inf_to_0.5015,-inf_to_28.5,All,tested_negative
-inf_to_99.5,-inf_to_6.5,26.35_to_inf,87.5_to_143.0,All,-inf_to_0.5015,-inf_to_28.5,All,tested_negative
99.5_to_127.5,6.5_to_inf,-inf_to_26.35,143.0_to_inf,All,-inf_to_0.5015,28.5_to_inf,All,tested_negative
-inf_to_99.5,-inf_to_6.5,26.35_to_inf,-inf_to_15.0,All,-inf_to_0.5015,28.5_to_inf,All,tested_negative
99.5_to_127.5,6.5_to_inf,26.35_to_inf,-inf_to_15.0,All,-inf_to_0.5015,28.5_to_inf,All,tested_negative
99.5_to_127.5,6.5_to_inf,26.35_to_inf,-inf_to_15.0,All,-inf_to_0.5015,28.5_to_inf,All,tested_negative
-inf_to_99.5,6.5_to_inf,26.35_to_inf,-inf_to_15.0,All,-inf_to_0.5015,28.5_to_inf,All,tested_negative
99.5_to_127.5,-inf_to_6.5,26.35_to_inf,-inf_to_15.0,All,-inf_to_0.5015,28.5_to_inf,All,tested_positive
154.5_to_inf,-inf_to_6.5,26.35_to_inf,143.0_to_inf,All,0.5015_to_inf,-inf_to_28.5,All,tested_positive
-inf_to_99.5,-inf_to_6.5,26.35_to_inf,15.0_to_87.5,All,-inf_to_0.5015,-inf_to_28.5,All,tested_negative
-inf_to_99.5,-inf_to_6.5,-inf_to_26.35,87.5_to_143.0,All,0.5015_to_inf,-inf_to_28.5,All,tested_negative
-inf_to_99.5,-inf_to_6.5,26.35_to_inf,15.0_to_87.5,All,-inf_to_0.5015,-inf_to_28.5,All,tested_negative
-inf_to_99.5,-inf_to_6.5,26.35_to_inf,87.5_to_143.0,All,-inf_to_0.5015,28.5_to_inf,All,tested_negative
127.5_to_154.5,-inf_to_6.5,26.35_to_inf,87.5_to_143.0,All,-inf_to_0.5015,28.5_to_inf,All,tested_negative
99.5_to_127.5,-inf_to_6.5,26.35_to_inf,143.0_to_inf,All,-inf_to_0.5015,28.5_to_inf,All,tested_positive
-inf_to_99.5,-inf_to_6.5,26.35_to_inf,-inf_to_15.0,All,-inf_to_0.5015,28.5_to_inf,All,tested_negative
127.5_to_154.5,-inf_to_6.5,-inf_to_26.35,-inf_to_15.0,All,-inf_to_0.5015,-inf_to_28.5,All,tested_negative
-inf_to_99.5,-inf_to_6.5,26.35_to_inf,87.5_to_143.0,All,-inf_to_0.5015,-inf_to_28.5,All,tested_negative
127.5_to_154.5,-inf_to_6.5,26.35_to_inf,143.0_to_inf,All,0.5015_to_inf,-inf_to_28.5,All,tested_negative
99.5_to_127.5,-inf_to_6.5,26.35_to_inf,15.0_to_87.5,All,-inf_to_0.5015,-inf_to_28.5,All,tested_negative
99.5_to_127.5,-inf_to_6.5,-inf_to_26.35,87.5_to_143.0,All,0.5015_to_inf,28.5_to_inf,All,tested_negative
99.5_to_127.5,-inf_to_6.5,26.35_to_inf,-inf_to_15.0,All,0.5015_to_inf,-inf_to_28.5,All,tested_positive
127.5_to_154.5,6.5_to_inf,26.35_to_inf,-inf_to_15.0,All,-inf_to_0.5015,28.5_to_inf,All,tested_negative
154.5_to_inf,-inf_to_6.5,26.35_to_inf,-inf_to_15.0,All,0.5015_to_inf,28.5_to_inf,All,tested_positive
127.5_to_154.5,-inf_to_6.5,26.35_to_inf,-inf_to_15.0,All,-inf_to_0.5015,-inf_to_28.5,All,tested_positive
99.5_to_127.5,-inf_to_6.5,-inf_to_26.35,-inf_to_15.0,All,-inf_to_0.5015,-inf_to_28.5,All,tested_negative
99.5_to_127.5,6.5_to_inf,26.35_to_inf,-inf_to_15.0,All,-inf_to_0.5015,28.5_to_inf,All,tested_negative
99.5_to_127.5,6.5_to_inf,26.35_to_inf,-inf_to_15.0,All,-inf_to_0.5015,28.5_to_inf,All,tested_negative
99.5_to_127.5,6.5_to_inf,26.35_to_inf,143.0_to_inf,All,0.5015_to_inf,28.5_to_inf,All,tested_positive
-inf_to_99.5,-inf_to_6.5,-inf_to_26.35,-inf_to_15.0,All,-inf_to_0.5015,-inf_to_28.5,All,tested_negative
127.5_to_154.5,6.5_to_inf,26.35_to_inf,-inf_to_15.0,All,-inf_to_0.5015,28.5_to_inf,All,tested_positive
99.5_to_127.5,-inf_to_6.5,-inf_to_26.35,-inf_to_15.0,All,-inf_to_0.5015,28.5_to_inf,All,tested_negative
154.5_to_inf,-inf_to_6.5,26.35_to_inf,143.0_to_inf,All,0.5015_to_inf,28.5_to_inf,All,tested_positive
-inf_to_99.5,-inf_to_6.5,-inf_to_26.35,-inf_to_15.0,All,-inf_to_0.5015,-inf_to_28.5,All,tested_negative
99.5_to_127.5,6.5_to_inf,26.35_to_inf,-inf_to_15.0,All,0.5015_to_inf,28.5_to_inf,All,tested_positive
99.5_to_127.5,-inf_to_6.5,26.35_to_inf,87.5_to_143.0,All,-inf_to_0.5015,-inf_to_28.5,All,tested_negative
127.5_to_154.5,-inf_to_6.5,26.35_to_inf,-inf_to_15.0,All,-inf_to_0.5015,28.5_to_inf,All,tested_positive
-inf_to_99.5,-inf_to_6.5,26.35_to_inf,87.5_to_143.0,All,0.5015_to_inf,-inf_to_28.5,All,tested_negative
99.5_to_127.5,-inf_to_6.5,26.35_to_inf,143.0_to_inf,All,0.5015_to_inf,28.5_to_inf,All,tested_negative
154.5_to_inf,-inf_to_6.5,26.35_to_inf,143.0_to_inf,All,0.5015_to_inf,-inf_to_28.5,All,tested_positive
-inf_to_99.5,-inf_to_6.5,26.35_to_inf,-inf_to_15.0,All,-inf_to_0.5015,28.5_to_inf,All,tested_negative
154.5_to_inf,-inf_to_6.5,26.35_to_inf,-inf_to_15.0,All,-inf_to_0.5015,28.5_to_inf,All,tested_positive
99.5_to_127.5,-inf_to_6.5,-inf_to_26.35,87.5_to_143.0,All,-inf_to_0.5015,-inf_to_28.5,All,tested_negative
99.5_to_127.5,-inf_to_6.5,26.35_to_inf,-inf_to_15.0,All,-inf_to_0.5015,-inf_to_28.5,All,tested_negative
-inf_to_99.5,-inf_to_6.5,-inf_to_26.35,-inf_to_15.0,All,-inf_to_0.5015,-inf_to_28.5,All,tested_negative
99.5_to_127.5,-inf_to_6.5,26.35_to_inf,-inf_to_15.0,All,-inf_to_0.5015,28.5_to_inf,All,tested_negative
127.5_to_154.5,6.5_to_inf,26.35_to_inf,87.5_to_143.0,All,0.5015_to_inf,28.5_to_inf,All,tested_positive
154.5_to_inf,-inf_to_6.5,26.35_to_inf,-inf_to_15.0,All,-inf_to_0.5015,28.5_to_inf,All,tested_positive
99.5_to_127.5,-inf_to_6.5,26.35_to_inf,-inf_to_15.0,All,0.5015_to_inf,-inf_to_28.5,All,tested_negative
154.5_to_inf,-inf_to_6.5,26.35_to_inf,143.0_to_inf,All,0.5015_to_inf,-inf_to_28.5,All,tested_positive
-inf_to_99.5,-inf_to_6.5,-inf_to_26.35,15.0_to_87.5,All,-inf_to_0.5015,-inf_to_28.5,All,tested_negative
127.5_to_154.5,-inf_to_6.5,26.35_to_inf,143.0_to_inf,All,-inf_to_0.5015,-inf_to_28.5,All,tested_negative
99.5_to_127.5,-inf_to_6.5,-inf_to_26.35,143.0_to_inf,All,-inf_to_0.5015,-inf_to_28.5,All,tested_negative
99.5_to_127.5,-inf_to_6.5,26.35_to_inf,143.0_to_inf,All,-inf_to_0.5015,-inf_to_28.5,All,tested_negative
154.5_to_inf,-inf_to_6.5,26.35_to_inf,143.0_to_inf,All,0.5015_to_inf,28.5_to_inf,All,tested_positive
154.5_to_inf,6.5_to_inf,26.35_to_inf,143.0_to_inf,All,0.5015_to_inf,28.5_to_inf,All,tested_positive
99.5_to_127.5,-inf_to_6.5,26.35_to_inf,-inf_to_15.0,All,0.5015_to_inf,-inf_to_28.5,All,tested_negative
127.5_to_154.5,6.5_to_inf,26.35_to_inf,143.0_to_inf,All,0.5015_to_inf,28.5_to_inf,All,tested_positive
99.5_to_127.5,-inf_to_6.5,-inf_to_26.35,-inf_to_15.0,All,-inf_to_0.5015,-inf_to_28.5,All,tested_negative
99.5_to_127.5,-inf_to_6.5,26.35_to_inf,-inf_to_15.0,All,-inf_to_0.5015,28.5_to_inf,All,tested_negative
99.5_to_127.5,6.5_to_inf,26.35_to_inf,-inf_to_15.0,All,0.5015_to_inf,28.5_to_inf,All,tested_positive
99.5_to_127.5,-inf_to_6.5,26.35_to_inf,143.0_to_inf,All,-inf_to_0.5015,-inf_to_28.5,All,tested_negative
-inf_to_99.5,-inf_to_6.5,-inf_to_26.35,-inf_to_15.0,All,0.5015_to_inf,-inf_to_28.5,All,tested_negative
154.5_to_inf,-inf_to_6.5,26.35_to_inf,-inf_to_15.0,All,0.5015_to_inf,28.5_to_inf,All,tested_negative
-inf_to_99.5,-inf_to_6.5,26.35_to_inf,87.5_to_143.0,All,-inf_to_0.5015,-inf_to_28.5,All,tested_negative
99.5_to_127.5,-inf_to_6.5,26.35_to_inf,-inf_to_15.0,All,-inf_to_0.5015,-inf_to_28.5,All,tested_negative
-inf_to_99.5,-inf_to_6.5,26.35_to_inf,15.0_to_87.5,All,-inf_to_0.5015,28.5_to_inf,All,tested_negative
99.5_to_127.5,-inf_to_6.5,-inf_to_26.35,-inf_to_15.0,All,-inf_to_0.5015,-inf_to_28.5,All,tested_negative
127.5_to_154.5,-inf_to_6.5,26.35_to_inf,-inf_to_15.0,All,-inf_to_0.5015,-inf_to_28.5,All,tested_negative
127.5_to_154.5,-inf_to_6.5,26.35_to_inf,-inf_to_15.0,All,-inf_to_0.5015,28.5_to_inf,All,tested_negative
-inf_to_99.5,-inf_to_6.5,-inf_to_26.35,-inf_to_15.0,All,-inf_to_0.5015,-inf_to_28.5,All,tested_negative
99.5_to_127.5,6.5_to_inf,26.35_to_inf,-inf_to_15.0,All,0.5015_to_inf,28.5_to_inf,All,tested_positive
99.5_to_127.5,-inf_to_6.5,26.35_to_inf,87.5_to_143.0,All,-inf_to_0.5015,-inf_to_28.5,All,tested_negative
99.5_to_127.5,-inf_to_6.5,-inf_to_26.35,-inf_to_15.0,All,-inf_to_0.5015,-inf_to_28.5,All,tested_negative
127.5_to_154.5,-inf_to_6.5,26.35_to_inf,143.0_to_inf,All,-inf_to_0.5015,-inf_to_28.5,All,tested_negative
-inf_to_99.5,6.5_to_inf,-inf_to_26.35,-inf_to_15.0,All,-inf_to_0.5015,28.5_to_inf,All,tested_negative
99.5_to_127.5,6.5_to_inf,26.35_to_inf,-inf_to_15.0,All,-inf_to_0.5015,28.5_to_inf,All,tested_positive
-inf_to_99.5,-inf_to_6.5,26.35_to_inf,15.0_to_87.5,All,0.5015_to_inf,-inf_to_28.5,All,tested_negative
-inf_to_99.5,6.5_to_inf,26.35_to_inf,87.5_to_143.0,All,0.5015_to_inf,28.5_to_inf,All,tested_positive
99.5_to_127.5,-inf_to_6.5,-inf_to_26.35,15.0_to_87.5,All,-inf_to_0.5015,-inf_to_28.5,All,tested_negative
99.5_to_127.5,-inf_to_6.5,26.35_to_inf,87.5_to_143.0,All,0.5015_to_inf,-inf_to_28.5,All,tested_negative
127.5_to_154.5,-inf_to_6.5,26.35_to_inf,-inf_to_15.0,All,-inf_to_0.5015,-inf_to_28.5,All,tested_negative
127.5_to_154.5,-inf_to_6.5,26.35_to_inf,-inf_to_15.0,All,-inf_to_0.5015,28.5_to_inf,All,tested_positive
-inf_to_99.5,-inf_to_6.5,26.35_to_inf,-inf_to_15.0,All,0.5015_to_inf,28.5_to_inf,All,tested_negative
99.5_to_127.5,-inf_to_6.5,26.35_to_inf,143.0_to_inf,All,0.5015_to_inf,-inf_to_28.5,All,tested_negative
154.5_to_inf,-inf_to_6.5,26.35_to_inf,143.0_to_inf,All,-inf_to_0.5015,28.5_to_inf,All,tested_negative
154.5_to_inf,-inf_to_6.5,-inf_to_26.35,143.0_to_inf,All,-inf_to_0.5015,28.5_to_inf,All,tested_positive
154.5_to_inf,-inf_to_6.5,26.35_to_inf,143.0_to_inf,All,-inf_to_0.5015,-inf_to_28.5,All,tested_positive
127.5_to_154.5,6.5_to_inf,26.35_to_inf,87.5_to_143.0,All,-inf_to_0.5015,28.5_to_inf,All,tested_positive
99.5_to_127.5,-inf_to_6.5,26.35_to_inf,-inf_to_15.0,All,-inf_to_0.5015,-inf_to_28.5,All,tested_negative
-inf_to_99.5,-inf_to_6.5,-inf_to_26.35,87.5_to_143.0,All,-inf_to_0.5015,-inf_to_28.5,All,tested_negative
99.5_to_127.5,-inf_to_6.5,26.35_to_inf,15.0_to_87.5,All,-inf_to_0.5015,-inf_to_28.5,All,tested_negative
99.5_to_127.5,-inf_to_6.5,26.35_to_inf,-inf_to_15.0,All,-inf_to_0.5015,-inf_to_28.5,All,tested_negative
99.5_to_127.5,-inf_to_6.5,26.35_to_inf,87.5_to_143.0,All,-inf_to_0.5015,-inf_to_28.5,All,tested_negative
154.5_to_inf,-inf_to_6.5,26.35_to_inf,143.0_to_inf,All,-inf_to_0.5015,-inf_to_28.5,All,tested_positive
99.5_to_127.5,-inf_to_6.5,-inf_to_26.35,87.5_to_143.0,All,-inf_to_0.5015,-inf_to_28.5,All,tested_negative
99.5_to_127.5,-inf_to_6.5,26.35_to_inf,143.0_to_inf,All,0.5015_to_inf,28.5_to_inf,All,tested_negative
99.5_to_127.5,6.5_to_inf,26.35_to_inf,-inf_to_15.0,All,-inf_to_0.5015,28.5_to_inf,All,tested_negative
154.5_to_inf,6.5_to_inf,26.35_to_inf,-inf_to_15.0,All,-inf_to_0.5015,28.5_to_inf,All,tested_negative
154.5_to_inf,-inf_to_6.5,26.35_to_inf,-inf_to_15.0,All,0.5015_to_inf,-inf_to_28.5,All,tested_positive
154.5_to_inf,6.5_to_inf,26.35_to_inf,143.0_to_inf,All,-inf_to_0.5015,28.5_to_inf,All,tested_positive
127.5_to_154.5,6.5_to_inf,26.35_to_inf,87.5_to_143.0,All,0.5015_to_inf,28.5_to_inf,All,tested_positive
99.5_to_127.5,-inf_to_6.5,26.35_to_inf,-inf_to_15.0,All,-inf_to_0.5015,28.5_to_inf,All,tested_positive
99.5_to_127.5,-inf_to_6.5,26.35_to_inf,87.5_to_143.0,All,-inf_to_0.5015,-inf_to_28.5,All,tested_negative
127.5_to_154.5,-inf_to_6.5,26.35_to_inf,-inf_to_15.0,All,-inf_to_0.5015,28.5_to_inf,All,tested_positive
99.5_to_127.5,6.5_to_inf,26.35_to_inf,-inf_to_15.0,All,-inf_to_0.5015,28.5_to_inf,All,tested_positive
-inf_to_99.5,-inf_to_6.5,26.35_to_inf,143.0_to_inf,All,-inf_to_0.5015,28.5_to_inf,All,tested_negative
154.5_to_inf,-inf_to_6.5,26.35_to_inf,143.0_to_inf,All,0.5015_to_inf,28.5_to_inf,All,tested_negative
-inf_to_99.5,-inf_to_6.5,-inf_to_26.35,-inf_to_15.0,All,0.5015_to_inf,-inf_to_28.5,All,tested_negative
-inf_to_99.5,6.5_to_inf,26.35_to_inf,15.0_to_87.5,All,-inf_to_0.5015,28.5_to_inf,All,tested_negative
99.5_to_127.5,-inf_to_6.5,26.35_to_inf,143.0_to_inf,All,0.5015_to_inf,-inf_to_28.5,All,tested_negative
-inf_to_99.5,6.5_to_inf,26.35_to_inf,-inf_to_15.0,All,0.5015_to_inf,28.5_to_inf,All,tested_negative
154.5_to_inf,-inf_to_6.5,26.35_to_inf,-inf_to_15.0,All,-inf_to_0.5015,28.5_to_inf,All,tested_positive
154.5_to_inf,6.5_to_inf,-inf_to_26.35,-inf_to_15.0,All,-inf_to_0.5015,28.5_to_inf,All,tested_positive
-inf_to_99.5,-inf_to_6.5,26.35_to_inf,-inf_to_15.0,All,-inf_to_0.5015,-inf_to_28.5,All,tested_negative
99.5_to_127.5,-inf_to_6.5,26.35_to_inf,-inf_to_15.0,All,-inf_to_0.5015,-inf_to_28.5,All,tested_positive
-inf_to_99.5,-inf_to_6.5,-inf_to_26.35,15.0_to_87.5,All,-inf_to_0.5015,-inf_to_28.5,All,tested_negative
-inf_to_99.5,-inf_to_6.5,26.35_to_inf,87.5_to_143.0,All,-inf_to_0.5015,-inf_to_28.5,All,tested_negative
99.5_to_127.5,-inf_to_6.5,26.35_to_inf,-inf_to_15.0,All,0.5015_to_inf,-inf_to_28.5,All,tested_positive
127.5_to_154.5,-inf_to_6.5,-inf_to_26.35,-inf_to_15.0,All,0.5015_to_inf,28.5_to_inf,All,tested_negative
127.5_to_154.5,-inf_to_6.5,26.35_to_inf,143.0_to_inf,All,0.5015_to_inf,-inf_to_28.5,All,tested_negative
127.5_to_154.5,-inf_to_6.5,-inf_to_26.35,-inf_to_15.0,All,-inf_to_0.5015,-inf_to_28.5,All,tested_negative
127.5_to_154.5,-inf_to_6.5,-inf_to_26.35,143.0_to_inf,All,0.5015_to_inf,-inf_to_28.5,All,tested_negative
127.5_to_154.5,-inf_to_6.5,26.35_to_inf,143.0_to_inf,All,-inf_to_0.5015,28.5_to_inf,All,tested_positive
99.5_to_127.5,6.5_to_inf,-inf_to_26.35,-inf_to_15.0,All,0.5015_to_inf,28.5_to_inf,All,tested_negative
154.5_to_inf,6.5_to_inf,26.35_to_inf,-inf_to_15.0,All,-inf_to_0.5015,28.5_to_inf,All,tested_positive
99.5_to_127.5,-inf_to_6.5,26.35_to_inf,87.5_to_143.0,All,0.5015_to_inf,-inf_to_28.5,All,tested_negative
127.5_to_154.5,6.5_to_inf,26.35_to_inf,87.5_to_143.0,All,-inf_to_0.5015,28.5_to_inf,All,tested_positive
-inf_to_99.5,-inf_to_6.5,-inf_to_26.35,-inf_to_15.0,All,-inf_to_0.5015,-inf_to_28.5,All,tested_negative
127.5_to_154.5,6.5_to_inf,26.35_to_inf,143.0_to_inf,All,-inf_to_0.5015,28.5_to_inf,All,tested_positive
154.5_to_inf,-inf_to_6.5,26.35_to_inf,87.5_to_143.0,All,-inf_to_0.5015,28.5_to_inf,All,tested_positive
-inf_to_99.5,-inf_to_6.5,-inf_to_26.35,-inf_to_15.0,All,-inf_to_0.5015,-inf_to_28.5,All,tested_negative
99.5_to_127.5,-inf_to_6.5,26.35_to_inf,143.0_to_inf,All,0.5015_to_inf,-inf_to_28.5,All,tested_negative
99.5_to_127.5,-inf_to_6.5,26.35_to_inf,-inf_to_15.0,All,0.5015_to_inf,-inf_to_28.5,All,tested_negative
99.5_to_127.5,-inf_to_6.5,26.35_to_inf,143.0_to_inf,All,-inf_to_0.5015,-inf_to_28.5,All,tested_negative
99.5_to_127.5,-inf_to_6.5,26.35_to_inf,-inf_to_15.0,All,0.5015_to_inf,28.5_to_inf,All,tested_positive
154.5_to_inf,-inf_to_6.5,26.35_to_inf,-inf_to_15.0,All,0.5015_to_inf,28.5_to_inf,All,tested_positive
127.5_to_154.5,-inf_to_6.5,26.35_to_inf,-inf_to_15.0,All,-inf_to_0.5015,28.5_to_inf,All,tested_negative
-inf_to_99.5,-inf_to_6.5,26.35_to_inf,-inf_to_15.0,All,-inf_to_0.5015,-inf_to_28.5,All,tested_negative
99.5_to_127.5,6.5_to_inf,-inf_to_26.35,-inf_to_15.0,All,-inf_to_0.5015,28.5_to_inf,All,tested_positive
99.5_to_127.5,-inf_to_6.5,26.35_to_inf,143.0_to_inf,All,-inf_to_0.5015,-inf_to_28.5,All,tested_negative
154.5_to_inf,6.5_to_inf,26.35_to_inf,-inf_to_15.0,All,-inf_to_0.5015,28.5_to_inf,All,tested_positive
-inf_to_99.5,-inf_to_6.5,26.35_to_inf,143.0_to_inf,All,0.5015_to_inf,-inf_to_28.5,All,tested_positive
154.5_to_inf,-inf_to_6.5,26.35_to_inf,143.0_to_inf,All,-inf_to_0.5015,-inf_to_28.5,All,tested_negative
99.5_to_127.5,-inf_to_6.5,26.35_to_inf,15.0_to_87.5,All,-inf_to_0.5015,28.5_to_inf,All,tested_negative
127.5_to_154.5,6.5_to_inf,26.35_to_inf,-inf_to_15.0,All,-inf_to_0.5015,28.5_to_inf,All,tested_positive
127.5_to_154.5,-inf_to_6.5,26.35_to_inf,143.0_to_inf,All,-inf_to_0.5015,-inf_to_28.5,All,tested_negative
99.5_to_127.5,-inf_to_6.5,26.35_to_inf,-inf_to_15.0,All,-inf_to_0.5015,28.5_to_inf,All,tested_negative
154.5_to_inf,6.5_to_inf,26.35_to_inf,143.0_to_inf,All,0.5015_to_inf,28.5_to_inf,All,tested_positive
154.5_to_inf,-inf_to_6.5,26.35_to_inf,143.0_to_inf,All,0.5015_to_inf,28.5_to_inf,All,tested_positive
99.5_to_127.5,-inf_to_6.5,26.35_to_inf,143.0_to_inf,All,-inf_to_0.5015,-inf_to_28.5,All,tested_negative
-inf_to_99.5,-inf_to_6.5,26.35_to_inf,-inf_to_15.0,All,-inf_to_0.5015,28.5_to_inf,All,tested_positive
-inf_to_99.5,-inf_to_6.5,26.35_to_inf,-inf_to_15.0,All,-inf_to_0.5015,28.5_to_inf,All,tested_negative
99.5_to_127.5,-inf_to_6.5,26.35_to_inf,143.0_to_inf,All,-inf_to_0.5015,-inf_to_28.5,All,tested_negative
127.5_to_154.5,-inf_to_6.5,26.35_to_inf,87.5_to_143.0,All,-inf_to_0.5015,28.5_to_inf,All,tested_positive
99.5_to_127.5,-inf_to_6.5,26.35_to_inf,87.5_to_143.0,All,-inf_to_0.5015,28.5_to_inf,All,tested_negative
99.5_to_127.5,-inf_to_6.5,26.35_to_inf,-inf_to_15.0,All,-inf_to_0.5015,28.5_to_inf,All,tested_negative
99.5_to_127.5,-inf_to_6.5,26.35_to_inf,-inf_to_15.0,All,-inf_to_0.5015,28.5_to_inf,All,tested_negative
99.5_to_127.5,-inf_to_6.5,26.35_to_inf,143.0_to_inf,All,-inf_to_0.5015,-inf_to_28.5,All,tested_negative
127.5_to_154.5,-inf_to_6.5,26.35_to_inf,-inf_to_15.0,All,-inf_to_0.5015,-inf_to_28.5,All,tested_negative
154.5_to_inf,-inf_to_6.5,-inf_to_26.35,-inf_to_15.0,All,-inf_to_0.5015,-inf_to_28.5,All,tested_negative
-inf_to_99.5,-inf_to_6.5,26.35_to_inf,-inf_to_15.0,All,-inf_to_0.5015,-inf_to_28.5,All,tested_negative
99.5_to_127.5,6.5_to_inf,26.35_to_inf,-inf_to_15.0,All,-inf_to_0.5015,-inf_to_28.5,All,tested_positive
154.5_to_inf,-inf_to_6.5,26.35_to_inf,87.5_to_143.0,All,0.5015_to_inf,-inf_to_28.5,All,tested_positive
99.5_to_127.5,-inf_to_6.5,26.35_to_inf,143.0_to_inf,All,-inf_to_0.5015,-inf_to_28.5,All,tested_negative
99.5_to_127.5,-inf_to_6.5,-inf_to_26.35,-inf_to_15.0,All,0.5015_to_inf,28.5_to_inf,All,tested_negative
-inf_to_99.5,-inf_to_6.5,26.35_to_inf,-inf_to_15.0,All,-inf_to_0.5015,-inf_to_28.5,All,tested_negative
99.5_to_127.5,-inf_to_6.5,26.35_to_inf,87.5_to_143.0,All,0.5015_to_inf,-inf_to_28.5,All,tested_negative
-inf_to_99.5,6.5_to_inf,26.35_to_inf,-inf_to_15.0,All,0.5015_to_inf,28.5_to_inf,All,tested_negative
-inf_to_99.5,-inf_to_6.5,26.35_to_inf,143.0_to_inf,All,-inf_to_0.5015,-inf_to_28.5,All,tested_negative
99.5_to_127.5,-inf_to_6.5,26.35_to_inf,-inf_to_15.0,All,-inf_to_0.5015,28.5_to_inf,All,tested_positive
99.5_to_127.5,6.5_to_inf,26.35_to_inf,143.0_to_inf,All,0.5015_to_inf,28.5_to_inf,All,tested_positive
99.5_to_127.5,-inf_to_6.5,26.35_to_inf,87.5_to_143.0,All,-inf_to_0.5015,-inf_to_28.5,All,tested_negative
99.5_to_127.5,-inf_to_6.5,26.35_to_inf,87.5_to_143.0,All,-inf_to_0.5015,-inf_to_28.5,All,tested_negative
127.5_to_154.5,6.5_to_inf,26.35_to_inf,-inf_to_15.0,All,0.5015_to_inf,28.5_to_inf,All,tested_positive
127.5_to_154.5,6.5_to_inf,26.35_to_inf,87.5_to_143.0,All,0.5015_to_inf,28.5_to_inf,All,tested_negative
99.5_to_127.5,6.5_to_inf,26.35_to_inf,87.5_to_143.0,All,-inf_to_0.5015,28.5_to_inf,All,tested_negative
127.5_to_154.5,-inf_to_6.5,26.35_to_inf,-inf_to_15.0,All,-inf_to_0.5015,-inf_to_28.5,All,tested_positive
154.5_to_inf,-inf_to_6.5,26.35_to_inf,143.0_to_inf,All,-inf_to_0.5015,28.5_to_inf,All,tested_positive
154.5_to_inf,-inf_to_6.5,-inf_to_26.35,-inf_to_15.0,All,-inf_to_0.5015,28.5_to_inf,All,tested_positive
127.5_to_154.5,-inf_to_6.5,26.35_to_inf,-inf_to_15.0,All,0.5015_to_inf,-inf_to_28.5,All,tested_positive
99.5_to_127.5,-inf_to_6.5,26.35_to_inf,15.0_to_87.5,All,-inf_to_0.5015,-inf_to_28.5,All,tested_negative
99.5_to_127.5,-inf_to_6.5,-inf_to_26.35,-inf_to_15.0,All,-inf_to_0.5015,-inf_to_28.5,All,tested_negative
154.5_to_inf,-inf_to_6.5,26.35_to_inf,143.0_to_inf,All,-inf_to_0.5015,-inf_to_28.5,All,tested_positive
127.5_to_154.5,6.5_to_inf,26.35_to_inf,-inf_to_15.0,All,-inf_to_0.5015,28.5_to_inf,All,tested_positive
127.5_to_154.5,-inf_to_6.5,26.35_to_inf,87.5_to_143.0,All,0.5015_to_inf,28.5_to_inf,All,tested_positive
99.5_to_127.5,-inf_to_6.5,26.35_to_inf,-inf_to_15.0,All,-inf_to_0.5015,28.5_to_inf,All,tested_positive
99.5_to_127.5,-inf_to_6.5,26.35_to_inf,-inf_to_15.0,All,-inf_to_0.5015,-inf_to_28.5,All,tested_negative
154.5_to_inf,-inf_to_6.5,26.35_to_inf,-inf_to_15.0,All,-inf_to_0.5015,28.5_to_inf,All,tested_positive
-inf_to_99.5,-inf_to_6.5,26.35_to_inf,15.0_to_87.5,All,0.5015_to_inf,-inf_to_28.5,All,tested_negative
-inf_to_99.5,6.5_to_inf,-inf_to_26.35,-inf_to_15.0,All,-inf_to_0.5015,28.5_to_inf,All,tested_negative
99.5_to_127.5,6.5_to_inf,26.35_to_inf,143.0_to_inf,All,-inf_to_0.5015,28.5_to_inf,All,tested_negative
99.5_to_127.5,-inf_to_6.5,26.35_to_inf,-inf_to_15.0,All,-inf_to_0.5015,-inf_to_28.5,All,tested_negative
99.5_to_127.5,-inf_to_6.5,-inf_to_26.35,87.5_to_143.0,All,-inf_to_0.5015,28.5_to_inf,All,tested_negative
99.5_to_127.5,-inf_to_6.5,26.35_to_inf,-inf_to_15.0,All,-inf_to_0.5015,28.5_to_inf,All,tested_positive
-inf_to_99.5,-inf_to_6.5,26.35_to_inf,-inf_to_15.0,All,-inf_to_0.5015,-inf_to_28.5,All,tested_negative
