Mg,Ca,Ba,Na,K,Al,Si,Fe,RI,Type
2.695_to_inf,8.315_to_10.48,-inf_to_0.335,-inf_to_13.85,0.05_to_0.745,-inf_to_1.39,All,All,1.517335_to_1.517985,build wind float
2.695_to_inf,8.315_to_10.48,-inf_to_0.335,-inf_to_13.85,0.05_to_0.745,1.39_to_1.775,All,All,1.517335_to_1.517985,build wind float
-inf_to_2.695,7.02_to_8.315,-inf_to_0.335,13.85_to_inf,-inf_to_0.05,1.39_to_1.775,All,All,-inf_to_1.517335,tableware
-inf_to_2.695,10.48_to_inf,-inf_to_0.335,-inf_to_13.85,0.05_to_0.745,-inf_to_1.39,All,All,1.517985_to_inf,build wind non-float
2.695_to_inf,8.315_to_10.48,-inf_to_0.335,-inf_to_13.85,0.05_to_0.745,1.39_to_1.775,All,All,-inf_to_1.517335,build wind non-float
2.695_to_inf,8.315_to_10.48,-inf_to_0.335,-inf_to_13.85,0.05_to_0.745,-inf_to_1.39,All,All,1.517335_to_1.517985,vehic wind float
2.695_to_inf,8.315_to_10.48,-inf_to_0.335,-inf_to_13.85,0.05_to_0.745,-inf_to_1.39,All,All,1.517985_to_inf,build wind float
-inf_to_2.695,8.315_to_10.48,0.335_to_inf,13.85_to_inf,0.05_to_0.745,1.775_to_inf,All,All,-inf_to_1.517335,headlamps
2.695_to_inf,8.315_to_10.48,-inf_to_0.335,-inf_to_13.85,0.05_to_0.745,-inf_to_1.39,All,All,1.517335_to_1.517985,build wind non-float
2.695_to_inf,7.02_to_8.315,-inf_to_0.335,-inf_to_13.85,0.05_to_0.745,1.39_to_1.775,All,All,-inf_to_1.517335,build wind non-float
2.695_to_inf,8.315_to_10.48,-inf_to_0.335,-inf_to_13.85,0.05_to_0.745,-inf_to_1.39,All,All,1.517335_to_1.517985,build wind non-float
2.695_to_inf,8.315_to_10.48,-inf_to_0.335,-inf_to_13.85,0.05_to_0.745,-inf_to_1.39,All,All,1.517985_to_inf,build wind float
2.695_to_inf,8.315_to_10.48,-inf_to_0.335,13.85_to_inf,0.05_to_0.745,-inf_to_1.39,All,All,1.517985_to_inf,vehic wind float
2.695_to_inf,8.315_to_10.48,-inf_to_0.335,-inf_to_13.85,0.05_to_0.745,1.39_to_1.775,All,All,-inf_to_1.517335,vehic wind float
2.695_to_inf,7.02_to_8.315,-inf_to_0.335,-inf_to_13.85,0.05_to_0.745,1.39_to_1.775,All,All,-inf_to_1.517335,build wind non-float
2.695_to_inf,7.02_to_8.315,-inf_to_0.335,-inf_to_13.85,0.05_to_0.745,1.39_to_1.775,All,All,-inf_to_1.517335,build wind non-float
-inf_to_2.695,10.48_to_inf,-inf_to_0.335,-inf_to_13.85,0.05_to_0.745,1.39_to_1.775,All,All,1.517985_to_inf,containers
2.695_to_inf,8.315_to_10.48,-inf_to_0.335,-inf_to_13.85,0.05_to_0.745,1.39_to_1.775,All,All,1.517985_to_inf,build wind non-float
2.695_to_inf,8.315_to_10.48,-inf_to_0.335,-inf_to_13.85,0.05_to_0.745,-inf_to_1.39,All,All,1.517985_to_inf,build wind float
-inf_to_2.695,10.48_to_inf,-inf_to_0.335,-inf_to_13.85,0.745_to_inf,1.775_to_inf,All,All,1.517985_to_inf,build wind non-float
2.695_to_inf,8.315_to_10.48,-inf_to_0.335,-inf_to_13.85,0.05_to_0.745,-inf_to_1.39,All,All,1.517985_to_inf,build wind non-float
2.695_to_inf,7.02_to_8.315,-inf_to_0.335,-inf_to_13.85,0.05_to_0.745,-inf_to_1.39,All,All,1.517335_to_1.517985,build wind float
-inf_to_2.695,8.315_to_10.48,-inf_to_0.335,-inf_to_13.85,0.745_to_inf,1.775_to_inf,All,All,1.517985_to_inf,containers
2.695_to_inf,7.02_to_8.315,-inf_to_0.335,-inf_to_13.85,0.05_to_0.745,1.39_to_1.775,All,All,-inf_to_1.517335,build wind non-float
2.695_to_inf,7.02_to_8.315,-inf_to_0.335,-inf_to_13.85,0.05_to_0.745,1.775_to_inf,All,All,-inf_to_1.517335,build wind non-float
-inf_to_2.695,8.315_to_10.48,0.335_to_inf,13.85_to_inf,-inf_to_0.05,1.775_to_inf,All,All,-inf_to_1.517335,headlamps
2.695_to_inf,7.02_to_8.315,-inf_to_0.335,-inf_to_13.85,0.05_to_0.745,1.39_to_1.775,All,All,-inf_to_1.517335,build wind non-float
2.695_to_inf,7.02_to_8.315,-inf_to_0.335,-inf_to_13.85,0.05_to_0.745,1.39_to_1.775,All,All,-inf_to_1.517335,build wind non-float
2.695_to_inf,8.315_to_10.48,-inf_to_0.335,-inf_to_13.85,0.05_to_0.745,1.39_to_1.775,All,All,1.517985_to_inf,vehic wind float
-inf_to_2.695,-inf_to_7.02,-inf_to_0.335,13.85_to_inf,-inf_to_0.05,-inf_to_1.39,All,All,-inf_to_1.517335,tableware
2.695_to_inf,7.02_to_8.315,-inf_to_0.335,-inf_to_13.85,0.05_to_0.745,1.39_to_1.775,All,All,-inf_to_1.517335,build wind non-float
2.695_to_inf,8.315_to_10.48,-inf_to_0.335,-inf_to_13.85,0.05_to_0.745,-inf_to_1.39,All,All,1.517335_to_1.517985,build wind float
2.695_to_inf,7.02_to_8.315,-inf_to_0.335,-inf_to_13.85,0.05_to_0.745,1.39_to_1.775,All,All,-inf_to_1.517335,build wind float
2.695_to_inf,7.02_to_8.315,-inf_to_0.335,-inf_to_13.85,0.05_to_0.745,1.39_to_1.775,All,All,-inf_to_1.517335,build wind float
2.695_to_inf,8.315_to_10.48,-inf_to_0.335,-inf_to_13.85,0.05_to_0.745,1.39_to_1.775,All,All,-inf_to_1.517335,build wind non-float
2.695_to_inf,7.02_to_8.315,-inf_to_0.335,13.85_to_inf,0.745_to_inf,1.775_to_inf,All,All,-inf_to_1.517335,build wind non-float
2.695_to_inf,8.315_to_10.48,-inf_to_0.335,-inf_to_13.85,0.05_to_0.745,-inf_to_1.39,All,All,1.517335_to_1.517985,build wind float
2.695_to_inf,8.315_to_10.48,-inf_to_0.335,-inf_to_13.85,0.05_to_0.745,-inf_to_1.39,All,All,1.517985_to_inf,build wind non-float
2.695_to_inf,7.02_to_8.315,-inf_to_0.335,-inf_to_13.85,0.05_to_0.745,1.39_to_1.775,All,All,-inf_to_1.517335,build wind non-float
2.695_to_inf,7.02_to_8.315,-inf_to_0.335,-inf_to_13.85,0.05_to_0.745,1.39_to_1.775,All,All,-inf_to_1.517335,build wind non-float
2.695_to_inf,8.315_to_10.48,-inf_to_0.335,-inf_to_13.85,0.05_to_0.745,-inf_to_1.39,All,All,1.517985_to_inf,vehic wind float
2.695_to_inf,8.315_to_10.48,-inf_to_0.335,-inf_to_13.85,0.05_to_0.745,-inf_to_1.39,All,All,1.517335_to_1.517985,build wind float
-inf_to_2.695,-inf_to_7.02,0.335_to_inf,13.85_to_inf,0.745_to_inf,1.775_to_inf,All,All,-inf_to_1.517335,containers
2.695_to_inf,7.02_to_8.315,-inf_to_0.335,-inf_to_13.85,0.05_to_0.745,-inf_to_1.39,All,All,1.517335_to_1.517985,build wind float
2.695_to_inf,8.315_to_10.48,-inf_to_0.335,-inf_to_13.85,0.05_to_0.745,-inf_to_1.39,All,All,1.517335_to_1.517985,build wind float
2.695_to_inf,8.315_to_10.48,-inf_to_0.335,-inf_to_13.85,0.05_to_0.745,-inf_to_1.39,All,All,1.517985_to_inf,build wind non-float
2.695_to_inf,8.315_to_10.48,-inf_to_0.335,-inf_to_13.85,0.05_to_0.745,-inf_to_1.39,All,All,1.517335_to_1.517985,build wind float
2.695_to_inf,8.315_to_10.48,-inf_to_0.335,-inf_to_13.85,0.05_to_0.745,-inf_to_1.39,All,All,1.517985_to_inf,build wind non-float
2.695_to_inf,7.02_to_8.315,-inf_to_0.335,-inf_to_13.85,0.05_to_0.745,-inf_to_1.39,All,All,1.517335_to_1.517985,build wind float
2.695_to_inf,7.02_to_8.315,-inf_to_0.335,-inf_to_13.85,0.05_to_0.745,1.39_to_1.775,All,All,-inf_to_1.517335,build wind non-float
-inf_to_2.695,8.315_to_10.48,0.335_to_inf,13.85_to_inf,-inf_to_0.05,1.775_to_inf,All,All,-inf_to_1.517335,headlamps
2.695_to_inf,8.315_to_10.48,-inf_to_0.335,-inf_to_13.85,0.05_to_0.745,1.39_to_1.775,All,All,1.517335_to_1.517985,build wind float
-inf_to_2.695,8.315_to_10.48,-inf_to_0.335,13.85_to_inf,0.745_to_inf,1.775_to_inf,All,All,1.517985_to_inf,headlamps
2.695_to_inf,8.315_to_10.48,-inf_to_0.335,-inf_to_13.85,0.05_to_0.745,-inf_to_1.39,All,All,1.517985_to_inf,build wind float
2.695_to_inf,8.315_to_10.48,-inf_to_0.335,-inf_to_13.85,0.05_to_0.745,-inf_to_1.39,All,All,1.517335_to_1.517985,vehic wind float
2.695_to_inf,7.02_to_8.315,-inf_to_0.335,-inf_to_13.85,0.05_to_0.745,-inf_to_1.39,All,All,1.517985_to_inf,build wind non-float
2.695_to_inf,8.315_to_10.48,-inf_to_0.335,-inf_to_13.85,0.05_to_0.745,-inf_to_1.39,All,All,1.517985_to_inf,build wind non-float
2.695_to_inf,8.315_to_10.48,-inf_to_0.335,-inf_to_13.85,0.05_to_0.745,-inf_to_1.39,All,All,1.517985_to_inf,build wind float
2.695_to_inf,8.315_to_10.48,-inf_to_0.335,-inf_to_13.85,0.05_to_0.745,-inf_to_1.39,All,All,-inf_to_1.517335,build wind float
2.695_to_inf,8.315_to_10.48,-inf_to_0.335,13.85_to_inf,0.05_to_0.745,-inf_to_1.39,All,All,1.517985_to_inf,build wind float
2.695_to_inf,8.315_to_10.48,-inf_to_0.335,-inf_to_13.85,0.05_to_0.745,-inf_to_1.39,All,All,1.517985_to_inf,build wind float
-inf_to_2.695,8.315_to_10.48,0.335_to_inf,13.85_to_inf,0.05_to_0.745,1.775_to_inf,All,All,-inf_to_1.517335,headlamps
2.695_to_inf,8.315_to_10.48,-inf_to_0.335,-inf_to_13.85,0.05_to_0.745,-inf_to_1.39,All,All,1.517985_to_inf,build wind float
2.695_to_inf,8.315_to_10.48,-inf_to_0.335,13.85_to_inf,0.05_to_0.745,-inf_to_1.39,All,All,1.517985_to_inf,vehic wind float
-inf_to_2.695,10.48_to_inf,0.335_to_inf,-inf_to_13.85,0.05_to_0.745,1.775_to_inf,All,All,1.517985_to_inf,build wind non-float
2.695_to_inf,8.315_to_10.48,-inf_to_0.335,-inf_to_13.85,0.05_to_0.745,-inf_to_1.39,All,All,1.517985_to_inf,build wind float
-inf_to_2.695,8.315_to_10.48,-inf_to_0.335,13.85_to_inf,-inf_to_0.05,1.39_to_1.775,All,All,1.517985_to_inf,tableware
2.695_to_inf,7.02_to_8.315,-inf_to_0.335,-inf_to_13.85,0.05_to_0.745,-inf_to_1.39,All,All,1.517985_to_inf,build wind non-float
-inf_to_2.695,8.315_to_10.48,-inf_to_0.335,13.85_to_inf,-inf_to_0.05,1.39_to_1.775,All,All,1.517985_to_inf,tableware
2.695_to_inf,7.02_to_8.315,-inf_to_0.335,-inf_to_13.85,0.05_to_0.745,1.39_to_1.775,All,All,1.517985_to_inf,build wind non-float
2.695_to_inf,8.315_to_10.48,-inf_to_0.335,-inf_to_13.85,0.05_to_0.745,-inf_to_1.39,All,All,1.517985_to_inf,build wind float
2.695_to_inf,7.02_to_8.315,-inf_to_0.335,-inf_to_13.85,0.05_to_0.745,1.39_to_1.775,All,All,-inf_to_1.517335,build wind non-float
2.695_to_inf,8.315_to_10.48,-inf_to_0.335,-inf_to_13.85,0.05_to_0.745,1.39_to_1.775,All,All,1.517335_to_1.517985,build wind float
2.695_to_inf,8.315_to_10.48,-inf_to_0.335,-inf_to_13.85,0.05_to_0.745,-inf_to_1.39,All,All,-inf_to_1.517335,build wind float
2.695_to_inf,8.315_to_10.48,-inf_to_0.335,-inf_to_13.85,0.05_to_0.745,-inf_to_1.39,All,All,-inf_to_1.517335,vehic wind float
2.695_to_inf,8.315_to_10.48,-inf_to_0.335,-inf_to_13.85,0.05_to_0.745,-inf_to_1.39,All,All,-inf_to_1.517335,build wind float
2.695_to_inf,8.315_to_10.48,-inf_to_0.335,-inf_to_13.85,0.05_to_0.745,-inf_to_1.39,All,All,1.517335_to_1.517985,build wind float
2.695_to_inf,8.315_to_10.48,-inf_to_0.335,13.85_to_inf,-inf_to_0.05,-inf_to_1.39,All,All,1.517985_to_inf,vehic wind float
2.695_to_inf,8.315_to_10.48,-inf_to_0.335,-inf_to_13.85,0.05_to_0.745,-inf_to_1.39,All,All,1.517335_to_1.517985,build wind float
-inf_to_2.695,10.48_to_inf,-inf_to_0.335,-inf_to_13.85,0.05_to_0.745,1.39_to_1.775,All,All,1.517985_to_inf,containers
2.695_to_inf,7.02_to_8.315,-inf_to_0.335,-inf_to_13.85,0.05_to_0.745,1.39_to_1.775,All,All,1.517985_to_inf,build wind non-float
-inf_to_2.695,10.48_to_inf,-inf_to_0.335,-inf_to_13.85,0.05_to_0.745,-inf_to_1.39,All,All,1.517985_to_inf,build wind non-float
2.695_to_inf,8.315_to_10.48,-inf_to_0.335,-inf_to_13.85,0.05_to_0.745,1.39_to_1.775,All,All,1.517335_to_1.517985,build wind float
-inf_to_2.695,10.48_to_inf,-inf_to_0.335,-inf_to_13.85,0.05_to_0.745,-inf_to_1.39,All,All,1.517985_to_inf,build wind non-float
-inf_to_2.695,8.315_to_10.48,0.335_to_inf,13.85_to_inf,-inf_to_0.05,1.775_to_inf,All,All,-inf_to_1.517335,headlamps
2.695_to_inf,8.315_to_10.48,-inf_to_0.335,-inf_to_13.85,0.05_to_0.745,-inf_to_1.39,All,All,1.517335_to_1.517985,build wind float
2.695_to_inf,8.315_to_10.48,-inf_to_0.335,-inf_to_13.85,0.05_to_0.745,-inf_to_1.39,All,All,1.517985_to_inf,build wind float
-inf_to_2.695,8.315_to_10.48,0.335_to_inf,13.85_to_inf,-inf_to_0.05,1.775_to_inf,All,All,-inf_to_1.517335,headlamps
-inf_to_2.695,8.315_to_10.48,0.335_to_inf,13.85_to_inf,-inf_to_0.05,1.775_to_inf,All,All,-inf_to_1.517335,headlamps
2.695_to_inf,7.02_to_8.315,-inf_to_0.335,-inf_to_13.85,0.05_to_0.745,1.39_to_1.775,All,All,-inf_to_1.517335,build wind non-float
2.695_to_inf,8.315_to_10.48,-inf_to_0.335,-inf_to_13.85,0.05_to_0.745,-inf_to_1.39,All,All,1.517985_to_inf,build wind non-float
2.695_to_inf,7.02_to_8.315,-inf_to_0.335,13.85_to_inf,0.05_to_0.745,-inf_to_1.39,All,All,1.517335_to_1.517985,build wind float
2.695_to_inf,7.02_to_8.315,-inf_to_0.335,-inf_to_13.85,0.05_to_0.745,1.39_to_1.775,All,All,-inf_to_1.517335,build wind non-float
-inf_to_2.695,8.315_to_10.48,0.335_to_inf,13.85_to_inf,0.05_to_0.745,-inf_to_1.39,All,All,1.517985_to_inf,headlamps
-inf_to_2.695,8.315_to_10.48,0.335_to_inf,13.85_to_inf,-inf_to_0.05,1.775_to_inf,All,All,-inf_to_1.517335,headlamps
-inf_to_2.695,7.02_to_8.315,0.335_to_inf,13.85_to_inf,-inf_to_0.05,1.775_to_inf,All,All,-inf_to_1.517335,headlamps
-inf_to_2.695,-inf_to_7.02,-inf_to_0.335,-inf_to_13.85,0.745_to_inf,1.775_to_inf,All,All,-inf_to_1.517335,containers
2.695_to_inf,7.02_to_8.315,-inf_to_0.335,-inf_to_13.85,0.05_to_0.745,1.775_to_inf,All,All,-inf_to_1.517335,build wind non-float
-inf_to_2.695,8.315_to_10.48,0.335_to_inf,13.85_to_inf,-inf_to_0.05,1.775_to_inf,All,All,-inf_to_1.517335,headlamps
2.695_to_inf,8.315_to_10.48,-inf_to_0.335,-inf_to_13.85,0.05_to_0.745,-inf_to_1.39,All,All,1.517985_to_inf,build wind float
2.695_to_inf,8.315_to_10.48,-inf_to_0.335,-inf_to_13.85,0.05_to_0.745,-inf_to_1.39,All,All,1.517985_to_inf,build wind non-float
-inf_to_2.695,8.315_to_10.48,0.335_to_inf,13.85_to_inf,-inf_to_0.05,1.775_to_inf,All,All,-inf_to_1.517335,headlamps
2.695_to_inf,8.315_to_10.48,-inf_to_0.335,13.85_to_inf,0.05_to_0.745,-inf_to_1.39,All,All,1.517985_to_inf,build wind float
-inf_to_2.695,8.315_to_10.48,0.335_to_inf,13.85_to_inf,-inf_to_0.05,1.775_to_inf,All,All,-inf_to_1.517335,headlamps
2.695_to_inf,8.315_to_10.48,-inf_to_0.335,-inf_to_13.85,0.05_to_0.745,-inf_to_1.39,All,All,-inf_to_1.517335,vehic wind float
2.695_to_inf,8.315_to_10.48,-inf_to_0.335,-inf_to_13.85,0.05_to_0.745,-inf_to_1.39,All,All,1.517985_to_inf,headlamps
-inf_to_2.695,8.315_to_10.48,-inf_to_0.335,-inf_to_13.85,0.05_to_0.745,1.39_to_1.775,All,All,1.517985_to_inf,build wind non-float
2.695_to_inf,-inf_to_7.02,0.335_to_inf,13.85_to_inf,0.745_to_inf,1.775_to_inf,All,All,1.517985_to_inf,headlamps
2.695_to_inf,8.315_to_10.48,-inf_to_0.335,-inf_to_13.85,0.05_to_0.745,-inf_to_1.39,All,All,1.517335_to_1.517985,build wind float
2.695_to_inf,8.315_to_10.48,-inf_to_0.335,-inf_to_13.85,0.05_to_0.745,-inf_to_1.39,All,All,-inf_to_1.517335,build wind non-float
2.695_to_inf,7.02_to_8.315,-inf_to_0.335,-inf_to_13.85,0.05_to_0.745,1.39_to_1.775,All,All,-inf_to_1.517335,build wind float
2.695_to_inf,10.48_to_inf,-inf_to_0.335,-inf_to_13.85,0.05_to_0.745,-inf_to_1.39,All,All,1.517985_to_inf,build wind non-float
2.695_to_inf,10.48_to_inf,-inf_to_0.335,-inf_to_13.85,0.05_to_0.745,-inf_to_1.39,All,All,1.517985_to_inf,build wind non-float
-inf_to_2.695,10.48_to_inf,-inf_to_0.335,-inf_to_13.85,0.05_to_0.745,1.39_to_1.775,All,All,1.517985_to_inf,containers
2.695_to_inf,8.315_to_10.48,-inf_to_0.335,-inf_to_13.85,0.05_to_0.745,-inf_to_1.39,All,All,1.517335_to_1.517985,build wind float
-inf_to_2.695,8.315_to_10.48,0.335_to_inf,13.85_to_inf,0.05_to_0.745,1.775_to_inf,All,All,-inf_to_1.517335,headlamps
2.695_to_inf,8.315_to_10.48,-inf_to_0.335,-inf_to_13.85,0.05_to_0.745,-inf_to_1.39,All,All,1.517985_to_inf,build wind float
2.695_to_inf,7.02_to_8.315,-inf_to_0.335,-inf_to_13.85,0.05_to_0.745,1.39_to_1.775,All,All,-inf_to_1.517335,build wind non-float
-inf_to_2.695,8.315_to_10.48,0.335_to_inf,13.85_to_inf,-inf_to_0.05,1.775_to_inf,All,All,1.517985_to_inf,headlamps
2.695_to_inf,8.315_to_10.48,-inf_to_0.335,-inf_to_13.85,0.05_to_0.745,-inf_to_1.39,All,All,1.517335_to_1.517985,build wind float
-inf_to_2.695,10.48_to_inf,-inf_to_0.335,-inf_to_13.85,0.05_to_0.745,1.39_to_1.775,All,All,1.517985_to_inf,containers
2.695_to_inf,7.02_to_8.315,-inf_to_0.335,-inf_to_13.85,0.05_to_0.745,-inf_to_1.39,All,All,1.517335_to_1.517985,build wind float
2.695_to_inf,7.02_to_8.315,-inf_to_0.335,-inf_to_13.85,0.05_to_0.745,-inf_to_1.39,All,All,1.517335_to_1.517985,build wind float
2.695_to_inf,7.02_to_8.315,-inf_to_0.335,-inf_to_13.85,0.05_to_0.745,1.39_to_1.775,All,All,-inf_to_1.517335,build wind non-float
2.695_to_inf,8.315_to_10.48,-inf_to_0.335,-inf_to_13.85,0.05_to_0.745,-inf_to_1.39,All,All,1.517985_to_inf,build wind float
2.695_to_inf,7.02_to_8.315,-inf_to_0.335,-inf_to_13.85,0.05_to_0.745,1.39_to_1.775,All,All,-inf_to_1.517335,build wind non-float
2.695_to_inf,8.315_to_10.48,-inf_to_0.335,-inf_to_13.85,0.05_to_0.745,-inf_to_1.39,All,All,1.517335_to_1.517985,build wind float
2.695_to_inf,8.315_to_10.48,-inf_to_0.335,13.85_to_inf,0.05_to_0.745,-inf_to_1.39,All,All,1.517985_to_inf,build wind float
2.695_to_inf,8.315_to_10.48,0.335_to_inf,-inf_to_13.85,0.05_to_0.745,-inf_to_1.39,All,All,1.517985_to_inf,build wind float
-inf_to_2.695,8.315_to_10.48,-inf_to_0.335,-inf_to_13.85,0.745_to_inf,1.775_to_inf,All,All,-inf_to_1.517335,containers
2.695_to_inf,7.02_to_8.315,-inf_to_0.335,-inf_to_13.85,0.05_to_0.745,1.39_to_1.775,All,All,-inf_to_1.517335,build wind non-float
2.695_to_inf,8.315_to_10.48,-inf_to_0.335,-inf_to_13.85,0.05_to_0.745,1.39_to_1.775,All,All,1.517985_to_inf,build wind non-float
2.695_to_inf,7.02_to_8.315,-inf_to_0.335,-inf_to_13.85,0.05_to_0.745,1.775_to_inf,All,All,-inf_to_1.517335,build wind non-float
-inf_to_2.695,8.315_to_10.48,-inf_to_0.335,-inf_to_13.85,0.05_to_0.745,1.39_to_1.775,All,All,1.517985_to_inf,build wind non-float
2.695_to_inf,7.02_to_8.315,-inf_to_0.335,13.85_to_inf,0.05_to_0.745,1.39_to_1.775,All,All,-inf_to_1.517335,build wind non-float
2.695_to_inf,7.02_to_8.315,-inf_to_0.335,-inf_to_13.85,0.05_to_0.745,-inf_to_1.39,All,All,1.517985_to_inf,build wind non-float
2.695_to_inf,-inf_to_7.02,0.335_to_inf,-inf_to_13.85,0.745_to_inf,1.775_to_inf,All,All,-inf_to_1.517335,headlamps
2.695_to_inf,8.315_to_10.48,-inf_to_0.335,13.85_to_inf,-inf_to_0.05,-inf_to_1.39,All,All,1.517985_to_inf,build wind float
2.695_to_inf,7.02_to_8.315,-inf_to_0.335,-inf_to_13.85,0.05_to_0.745,-inf_to_1.39,All,All,1.517985_to_inf,build wind non-float
2.695_to_inf,8.315_to_10.48,-inf_to_0.335,-inf_to_13.85,0.05_to_0.745,-inf_to_1.39,All,All,-inf_to_1.517335,vehic wind float
2.695_to_inf,8.315_to_10.48,-inf_to_0.335,-inf_to_13.85,0.05_to_0.745,-inf_to_1.39,All,All,1.517335_to_1.517985,build wind float
-inf_to_2.695,8.315_to_10.48,0.335_to_inf,13.85_to_inf,-inf_to_0.05,1.775_to_inf,All,All,-inf_to_1.517335,headlamps
2.695_to_inf,8.315_to_10.48,-inf_to_0.335,13.85_to_inf,-inf_to_0.05,-inf_to_1.39,All,All,1.517985_to_inf,build wind float
2.695_to_inf,8.315_to_10.48,-inf_to_0.335,-inf_to_13.85,0.05_to_0.745,-inf_to_1.39,All,All,1.517985_to_inf,build wind non-float
-inf_to_2.695,10.48_to_inf,-inf_to_0.335,-inf_to_13.85,-inf_to_0.05,-inf_to_1.39,All,All,1.517985_to_inf,build wind non-float
2.695_to_inf,8.315_to_10.48,-inf_to_0.335,-inf_to_13.85,0.05_to_0.745,-inf_to_1.39,All,All,1.517985_to_inf,build wind float
-inf_to_2.695,8.315_to_10.48,0.335_to_inf,13.85_to_inf,-inf_to_0.05,1.775_to_inf,All,All,-inf_to_1.517335,headlamps
-inf_to_2.695,-inf_to_7.02,-inf_to_0.335,-inf_to_13.85,0.745_to_inf,1.775_to_inf,All,All,-inf_to_1.517335,containers
-inf_to_2.695,10.48_to_inf,-inf_to_0.335,-inf_to_13.85,-inf_to_0.05,-inf_to_1.39,All,All,1.517985_to_inf,build wind non-float
2.695_to_inf,8.315_to_10.48,-inf_to_0.335,13.85_to_inf,0.05_to_0.745,-inf_to_1.39,All,All,1.517985_to_inf,build wind float
2.695_to_inf,8.315_to_10.48,-inf_to_0.335,-inf_to_13.85,0.05_to_0.745,-inf_to_1.39,All,All,1.517335_to_1.517985,build wind float
2.695_to_inf,8.315_to_10.48,-inf_to_0.335,-inf_to_13.85,0.05_to_0.745,-inf_to_1.39,All,All,1.517985_to_inf,build wind non-float
2.695_to_inf,7.02_to_8.315,-inf_to_0.335,-inf_to_13.85,0.05_to_0.745,-inf_to_1.39,All,All,-inf_to_1.517335,build wind non-float
2.695_to_inf,8.315_to_10.48,-inf_to_0.335,-inf_to_13.85,0.05_to_0.745,-inf_to_1.39,All,All,-inf_to_1.517335,build wind non-float
2.695_to_inf,8.315_to_10.48,-inf_to_0.335,-inf_to_13.85,0.05_to_0.745,1.39_to_1.775,All,All,-inf_to_1.517335,build wind non-float
-inf_to_2.695,-inf_to_7.02,0.335_to_inf,13.85_to_inf,0.745_to_inf,1.775_to_inf,All,All,1.517985_to_inf,headlamps
2.695_to_inf,7.02_to_8.315,-inf_to_0.335,13.85_to_inf,0.05_to_0.745,-inf_to_1.39,All,All,1.517985_to_inf,build wind float
-inf_to_2.695,8.315_to_10.48,0.335_to_inf,13.85_to_inf,-inf_to_0.05,1.775_to_inf,All,All,-inf_to_1.517335,headlamps
2.695_to_inf,8.315_to_10.48,-inf_to_0.335,13.85_to_inf,0.05_to_0.745,-inf_to_1.39,All,All,1.517985_to_inf,build wind float
-inf_to_2.695,10.48_to_inf,-inf_to_0.335,-inf_to_13.85,0.05_to_0.745,1.39_to_1.775,All,All,1.517985_to_inf,containers
-inf_to_2.695,10.48_to_inf,-inf_to_0.335,13.85_to_inf,-inf_to_0.05,-inf_to_1.39,All,All,1.517985_to_inf,tableware
2.695_to_inf,7.02_to_8.315,-inf_to_0.335,-inf_to_13.85,0.05_to_0.745,1.39_to_1.775,All,All,-inf_to_1.517335,build wind non-float
2.695_to_inf,7.02_to_8.315,-inf_to_0.335,-inf_to_13.85,0.05_to_0.745,1.39_to_1.775,All,All,-inf_to_1.517335,build wind non-float
2.695_to_inf,8.315_to_10.48,-inf_to_0.335,-inf_to_13.85,0.05_to_0.745,1.39_to_1.775,All,All,1.517335_to_1.517985,vehic wind float
2.695_to_inf,8.315_to_10.48,-inf_to_0.335,-inf_to_13.85,0.05_to_0.745,-inf_to_1.39,All,All,1.517335_to_1.517985,build wind float
-inf_to_2.695,8.315_to_10.48,0.335_to_inf,13.85_to_inf,-inf_to_0.05,1.775_to_inf,All,All,-inf_to_1.517335,headlamps
2.695_to_inf,8.315_to_10.48,-inf_to_0.335,-inf_to_13.85,0.05_to_0.745,-inf_to_1.39,All,All,1.517335_to_1.517985,build wind float
2.695_to_inf,8.315_to_10.48,-inf_to_0.335,-inf_to_13.85,0.05_to_0.745,-inf_to_1.39,All,All,1.517985_to_inf,build wind float
2.695_to_inf,8.315_to_10.48,-inf_to_0.335,-inf_to_13.85,0.05_to_0.745,-inf_to_1.39,All,All,-inf_to_1.517335,vehic wind float
-inf_to_2.695,10.48_to_inf,-inf_to_0.335,-inf_to_13.85,0.05_to_0.745,1.39_to_1.775,All,All,1.517985_to_inf,containers
2.695_to_inf,8.315_to_10.48,-inf_to_0.335,-inf_to_13.85,0.05_to_0.745,-inf_to_1.39,All,All,1.517985_to_inf,build wind float
2.695_to_inf,8.315_to_10.48,-inf_to_0.335,-inf_to_13.85,0.05_to_0.745,-inf_to_1.39,All,All,1.517335_to_1.517985,build wind float
-inf_to_2.695,8.315_to_10.48,-inf_to_0.335,13.85_to_inf,-inf_to_0.05,1.39_to_1.775,All,All,1.517985_to_inf,tableware
-inf_to_2.695,8.315_to_10.48,0.335_to_inf,13.85_to_inf,-inf_to_0.05,1.775_to_inf,All,All,-inf_to_1.517335,headlamps
-inf_to_2.695,10.48_to_inf,-inf_to_0.335,13.85_to_inf,-inf_to_0.05,1.775_to_inf,All,All,1.517985_to_inf,tableware
2.695_to_inf,8.315_to_10.48,-inf_to_0.335,-inf_to_13.85,0.05_to_0.745,-inf_to_1.39,All,All,1.517985_to_inf,build wind non-float
2.695_to_inf,7.02_to_8.315,-inf_to_0.335,-inf_to_13.85,0.05_to_0.745,1.39_to_1.775,All,All,-inf_to_1.517335,build wind non-float
2.695_to_inf,7.02_to_8.315,-inf_to_0.335,-inf_to_13.85,0.05_to_0.745,1.39_to_1.775,All,All,-inf_to_1.517335,build wind non-float
2.695_to_inf,7.02_to_8.315,-inf_to_0.335,-inf_to_13.85,0.05_to_0.745,1.39_to_1.775,All,All,-inf_to_1.517335,build wind non-float
2.695_to_inf,7.02_to_8.315,-inf_to_0.335,-inf_to_13.85,0.05_to_0.745,1.39_to_1.775,All,All,-inf_to_1.517335,build wind non-float
2.695_to_inf,8.315_to_10.48,-inf_to_0.335,-inf_to_13.85,0.05_to_0.745,-inf_to_1.39,All,All,1.517985_to_inf,build wind float
2.695_to_inf,8.315_to_10.48,-inf_to_0.335,-inf_to_13.85,0.05_to_0.745,1.39_to_1.775,All,All,1.517335_to_1.517985,vehic wind float
2.695_to_inf,8.315_to_10.48,-inf_to_0.335,-inf_to_13.85,0.05_to_0.745,-inf_to_1.39,All,All,1.517335_to_1.517985,build wind float
2.695_to_inf,8.315_to_10.48,-inf_to_0.335,-inf_to_13.85,0.05_to_0.745,-inf_to_1.39,All,All,-inf_to_1.517335,build wind float
-inf_to_2.695,8.315_to_10.48,0.335_to_inf,13.85_to_inf,-inf_to_0.05,1.775_to_inf,All,All,-inf_to_1.517335,headlamps
2.695_to_inf,7.02_to_8.315,-inf_to_0.335,-inf_to_13.85,0.05_to_0.745,1.39_to_1.775,All,All,-inf_to_1.517335,build wind float
2.695_to_inf,8.315_to_10.48,-inf_to_0.335,-inf_to_13.85,0.05_to_0.745,-inf_to_1.39,All,All,-inf_to_1.517335,vehic wind float
2.695_to_inf,7.02_to_8.315,-inf_to_0.335,-inf_to_13.85,0.05_to_0.745,1.775_to_inf,All,All,-inf_to_1.517335,build wind non-float
2.695_to_inf,7.02_to_8.315,-inf_to_0.335,13.85_to_inf,0.05_to_0.745,-inf_to_1.39,All,All,-inf_to_1.517335,build wind non-float
2.695_to_inf,8.315_to_10.48,-inf_to_0.335,-inf_to_13.85,0.05_to_0.745,1.39_to_1.775,All,All,-inf_to_1.517335,build wind non-float
-inf_to_2.695,8.315_to_10.48,-inf_to_0.335,13.85_to_inf,-inf_to_0.05,1.39_to_1.775,All,All,1.517985_to_inf,tableware
