Mg,Ca,Ba,Na,K,Al,Si,Fe,RI,Type
2.695_to_inf,8.325_to_10.075,-inf_to_0.32,-inf_to_13.995,0.055_to_0.745,-inf_to_1.42,All,All,1.517335_to_1.517985,build wind float
2.695_to_inf,8.325_to_10.075,-inf_to_0.32,-inf_to_13.995,0.055_to_0.745,-inf_to_1.42,All,All,-inf_to_1.517335,vehic wind float
2.695_to_inf,8.325_to_10.075,-inf_to_0.32,-inf_to_13.995,0.055_to_0.745,-inf_to_1.42,All,All,1.517335_to_1.517985,build wind float
-inf_to_2.695,7.02_to_8.325,-inf_to_0.32,13.995_to_inf,-inf_to_0.055,1.42_to_1.775,All,All,-inf_to_1.517335,tableware
-inf_to_2.695,10.075_to_inf,-inf_to_0.32,-inf_to_13.995,0.055_to_0.745,-inf_to_1.42,All,All,1.517985_to_inf,build wind non-float
2.695_to_inf,8.325_to_10.075,-inf_to_0.32,-inf_to_13.995,0.055_to_0.745,1.42_to_1.775,All,All,-inf_to_1.517335,build wind non-float
2.695_to_inf,8.325_to_10.075,-inf_to_0.32,-inf_to_13.995,0.055_to_0.745,-inf_to_1.42,All,All,1.517335_to_1.517985,vehic wind float
2.695_to_inf,8.325_to_10.075,-inf_to_0.32,-inf_to_13.995,0.055_to_0.745,-inf_to_1.42,All,All,1.517985_to_inf,build wind float
-inf_to_2.695,8.325_to_10.075,0.32_to_inf,13.995_to_inf,0.055_to_0.745,1.775_to_inf,All,All,-inf_to_1.517335,headlamps
2.695_to_inf,7.02_to_8.325,-inf_to_0.32,-inf_to_13.995,0.055_to_0.745,1.42_to_1.775,All,All,-inf_to_1.517335,build wind non-float
2.695_to_inf,8.325_to_10.075,-inf_to_0.32,-inf_to_13.995,0.055_to_0.745,-inf_to_1.42,All,All,1.517335_to_1.517985,build wind non-float
2.695_to_inf,8.325_to_10.075,-inf_to_0.32,-inf_to_13.995,0.055_to_0.745,-inf_to_1.42,All,All,1.517985_to_inf,build wind float
2.695_to_inf,8.325_to_10.075,-inf_to_0.32,13.995_to_inf,0.055_to_0.745,-inf_to_1.42,All,All,1.517985_to_inf,vehic wind float
2.695_to_inf,8.325_to_10.075,-inf_to_0.32,-inf_to_13.995,0.055_to_0.745,1.42_to_1.775,All,All,-inf_to_1.517335,vehic wind float
2.695_to_inf,7.02_to_8.325,-inf_to_0.32,-inf_to_13.995,0.055_to_0.745,1.42_to_1.775,All,All,-inf_to_1.517335,build wind non-float
-inf_to_2.695,8.325_to_10.075,0.32_to_inf,13.995_to_inf,-inf_to_0.055,1.775_to_inf,All,All,-inf_to_1.517335,headlamps
2.695_to_inf,7.02_to_8.325,-inf_to_0.32,-inf_to_13.995,0.055_to_0.745,1.42_to_1.775,All,All,-inf_to_1.517335,build wind non-float
-inf_to_2.695,10.075_to_inf,-inf_to_0.32,-inf_to_13.995,0.055_to_0.745,1.42_to_1.775,All,All,1.517985_to_inf,containers
2.695_to_inf,8.325_to_10.075,-inf_to_0.32,-inf_to_13.995,0.055_to_0.745,1.42_to_1.775,All,All,1.517985_to_inf,build wind non-float
2.695_to_inf,8.325_to_10.075,-inf_to_0.32,-inf_to_13.995,0.055_to_0.745,-inf_to_1.42,All,All,1.517985_to_inf,build wind float
-inf_to_2.695,10.075_to_inf,-inf_to_0.32,-inf_to_13.995,0.745_to_inf,1.775_to_inf,All,All,1.517985_to_inf,build wind non-float
2.695_to_inf,7.02_to_8.325,-inf_to_0.32,-inf_to_13.995,0.055_to_0.745,-inf_to_1.42,All,All,1.517335_to_1.517985,build wind float
-inf_to_2.695,8.325_to_10.075,-inf_to_0.32,-inf_to_13.995,0.745_to_inf,1.775_to_inf,All,All,1.517985_to_inf,containers
2.695_to_inf,7.02_to_8.325,-inf_to_0.32,-inf_to_13.995,0.055_to_0.745,1.775_to_inf,All,All,-inf_to_1.517335,build wind non-float
-inf_to_2.695,8.325_to_10.075,0.32_to_inf,13.995_to_inf,-inf_to_0.055,1.775_to_inf,All,All,-inf_to_1.517335,headlamps
2.695_to_inf,7.02_to_8.325,-inf_to_0.32,-inf_to_13.995,0.055_to_0.745,1.42_to_1.775,All,All,-inf_to_1.517335,build wind non-float
2.695_to_inf,8.325_to_10.075,-inf_to_0.32,-inf_to_13.995,0.055_to_0.745,-inf_to_1.42,All,All,-inf_to_1.517335,vehic wind float
2.695_to_inf,7.02_to_8.325,-inf_to_0.32,-inf_to_13.995,0.055_to_0.745,1.42_to_1.775,All,All,-inf_to_1.517335,build wind non-float
2.695_to_inf,8.325_to_10.075,-inf_to_0.32,-inf_to_13.995,0.055_to_0.745,1.42_to_1.775,All,All,1.517985_to_inf,vehic wind float
-inf_to_2.695,-inf_to_7.02,-inf_to_0.32,13.995_to_inf,-inf_to_0.055,-inf_to_1.42,All,All,-inf_to_1.517335,tableware
2.695_to_inf,7.02_to_8.325,-inf_to_0.32,-inf_to_13.995,0.055_to_0.745,1.42_to_1.775,All,All,-inf_to_1.517335,build wind non-float
2.695_to_inf,8.325_to_10.075,-inf_to_0.32,-inf_to_13.995,0.055_to_0.745,-inf_to_1.42,All,All,1.517335_to_1.517985,build wind float
2.695_to_inf,7.02_to_8.325,-inf_to_0.32,-inf_to_13.995,0.055_to_0.745,1.42_to_1.775,All,All,-inf_to_1.517335,build wind float
2.695_to_inf,7.02_to_8.325,-inf_to_0.32,-inf_to_13.995,0.055_to_0.745,1.42_to_1.775,All,All,-inf_to_1.517335,build wind float
2.695_to_inf,8.325_to_10.075,-inf_to_0.32,-inf_to_13.995,0.055_to_0.745,1.42_to_1.775,All,All,-inf_to_1.517335,build wind non-float
2.695_to_inf,7.02_to_8.325,-inf_to_0.32,-inf_to_13.995,0.055_to_0.745,1.42_to_1.775,All,All,-inf_to_1.517335,build wind non-float
2.695_to_inf,7.02_to_8.325,-inf_to_0.32,13.995_to_inf,0.745_to_inf,1.775_to_inf,All,All,-inf_to_1.517335,build wind non-float
2.695_to_inf,8.325_to_10.075,-inf_to_0.32,-inf_to_13.995,0.055_to_0.745,-inf_to_1.42,All,All,1.517335_to_1.517985,build wind float
2.695_to_inf,8.325_to_10.075,-inf_to_0.32,-inf_to_13.995,0.055_to_0.745,-inf_to_1.42,All,All,1.517985_to_inf,build wind non-float
2.695_to_inf,7.02_to_8.325,-inf_to_0.32,-inf_to_13.995,0.055_to_0.745,1.42_to_1.775,All,All,-inf_to_1.517335,build wind non-float
2.695_to_inf,7.02_to_8.325,-inf_to_0.32,-inf_to_13.995,0.055_to_0.745,1.42_to_1.775,All,All,-inf_to_1.517335,build wind non-float
2.695_to_inf,8.325_to_10.075,-inf_to_0.32,-inf_to_13.995,0.055_to_0.745,-inf_to_1.42,All,All,1.517985_to_inf,vehic wind float
-inf_to_2.695,-inf_to_7.02,0.32_to_inf,13.995_to_inf,0.745_to_inf,1.775_to_inf,All,All,-inf_to_1.517335,containers
2.695_to_inf,7.02_to_8.325,-inf_to_0.32,-inf_to_13.995,0.055_to_0.745,-inf_to_1.42,All,All,1.517335_to_1.517985,build wind float
2.695_to_inf,8.325_to_10.075,-inf_to_0.32,-inf_to_13.995,0.055_to_0.745,-inf_to_1.42,All,All,1.517335_to_1.517985,build wind float
2.695_to_inf,8.325_to_10.075,-inf_to_0.32,-inf_to_13.995,0.055_to_0.745,-inf_to_1.42,All,All,1.517985_to_inf,build wind non-float
2.695_to_inf,8.325_to_10.075,-inf_to_0.32,-inf_to_13.995,0.055_to_0.745,-inf_to_1.42,All,All,1.517335_to_1.517985,build wind float
2.695_to_inf,8.325_to_10.075,-inf_to_0.32,-inf_to_13.995,0.055_to_0.745,-inf_to_1.42,All,All,1.517985_to_inf,build wind non-float
2.695_to_inf,7.02_to_8.325,-inf_to_0.32,-inf_to_13.995,0.055_to_0.745,1.42_to_1.775,All,All,-inf_to_1.517335,build wind non-float
-inf_to_2.695,8.325_to_10.075,0.32_to_inf,13.995_to_inf,-inf_to_0.055,1.775_to_inf,All,All,-inf_to_1.517335,headlamps
2.695_to_inf,8.325_to_10.075,-inf_to_0.32,-inf_to_13.995,0.055_to_0.745,1.42_to_1.775,All,All,1.517335_to_1.517985,build wind float
-inf_to_2.695,8.325_to_10.075,-inf_to_0.32,13.995_to_inf,0.745_to_inf,1.775_to_inf,All,All,1.517985_to_inf,headlamps
2.695_to_inf,8.325_to_10.075,-inf_to_0.32,-inf_to_13.995,0.055_to_0.745,-inf_to_1.42,All,All,1.517985_to_inf,build wind float
2.695_to_inf,8.325_to_10.075,-inf_to_0.32,-inf_to_13.995,0.055_to_0.745,-inf_to_1.42,All,All,1.517335_to_1.517985,vehic wind float
2.695_to_inf,7.02_to_8.325,-inf_to_0.32,-inf_to_13.995,0.055_to_0.745,-inf_to_1.42,All,All,1.517985_to_inf,build wind non-float
2.695_to_inf,7.02_to_8.325,-inf_to_0.32,-inf_to_13.995,0.055_to_0.745,-inf_to_1.42,All,All,1.517985_to_inf,build wind non-float
2.695_to_inf,8.325_to_10.075,-inf_to_0.32,-inf_to_13.995,0.055_to_0.745,-inf_to_1.42,All,All,1.517985_to_inf,build wind float
2.695_to_inf,8.325_to_10.075,-inf_to_0.32,-inf_to_13.995,0.055_to_0.745,-inf_to_1.42,All,All,-inf_to_1.517335,build wind float
2.695_to_inf,8.325_to_10.075,-inf_to_0.32,13.995_to_inf,0.055_to_0.745,-inf_to_1.42,All,All,1.517985_to_inf,build wind float
2.695_to_inf,8.325_to_10.075,-inf_to_0.32,-inf_to_13.995,0.055_to_0.745,-inf_to_1.42,All,All,1.517985_to_inf,build wind float
2.695_to_inf,8.325_to_10.075,-inf_to_0.32,-inf_to_13.995,0.055_to_0.745,-inf_to_1.42,All,All,1.517985_to_inf,build wind float
2.695_to_inf,8.325_to_10.075,-inf_to_0.32,13.995_to_inf,0.055_to_0.745,-inf_to_1.42,All,All,1.517985_to_inf,vehic wind float
-inf_to_2.695,10.075_to_inf,0.32_to_inf,-inf_to_13.995,0.055_to_0.745,1.775_to_inf,All,All,1.517985_to_inf,build wind non-float
2.695_to_inf,8.325_to_10.075,-inf_to_0.32,-inf_to_13.995,0.055_to_0.745,-inf_to_1.42,All,All,1.517985_to_inf,build wind float
-inf_to_2.695,8.325_to_10.075,-inf_to_0.32,13.995_to_inf,-inf_to_0.055,1.42_to_1.775,All,All,1.517985_to_inf,tableware
2.695_to_inf,7.02_to_8.325,-inf_to_0.32,-inf_to_13.995,0.055_to_0.745,-inf_to_1.42,All,All,1.517985_to_inf,build wind non-float
-inf_to_2.695,8.325_to_10.075,-inf_to_0.32,13.995_to_inf,-inf_to_0.055,1.42_to_1.775,All,All,1.517985_to_inf,tableware
2.695_to_inf,7.02_to_8.325,-inf_to_0.32,-inf_to_13.995,0.055_to_0.745,-inf_to_1.42,All,All,1.517985_to_inf,build wind non-float
2.695_to_inf,10.075_to_inf,-inf_to_0.32,-inf_to_13.995,0.055_to_0.745,-inf_to_1.42,All,All,1.517985_to_inf,build wind float
2.695_to_inf,7.02_to_8.325,-inf_to_0.32,-inf_to_13.995,0.055_to_0.745,1.42_to_1.775,All,All,-inf_to_1.517335,build wind non-float
2.695_to_inf,8.325_to_10.075,-inf_to_0.32,-inf_to_13.995,0.055_to_0.745,1.42_to_1.775,All,All,1.517335_to_1.517985,build wind float
2.695_to_inf,8.325_to_10.075,-inf_to_0.32,-inf_to_13.995,0.055_to_0.745,-inf_to_1.42,All,All,-inf_to_1.517335,build wind float
2.695_to_inf,8.325_to_10.075,-inf_to_0.32,-inf_to_13.995,0.055_to_0.745,-inf_to_1.42,All,All,-inf_to_1.517335,vehic wind float
2.695_to_inf,8.325_to_10.075,-inf_to_0.32,-inf_to_13.995,0.055_to_0.745,-inf_to_1.42,All,All,-inf_to_1.517335,build wind float
2.695_to_inf,8.325_to_10.075,-inf_to_0.32,-inf_to_13.995,0.055_to_0.745,-inf_to_1.42,All,All,1.517335_to_1.517985,build wind float
2.695_to_inf,7.02_to_8.325,-inf_to_0.32,-inf_to_13.995,0.055_to_0.745,-inf_to_1.42,All,All,1.517335_to_1.517985,build wind float
2.695_to_inf,8.325_to_10.075,-inf_to_0.32,13.995_to_inf,-inf_to_0.055,-inf_to_1.42,All,All,1.517985_to_inf,vehic wind float
2.695_to_inf,8.325_to_10.075,-inf_to_0.32,-inf_to_13.995,0.055_to_0.745,-inf_to_1.42,All,All,1.517335_to_1.517985,build wind float
-inf_to_2.695,10.075_to_inf,-inf_to_0.32,-inf_to_13.995,0.055_to_0.745,1.42_to_1.775,All,All,1.517985_to_inf,containers
2.695_to_inf,7.02_to_8.325,-inf_to_0.32,-inf_to_13.995,0.055_to_0.745,1.42_to_1.775,All,All,1.517985_to_inf,build wind non-float
-inf_to_2.695,10.075_to_inf,-inf_to_0.32,-inf_to_13.995,0.055_to_0.745,-inf_to_1.42,All,All,1.517985_to_inf,build wind non-float
2.695_to_inf,8.325_to_10.075,-inf_to_0.32,-inf_to_13.995,0.055_to_0.745,1.42_to_1.775,All,All,1.517335_to_1.517985,build wind float
2.695_to_inf,8.325_to_10.075,-inf_to_0.32,-inf_to_13.995,0.055_to_0.745,-inf_to_1.42,All,All,1.517335_to_1.517985,build wind float
-inf_to_2.695,10.075_to_inf,-inf_to_0.32,-inf_to_13.995,0.055_to_0.745,-inf_to_1.42,All,All,1.517985_to_inf,build wind non-float
-inf_to_2.695,8.325_to_10.075,0.32_to_inf,13.995_to_inf,-inf_to_0.055,1.775_to_inf,All,All,-inf_to_1.517335,headlamps
2.695_to_inf,8.325_to_10.075,-inf_to_0.32,-inf_to_13.995,0.055_to_0.745,-inf_to_1.42,All,All,1.517985_to_inf,build wind float
-inf_to_2.695,8.325_to_10.075,-inf_to_0.32,-inf_to_13.995,-inf_to_0.055,-inf_to_1.42,All,All,1.517985_to_inf,tableware
-inf_to_2.695,8.325_to_10.075,0.32_to_inf,13.995_to_inf,-inf_to_0.055,1.775_to_inf,All,All,-inf_to_1.517335,headlamps
2.695_to_inf,8.325_to_10.075,-inf_to_0.32,-inf_to_13.995,0.055_to_0.745,-inf_to_1.42,All,All,1.517985_to_inf,build wind float
-inf_to_2.695,8.325_to_10.075,0.32_to_inf,13.995_to_inf,-inf_to_0.055,1.775_to_inf,All,All,-inf_to_1.517335,headlamps
-inf_to_2.695,10.075_to_inf,-inf_to_0.32,-inf_to_13.995,0.055_to_0.745,1.42_to_1.775,All,All,1.517985_to_inf,build wind non-float
2.695_to_inf,7.02_to_8.325,-inf_to_0.32,-inf_to_13.995,0.055_to_0.745,1.42_to_1.775,All,All,-inf_to_1.517335,build wind non-float
2.695_to_inf,8.325_to_10.075,-inf_to_0.32,-inf_to_13.995,0.055_to_0.745,-inf_to_1.42,All,All,1.517985_to_inf,build wind non-float
2.695_to_inf,7.02_to_8.325,-inf_to_0.32,-inf_to_13.995,0.055_to_0.745,-inf_to_1.42,All,All,1.517335_to_1.517985,build wind float
2.695_to_inf,7.02_to_8.325,-inf_to_0.32,-inf_to_13.995,0.055_to_0.745,1.42_to_1.775,All,All,-inf_to_1.517335,build wind non-float
-inf_to_2.695,8.325_to_10.075,0.32_to_inf,13.995_to_inf,-inf_to_0.055,1.775_to_inf,All,All,-inf_to_1.517335,headlamps
-inf_to_2.695,7.02_to_8.325,0.32_to_inf,13.995_to_inf,-inf_to_0.055,1.775_to_inf,All,All,-inf_to_1.517335,headlamps
-inf_to_2.695,-inf_to_7.02,-inf_to_0.32,-inf_to_13.995,0.745_to_inf,1.775_to_inf,All,All,-inf_to_1.517335,containers
2.695_to_inf,7.02_to_8.325,-inf_to_0.32,-inf_to_13.995,0.055_to_0.745,1.775_to_inf,All,All,-inf_to_1.517335,build wind non-float
-inf_to_2.695,8.325_to_10.075,0.32_to_inf,13.995_to_inf,-inf_to_0.055,1.775_to_inf,All,All,-inf_to_1.517335,headlamps
2.695_to_inf,8.325_to_10.075,-inf_to_0.32,-inf_to_13.995,0.055_to_0.745,-inf_to_1.42,All,All,1.517985_to_inf,build wind float
-inf_to_2.695,10.075_to_inf,-inf_to_0.32,-inf_to_13.995,0.055_to_0.745,1.42_to_1.775,All,All,1.517985_to_inf,containers
2.695_to_inf,8.325_to_10.075,-inf_to_0.32,-inf_to_13.995,0.055_to_0.745,-inf_to_1.42,All,All,1.517985_to_inf,build wind non-float
-inf_to_2.695,8.325_to_10.075,0.32_to_inf,13.995_to_inf,-inf_to_0.055,1.775_to_inf,All,All,-inf_to_1.517335,headlamps
2.695_to_inf,8.325_to_10.075,-inf_to_0.32,-inf_to_13.995,0.055_to_0.745,-inf_to_1.42,All,All,1.517985_to_inf,build wind float
-inf_to_2.695,8.325_to_10.075,0.32_to_inf,13.995_to_inf,-inf_to_0.055,1.775_to_inf,All,All,-inf_to_1.517335,headlamps
2.695_to_inf,8.325_to_10.075,-inf_to_0.32,-inf_to_13.995,0.055_to_0.745,-inf_to_1.42,All,All,-inf_to_1.517335,vehic wind float
2.695_to_inf,8.325_to_10.075,-inf_to_0.32,-inf_to_13.995,0.055_to_0.745,-inf_to_1.42,All,All,1.517985_to_inf,headlamps
2.695_to_inf,-inf_to_7.02,0.32_to_inf,13.995_to_inf,0.745_to_inf,1.775_to_inf,All,All,1.517985_to_inf,headlamps
-inf_to_2.695,10.075_to_inf,-inf_to_0.32,-inf_to_13.995,-inf_to_0.055,-inf_to_1.42,All,All,1.517985_to_inf,build wind non-float
2.695_to_inf,8.325_to_10.075,-inf_to_0.32,-inf_to_13.995,0.055_to_0.745,-inf_to_1.42,All,All,1.517335_to_1.517985,build wind float
2.695_to_inf,8.325_to_10.075,-inf_to_0.32,-inf_to_13.995,0.055_to_0.745,-inf_to_1.42,All,All,-inf_to_1.517335,build wind non-float
2.695_to_inf,7.02_to_8.325,-inf_to_0.32,-inf_to_13.995,0.055_to_0.745,-inf_to_1.42,All,All,-inf_to_1.517335,build wind float
2.695_to_inf,10.075_to_inf,-inf_to_0.32,-inf_to_13.995,0.055_to_0.745,-inf_to_1.42,All,All,1.517985_to_inf,build wind non-float
2.695_to_inf,10.075_to_inf,-inf_to_0.32,-inf_to_13.995,0.055_to_0.745,-inf_to_1.42,All,All,1.517985_to_inf,build wind non-float
-inf_to_2.695,10.075_to_inf,-inf_to_0.32,-inf_to_13.995,0.055_to_0.745,1.42_to_1.775,All,All,1.517985_to_inf,containers
2.695_to_inf,8.325_to_10.075,-inf_to_0.32,-inf_to_13.995,0.055_to_0.745,-inf_to_1.42,All,All,1.517335_to_1.517985,build wind float
-inf_to_2.695,8.325_to_10.075,-inf_to_0.32,-inf_to_13.995,0.745_to_inf,-inf_to_1.42,All,All,-inf_to_1.517335,headlamps
2.695_to_inf,8.325_to_10.075,-inf_to_0.32,-inf_to_13.995,0.055_to_0.745,-inf_to_1.42,All,All,1.517335_to_1.517985,build wind float
2.695_to_inf,7.02_to_8.325,-inf_to_0.32,-inf_to_13.995,0.055_to_0.745,1.42_to_1.775,All,All,-inf_to_1.517335,build wind non-float
2.695_to_inf,7.02_to_8.325,-inf_to_0.32,-inf_to_13.995,0.055_to_0.745,1.42_to_1.775,All,All,-inf_to_1.517335,build wind non-float
-inf_to_2.695,8.325_to_10.075,0.32_to_inf,13.995_to_inf,-inf_to_0.055,1.775_to_inf,All,All,1.517985_to_inf,headlamps
2.695_to_inf,8.325_to_10.075,-inf_to_0.32,-inf_to_13.995,0.055_to_0.745,-inf_to_1.42,All,All,1.517335_to_1.517985,build wind float
-inf_to_2.695,10.075_to_inf,-inf_to_0.32,-inf_to_13.995,0.055_to_0.745,1.42_to_1.775,All,All,1.517985_to_inf,containers
2.695_to_inf,7.02_to_8.325,-inf_to_0.32,-inf_to_13.995,0.055_to_0.745,-inf_to_1.42,All,All,1.517335_to_1.517985,build wind float
2.695_to_inf,7.02_to_8.325,-inf_to_0.32,-inf_to_13.995,0.055_to_0.745,-inf_to_1.42,All,All,1.517335_to_1.517985,build wind float
2.695_to_inf,8.325_to_10.075,-inf_to_0.32,-inf_to_13.995,0.055_to_0.745,-inf_to_1.42,All,All,1.517985_to_inf,build wind float
2.695_to_inf,7.02_to_8.325,-inf_to_0.32,-inf_to_13.995,0.055_to_0.745,1.42_to_1.775,All,All,-inf_to_1.517335,build wind non-float
2.695_to_inf,8.325_to_10.075,-inf_to_0.32,-inf_to_13.995,0.055_to_0.745,-inf_to_1.42,All,All,1.517335_to_1.517985,build wind float
2.695_to_inf,8.325_to_10.075,-inf_to_0.32,-inf_to_13.995,0.055_to_0.745,-inf_to_1.42,All,All,1.517985_to_inf,build wind float
-inf_to_2.695,10.075_to_inf,-inf_to_0.32,-inf_to_13.995,0.745_to_inf,1.775_to_inf,All,All,-inf_to_1.517335,containers
2.695_to_inf,7.02_to_8.325,-inf_to_0.32,-inf_to_13.995,0.055_to_0.745,1.42_to_1.775,All,All,-inf_to_1.517335,build wind non-float
2.695_to_inf,8.325_to_10.075,-inf_to_0.32,-inf_to_13.995,0.055_to_0.745,1.42_to_1.775,All,All,1.517985_to_inf,build wind non-float
2.695_to_inf,7.02_to_8.325,-inf_to_0.32,-inf_to_13.995,0.055_to_0.745,1.775_to_inf,All,All,-inf_to_1.517335,build wind non-float
-inf_to_2.695,8.325_to_10.075,-inf_to_0.32,-inf_to_13.995,0.055_to_0.745,1.42_to_1.775,All,All,1.517985_to_inf,build wind non-float
2.695_to_inf,7.02_to_8.325,-inf_to_0.32,13.995_to_inf,0.055_to_0.745,1.42_to_1.775,All,All,-inf_to_1.517335,build wind non-float
2.695_to_inf,7.02_to_8.325,-inf_to_0.32,-inf_to_13.995,0.055_to_0.745,-inf_to_1.42,All,All,1.517985_to_inf,build wind non-float
2.695_to_inf,-inf_to_7.02,0.32_to_inf,-inf_to_13.995,0.745_to_inf,1.775_to_inf,All,All,-inf_to_1.517335,headlamps
2.695_to_inf,8.325_to_10.075,-inf_to_0.32,13.995_to_inf,-inf_to_0.055,-inf_to_1.42,All,All,1.517985_to_inf,build wind float
-inf_to_2.695,10.075_to_inf,-inf_to_0.32,-inf_to_13.995,0.055_to_0.745,-inf_to_1.42,All,All,1.517985_to_inf,build wind non-float
2.695_to_inf,7.02_to_8.325,-inf_to_0.32,-inf_to_13.995,0.055_to_0.745,-inf_to_1.42,All,All,1.517985_to_inf,build wind non-float
2.695_to_inf,8.325_to_10.075,-inf_to_0.32,-inf_to_13.995,0.055_to_0.745,-inf_to_1.42,All,All,1.517335_to_1.517985,build wind float
-inf_to_2.695,8.325_to_10.075,0.32_to_inf,13.995_to_inf,-inf_to_0.055,1.775_to_inf,All,All,-inf_to_1.517335,headlamps
-inf_to_2.695,10.075_to_inf,-inf_to_0.32,-inf_to_13.995,0.055_to_0.745,1.775_to_inf,All,All,1.517985_to_inf,containers
2.695_to_inf,8.325_to_10.075,-inf_to_0.32,13.995_to_inf,-inf_to_0.055,-inf_to_1.42,All,All,1.517985_to_inf,build wind float
-inf_to_2.695,10.075_to_inf,-inf_to_0.32,-inf_to_13.995,-inf_to_0.055,-inf_to_1.42,All,All,1.517985_to_inf,build wind non-float
-inf_to_2.695,8.325_to_10.075,0.32_to_inf,13.995_to_inf,-inf_to_0.055,1.775_to_inf,All,All,-inf_to_1.517335,headlamps
-inf_to_2.695,-inf_to_7.02,-inf_to_0.32,-inf_to_13.995,0.745_to_inf,1.775_to_inf,All,All,-inf_to_1.517335,containers
-inf_to_2.695,10.075_to_inf,-inf_to_0.32,-inf_to_13.995,-inf_to_0.055,-inf_to_1.42,All,All,1.517985_to_inf,build wind non-float
2.695_to_inf,8.325_to_10.075,-inf_to_0.32,13.995_to_inf,0.055_to_0.745,-inf_to_1.42,All,All,1.517985_to_inf,build wind float
2.695_to_inf,8.325_to_10.075,-inf_to_0.32,-inf_to_13.995,0.055_to_0.745,-inf_to_1.42,All,All,1.517335_to_1.517985,build wind float
2.695_to_inf,8.325_to_10.075,-inf_to_0.32,-inf_to_13.995,0.055_to_0.745,-inf_to_1.42,All,All,1.517985_to_inf,build wind non-float
-inf_to_2.695,8.325_to_10.075,0.32_to_inf,13.995_to_inf,-inf_to_0.055,1.775_to_inf,All,All,-inf_to_1.517335,headlamps
2.695_to_inf,8.325_to_10.075,-inf_to_0.32,-inf_to_13.995,0.055_to_0.745,-inf_to_1.42,All,All,-inf_to_1.517335,build wind non-float
2.695_to_inf,8.325_to_10.075,-inf_to_0.32,-inf_to_13.995,0.055_to_0.745,1.42_to_1.775,All,All,-inf_to_1.517335,build wind non-float
2.695_to_inf,8.325_to_10.075,-inf_to_0.32,-inf_to_13.995,-inf_to_0.055,-inf_to_1.42,All,All,1.517985_to_inf,build wind float
-inf_to_2.695,-inf_to_7.02,0.32_to_inf,13.995_to_inf,0.745_to_inf,1.775_to_inf,All,All,1.517985_to_inf,headlamps
-inf_to_2.695,8.325_to_10.075,0.32_to_inf,-inf_to_13.995,-inf_to_0.055,1.775_to_inf,All,All,-inf_to_1.517335,headlamps
2.695_to_inf,8.325_to_10.075,-inf_to_0.32,13.995_to_inf,0.055_to_0.745,-inf_to_1.42,All,All,1.517985_to_inf,build wind float
2.695_to_inf,8.325_to_10.075,-inf_to_0.32,-inf_to_13.995,0.055_to_0.745,-inf_to_1.42,All,All,1.517985_to_inf,build wind float
-inf_to_2.695,10.075_to_inf,-inf_to_0.32,-inf_to_13.995,0.055_to_0.745,1.42_to_1.775,All,All,1.517985_to_inf,containers
-inf_to_2.695,10.075_to_inf,-inf_to_0.32,13.995_to_inf,-inf_to_0.055,-inf_to_1.42,All,All,1.517985_to_inf,tableware
2.695_to_inf,7.02_to_8.325,-inf_to_0.32,-inf_to_13.995,0.055_to_0.745,1.42_to_1.775,All,All,-inf_to_1.517335,build wind non-float
2.695_to_inf,7.02_to_8.325,-inf_to_0.32,-inf_to_13.995,0.055_to_0.745,1.42_to_1.775,All,All,-inf_to_1.517335,build wind non-float
2.695_to_inf,8.325_to_10.075,-inf_to_0.32,-inf_to_13.995,0.055_to_0.745,1.42_to_1.775,All,All,1.517335_to_1.517985,vehic wind float
-inf_to_2.695,10.075_to_inf,-inf_to_0.32,13.995_to_inf,0.055_to_0.745,-inf_to_1.42,All,All,1.517985_to_inf,build wind non-float
2.695_to_inf,8.325_to_10.075,-inf_to_0.32,-inf_to_13.995,0.055_to_0.745,-inf_to_1.42,All,All,1.517335_to_1.517985,build wind float
-inf_to_2.695,8.325_to_10.075,0.32_to_inf,13.995_to_inf,-inf_to_0.055,1.775_to_inf,All,All,-inf_to_1.517335,headlamps
2.695_to_inf,8.325_to_10.075,-inf_to_0.32,-inf_to_13.995,0.055_to_0.745,-inf_to_1.42,All,All,1.517335_to_1.517985,build wind float
2.695_to_inf,8.325_to_10.075,-inf_to_0.32,-inf_to_13.995,0.055_to_0.745,-inf_to_1.42,All,All,1.517985_to_inf,build wind float
2.695_to_inf,8.325_to_10.075,-inf_to_0.32,-inf_to_13.995,0.055_to_0.745,-inf_to_1.42,All,All,-inf_to_1.517335,vehic wind float
2.695_to_inf,8.325_to_10.075,-inf_to_0.32,-inf_to_13.995,0.055_to_0.745,-inf_to_1.42,All,All,1.517985_to_inf,build wind float
2.695_to_inf,8.325_to_10.075,-inf_to_0.32,-inf_to_13.995,0.055_to_0.745,-inf_to_1.42,All,All,1.517335_to_1.517985,build wind float
-inf_to_2.695,8.325_to_10.075,-inf_to_0.32,13.995_to_inf,-inf_to_0.055,1.42_to_1.775,All,All,1.517985_to_inf,tableware
-inf_to_2.695,8.325_to_10.075,0.32_to_inf,13.995_to_inf,-inf_to_0.055,1.775_to_inf,All,All,-inf_to_1.517335,headlamps
-inf_to_2.695,10.075_to_inf,-inf_to_0.32,13.995_to_inf,-inf_to_0.055,1.775_to_inf,All,All,1.517985_to_inf,tableware
2.695_to_inf,8.325_to_10.075,-inf_to_0.32,-inf_to_13.995,0.055_to_0.745,-inf_to_1.42,All,All,1.517985_to_inf,build wind non-float
2.695_to_inf,7.02_to_8.325,-inf_to_0.32,-inf_to_13.995,0.055_to_0.745,1.42_to_1.775,All,All,-inf_to_1.517335,build wind non-float
2.695_to_inf,7.02_to_8.325,-inf_to_0.32,-inf_to_13.995,0.055_to_0.745,1.775_to_inf,All,All,-inf_to_1.517335,build wind non-float
2.695_to_inf,7.02_to_8.325,-inf_to_0.32,-inf_to_13.995,0.055_to_0.745,1.42_to_1.775,All,All,-inf_to_1.517335,build wind non-float
2.695_to_inf,7.02_to_8.325,-inf_to_0.32,-inf_to_13.995,0.055_to_0.745,1.42_to_1.775,All,All,-inf_to_1.517335,build wind non-float
2.695_to_inf,8.325_to_10.075,-inf_to_0.32,-inf_to_13.995,0.055_to_0.745,-inf_to_1.42,All,All,1.517985_to_inf,build wind float
2.695_to_inf,8.325_to_10.075,-inf_to_0.32,-inf_to_13.995,0.055_to_0.745,1.42_to_1.775,All,All,1.517335_to_1.517985,vehic wind float
2.695_to_inf,8.325_to_10.075,-inf_to_0.32,-inf_to_13.995,0.055_to_0.745,-inf_to_1.42,All,All,1.517335_to_1.517985,build wind float
2.695_to_inf,8.325_to_10.075,-inf_to_0.32,-inf_to_13.995,0.055_to_0.745,1.42_to_1.775,All,All,1.517985_to_inf,build wind non-float
2.695_to_inf,8.325_to_10.075,-inf_to_0.32,-inf_to_13.995,0.055_to_0.745,-inf_to_1.42,All,All,-inf_to_1.517335,build wind float
-inf_to_2.695,8.325_to_10.075,0.32_to_inf,13.995_to_inf,-inf_to_0.055,1.775_to_inf,All,All,-inf_to_1.517335,headlamps
2.695_to_inf,7.02_to_8.325,-inf_to_0.32,-inf_to_13.995,0.055_to_0.745,1.42_to_1.775,All,All,-inf_to_1.517335,build wind float
2.695_to_inf,8.325_to_10.075,-inf_to_0.32,-inf_to_13.995,0.055_to_0.745,-inf_to_1.42,All,All,1.517335_to_1.517985,build wind float
2.695_to_inf,7.02_to_8.325,-inf_to_0.32,-inf_to_13.995,0.055_to_0.745,1.775_to_inf,All,All,-inf_to_1.517335,build wind non-float
2.695_to_inf,7.02_to_8.325,-inf_to_0.32,-inf_to_13.995,0.055_to_0.745,-inf_to_1.42,All,All,-inf_to_1.517335,build wind non-float
2.695_to_inf,8.325_to_10.075,-inf_to_0.32,-inf_to_13.995,0.055_to_0.745,1.42_to_1.775,All,All,-inf_to_1.517335,build wind non-float
