age,sex,cp,trestbps,chol,fbs,restecg,thalach,exang,oldpeak,slope,ca,thal,num
54.5_to_inf,male,typ_angina,All,All,t,left_vent_hyper,-inf_to_150.5,no,1.95_to_inf,down,-inf_to_0.81970260223,fixed_defect,<50
54.5_to_inf,male,asympt,All,All,f,left_vent_hyper,-inf_to_150.5,yes,0.75_to_1.95,flat,0.81970260223_to_inf,normal,>50_1
54.5_to_inf,male,asympt,All,All,f,left_vent_hyper,-inf_to_150.5,yes,1.95_to_inf,flat,0.81970260223_to_inf,reversable_defect,>50_1
-inf_to_54.5,female,atyp_angina,All,All,f,left_vent_hyper,150.5_to_inf,no,0.75_to_1.95,up,-inf_to_0.81970260223,normal,<50
54.5_to_inf,male,atyp_angina,All,All,f,normal,150.5_to_inf,no,0.75_to_1.95,up,-inf_to_0.81970260223,normal,<50
54.5_to_inf,female,asympt,All,All,f,left_vent_hyper,150.5_to_inf,no,1.95_to_inf,down,0.81970260223_to_inf,normal,>50_1
-inf_to_54.5,male,asympt,All,All,t,left_vent_hyper,150.5_to_inf,yes,1.95_to_inf,down,-inf_to_0.81970260223,reversable_defect,>50_1
54.5_to_inf,male,asympt,All,All,f,normal,-inf_to_150.5,no,-inf_to_0.75,flat,-inf_to_0.81970260223,fixed_defect,<50
54.5_to_inf,female,atyp_angina,All,All,f,left_vent_hyper,150.5_to_inf,no,0.75_to_1.95,flat,-inf_to_0.81970260223,normal,<50
54.5_to_inf,male,non_anginal,All,All,t,left_vent_hyper,-inf_to_150.5,yes,-inf_to_0.75,flat,0.81970260223_to_inf,fixed_defect,>50_1
-inf_to_54.5,male,atyp_angina,All,All,f,normal,150.5_to_inf,no,-inf_to_0.75,up,-inf_to_0.81970260223,reversable_defect,<50
-inf_to_54.5,male,non_anginal,All,All,t,normal,150.5_to_inf,no,-inf_to_0.75,up,-inf_to_0.81970260223,reversable_defect,<50
54.5_to_inf,male,non_anginal,All,All,f,normal,150.5_to_inf,no,0.75_to_1.95,up,-inf_to_0.81970260223,normal,<50
-inf_to_54.5,male,atyp_angina,All,All,f,normal,150.5_to_inf,no,0.75_to_1.95,down,-inf_to_0.81970260223,reversable_defect,>50_1
-inf_to_54.5,male,asympt,All,All,f,normal,150.5_to_inf,no,0.75_to_1.95,up,-inf_to_0.81970260223,normal,<50
-inf_to_54.5,female,non_anginal,All,All,f,normal,-inf_to_150.5,no,-inf_to_0.75,up,-inf_to_0.81970260223,normal,<50
-inf_to_54.5,male,atyp_angina,All,All,f,normal,150.5_to_inf,no,-inf_to_0.75,up,-inf_to_0.81970260223,normal,<50
54.5_to_inf,male,typ_angina,All,All,f,left_vent_hyper,-inf_to_150.5,yes,0.75_to_1.95,flat,-inf_to_0.81970260223,normal,<50
54.5_to_inf,female,typ_angina,All,All,t,left_vent_hyper,150.5_to_inf,no,0.75_to_1.95,up,-inf_to_0.81970260223,normal,<50
54.5_to_inf,male,atyp_angina,All,All,f,left_vent_hyper,150.5_to_inf,no,0.75_to_1.95,flat,-inf_to_0.81970260223,normal,>50_1
54.5_to_inf,male,non_anginal,All,All,f,left_vent_hyper,150.5_to_inf,no,1.95_to_inf,up,0.81970260223_to_inf,reversable_defect,>50_1
54.5_to_inf,male,asympt,All,All,f,left_vent_hyper,-inf_to_150.5,yes,1.95_to_inf,flat,0.81970260223_to_inf,reversable_defect,>50_1
-inf_to_54.5,female,non_anginal,All,All,f,normal,150.5_to_inf,no,0.75_to_1.95,flat,-inf_to_0.81970260223,normal,<50
54.5_to_inf,female,non_anginal,All,All,f,normal,150.5_to_inf,no,-inf_to_0.75,up,-inf_to_0.81970260223,normal,<50
-inf_to_54.5,male,asympt,All,All,f,normal,150.5_to_inf,no,0.75_to_1.95,up,-inf_to_0.81970260223,normal,<50
-inf_to_54.5,male,asympt,All,All,f,left_vent_hyper,-inf_to_150.5,yes,1.95_to_inf,flat,-inf_to_0.81970260223,reversable_defect,>50_1
54.5_to_inf,female,typ_angina,All,All,f,normal,150.5_to_inf,no,0.75_to_1.95,up,0.81970260223_to_inf,normal,<50
54.5_to_inf,male,asympt,All,All,t,normal,150.5_to_inf,yes,0.75_to_1.95,up,0.81970260223_to_inf,reversable_defect,>50_1
54.5_to_inf,male,non_anginal,All,All,f,normal,150.5_to_inf,no,-inf_to_0.75,up,-inf_to_0.81970260223,normal,>50_1
54.5_to_inf,male,asympt,All,All,f,normal,150.5_to_inf,no,-inf_to_0.75,flat,-inf_to_0.81970260223,reversable_defect,<50
-inf_to_54.5,male,non_anginal,All,All,f,normal,150.5_to_inf,yes,-inf_to_0.75,up,-inf_to_0.81970260223,normal,<50
-inf_to_54.5,male,asympt,All,All,f,normal,150.5_to_inf,no,-inf_to_0.75,up,-inf_to_0.81970260223,normal,<50
-inf_to_54.5,male,asympt,All,All,f,left_vent_hyper,-inf_to_150.5,yes,1.95_to_inf,flat,-inf_to_0.81970260223,reversable_defect,>50_1
54.5_to_inf,male,asympt,All,All,f,left_vent_hyper,-inf_to_150.5,yes,-inf_to_0.75,flat,0.81970260223_to_inf,fixed_defect,>50_1
54.5_to_inf,male,asympt,All,All,f,normal,-inf_to_150.5,yes,0.75_to_1.95,flat,0.81970260223_to_inf,reversable_defect,>50_1
54.5_to_inf,male,non_anginal,All,All,t,normal,-inf_to_150.5,yes,0.75_to_1.95,flat,-inf_to_0.81970260223,normal,<50
54.5_to_inf,female,asympt,All,All,f,left_vent_hyper,-inf_to_150.5,no,0.75_to_1.95,flat,0.81970260223_to_inf,reversable_defect,>50_1
-inf_to_54.5,male,typ_angina,All,All,f,normal,150.5_to_inf,yes,0.75_to_1.95,up,-inf_to_0.81970260223,reversable_defect,<50
54.5_to_inf,female,atyp_angina,All,All,f,normal,150.5_to_inf,no,-inf_to_0.75,up,0.81970260223_to_inf,normal,<50
54.5_to_inf,male,non_anginal,All,All,t,normal,150.5_to_inf,no,0.75_to_1.95,up,-inf_to_0.81970260223,normal,<50
54.5_to_inf,female,asympt,All,All,f,left_vent_hyper,150.5_to_inf,no,-inf_to_0.75,up,-inf_to_0.81970260223,normal,>50_1
54.5_to_inf,male,non_anginal,All,All,f,left_vent_hyper,150.5_to_inf,no,1.95_to_inf,flat,0.81970260223_to_inf,reversable_defect,>50_1
-inf_to_54.5,male,non_anginal,All,All,f,normal,-inf_to_150.5,no,-inf_to_0.75,up,-inf_to_0.81970260223,normal,<50
-inf_to_54.5,male,asympt,All,All,f,left_vent_hyper,-inf_to_150.5,no,1.95_to_inf,flat,-inf_to_0.81970260223,reversable_defect,>50_1
54.5_to_inf,female,non_anginal,All,All,t,left_vent_hyper,150.5_to_inf,no,0.75_to_1.95,up,0.81970260223_to_inf,normal,<50
-inf_to_54.5,male,non_anginal,All,All,t,left_vent_hyper,150.5_to_inf,no,0.75_to_1.95,down,-inf_to_0.81970260223,normal,<50
-inf_to_54.5,female,atyp_angina,All,All,f,normal,150.5_to_inf,no,-inf_to_0.75,up,0.81970260223_to_inf,normal,<50
54.5_to_inf,male,asympt,All,All,f,normal,-inf_to_150.5,no,-inf_to_0.75,up,-inf_to_0.81970260223,reversable_defect,<50
-inf_to_54.5,male,asympt,All,All,f,left_vent_hyper,150.5_to_inf,no,-inf_to_0.75,up,0.81970260223_to_inf,normal,>50_1
-inf_to_54.5,male,atyp_angina,All,All,f,left_vent_hyper,150.5_to_inf,no,-inf_to_0.75,up,-inf_to_0.81970260223,normal,<50
54.5_to_inf,male,asympt,All,All,f,normal,-inf_to_150.5,yes,0.75_to_1.95,up,0.81970260223_to_inf,reversable_defect,>50_1
-inf_to_54.5,male,asympt,All,All,f,left_vent_hyper,-inf_to_150.5,yes,1.95_to_inf,flat,0.81970260223_to_inf,reversable_defect,>50_1
-inf_to_54.5,male,non_anginal,All,All,f,normal,150.5_to_inf,no,-inf_to_0.75,flat,0.81970260223_to_inf,reversable_defect,>50_1
-inf_to_54.5,male,asympt,All,All,f,left_vent_hyper,150.5_to_inf,no,-inf_to_0.75,up,-inf_to_0.81970260223,reversable_defect,>50_1
-inf_to_54.5,male,non_anginal,All,All,f,left_vent_hyper,150.5_to_inf,no,-inf_to_0.75,down,0.81970260223_to_inf,normal,<50
-inf_to_54.5,female,asympt,All,All,f,normal,-inf_to_150.5,yes,0.75_to_1.95,flat,-inf_to_0.81970260223,reversable_defect,>50_1
-inf_to_54.5,female,non_anginal,All,All,f,left_vent_hyper,150.5_to_inf,yes,0.75_to_1.95,down,-inf_to_0.81970260223,normal,<50
54.5_to_inf,male,asympt,All,All,f,left_vent_hyper,-inf_to_150.5,yes,1.95_to_inf,flat,0.81970260223_to_inf,reversable_defect,>50_1
-inf_to_54.5,female,non_anginal,All,All,t,normal,150.5_to_inf,no,-inf_to_0.75,up,-inf_to_0.81970260223,normal,<50
-inf_to_54.5,male,asympt,All,All,f,normal,-inf_to_150.5,no,0.75_to_1.95,flat,0.81970260223_to_inf,reversable_defect,>50_1
54.5_to_inf,male,asympt,All,All,f,left_vent_hyper,-inf_to_150.5,yes,1.95_to_inf,flat,0.81970260223_to_inf,reversable_defect,>50_1
54.5_to_inf,male,non_anginal,All,All,f,left_vent_hyper,150.5_to_inf,no,1.95_to_inf,flat,-inf_to_0.81970260223,normal,>50_1
-inf_to_54.5,male,non_anginal,All,All,f,left_vent_hyper,150.5_to_inf,no,0.75_to_1.95,up,-inf_to_0.81970260223,reversable_defect,<50
54.5_to_inf,male,asympt,All,All,f,left_vent_hyper,-inf_to_150.5,yes,1.95_to_inf,down,-inf_to_0.81970260223,reversable_defect,>50_1
-inf_to_54.5,male,non_anginal,All,All,f,normal,-inf_to_150.5,no,1.95_to_inf,flat,-inf_to_0.81970260223,normal,>50_1
54.5_to_inf,male,asympt,All,All,f,normal,-inf_to_150.5,yes,0.75_to_1.95,flat,0.81970260223_to_inf,reversable_defect,>50_1
54.5_to_inf,male,asympt,All,All,f,left_vent_hyper,150.5_to_inf,no,-inf_to_0.75,up,0.81970260223_to_inf,fixed_defect,>50_1
54.5_to_inf,female,non_anginal,All,All,f,left_vent_hyper,150.5_to_inf,no,0.75_to_1.95,up,-inf_to_0.81970260223,normal,<50
54.5_to_inf,male,asympt,All,All,f,left_vent_hyper,-inf_to_150.5,yes,1.95_to_inf,flat,0.81970260223_to_inf,reversable_defect,>50_1
-inf_to_54.5,female,non_anginal,All,All,f,left_vent_hyper,-inf_to_150.5,no,0.75_to_1.95,up,0.81970260223_to_inf,normal,<50
-inf_to_54.5,male,atyp_angina,All,All,f,left_vent_hyper,150.5_to_inf,no,-inf_to_0.75,flat,-inf_to_0.81970260223,normal,<50
54.5_to_inf,male,asympt,All,All,f,left_vent_hyper,-inf_to_150.5,yes,0.75_to_1.95,up,-inf_to_0.81970260223,reversable_defect,>50_1
-inf_to_54.5,female,asympt,All,All,f,left_vent_hyper,-inf_to_150.5,no,-inf_to_0.75,flat,-inf_to_0.81970260223,normal,<50
-inf_to_54.5,male,non_anginal,All,All,f,left_vent_hyper,150.5_to_inf,no,-inf_to_0.75,up,-inf_to_0.81970260223,normal,<50
54.5_to_inf,male,non_anginal,All,All,t,left_vent_hyper,-inf_to_150.5,yes,0.75_to_1.95,flat,-inf_to_0.81970260223,reversable_defect,>50_1
-inf_to_54.5,male,atyp_angina,All,All,f,normal,150.5_to_inf,no,-inf_to_0.75,up,-inf_to_0.81970260223,normal,<50
-inf_to_54.5,male,non_anginal,All,All,f,left_vent_hyper,150.5_to_inf,no,-inf_to_0.75,up,-inf_to_0.81970260223,normal,<50
-inf_to_54.5,male,non_anginal,All,All,f,left_vent_hyper,150.5_to_inf,no,-inf_to_0.75,up,-inf_to_0.81970260223,normal,<50
-inf_to_54.5,female,non_anginal,All,All,f,left_vent_hyper,-inf_to_150.5,no,-inf_to_0.75,up,-inf_to_0.81970260223,,<50
-inf_to_54.5,female,asympt,All,All,f,left_vent_hyper,150.5_to_inf,no,-inf_to_0.75,up,-inf_to_0.81970260223,normal,<50
-inf_to_54.5,female,non_anginal,All,All,f,left_vent_hyper,-inf_to_150.5,no,-inf_to_0.75,up,-inf_to_0.81970260223,normal,<50
54.5_to_inf,male,asympt,All,All,f,left_vent_hyper,150.5_to_inf,no,-inf_to_0.75,flat,-inf_to_0.81970260223,normal,<50
54.5_to_inf,female,asympt,All,All,f,left_vent_hyper,-inf_to_150.5,no,1.95_to_inf,down,0.81970260223_to_inf,reversable_defect,>50_1
54.5_to_inf,male,non_anginal,All,All,f,normal,-inf_to_150.5,no,0.75_to_1.95,flat,0.81970260223_to_inf,reversable_defect,<50
54.5_to_inf,female,non_anginal,All,All,f,left_vent_hyper,150.5_to_inf,no,-inf_to_0.75,up,-inf_to_0.81970260223,normal,<50
-inf_to_54.5,male,asympt,All,All,f,normal,150.5_to_inf,yes,-inf_to_0.75,up,0.81970260223_to_inf,reversable_defect,>50_1
54.5_to_inf,male,asympt,All,All,f,left_vent_hyper,-inf_to_150.5,yes,0.75_to_1.95,flat,0.81970260223_to_inf,reversable_defect,>50_1
54.5_to_inf,female,asympt,All,All,f,left_vent_hyper,150.5_to_inf,no,1.95_to_inf,flat,0.81970260223_to_inf,reversable_defect,>50_1
-inf_to_54.5,male,atyp_angina,All,All,f,normal,150.5_to_inf,no,0.75_to_1.95,up,0.81970260223_to_inf,normal,<50
-inf_to_54.5,male,asympt,All,All,f,left_vent_hyper,150.5_to_inf,no,-inf_to_0.75,up,-inf_to_0.81970260223,normal,<50
-inf_to_54.5,male,asympt,All,All,f,left_vent_hyper,150.5_to_inf,no,-inf_to_0.75,up,-inf_to_0.81970260223,normal,<50
-inf_to_54.5,male,typ_angina,All,All,f,left_vent_hyper,150.5_to_inf,no,-inf_to_0.75,up,-inf_to_0.81970260223,normal,<50
54.5_to_inf,female,asympt,All,All,f,left_vent_hyper,150.5_to_inf,no,-inf_to_0.75,up,0.81970260223_to_inf,normal,<50
54.5_to_inf,female,non_anginal,All,All,t,left_vent_hyper,-inf_to_150.5,no,-inf_to_0.75,up,0.81970260223_to_inf,normal,<50
-inf_to_54.5,male,atyp_angina,All,All,f,normal,150.5_to_inf,no,-inf_to_0.75,up,-inf_to_0.81970260223,reversable_defect,<50
54.5_to_inf,male,asympt,All,All,f,normal,150.5_to_inf,yes,-inf_to_0.75,up,0.81970260223_to_inf,reversable_defect,>50_1
54.5_to_inf,male,non_anginal,All,All,f,left_vent_hyper,-inf_to_150.5,no,-inf_to_0.75,flat,0.81970260223_to_inf,reversable_defect,>50_1
54.5_to_inf,male,asympt,All,All,f,normal,-inf_to_150.5,yes,1.95_to_inf,flat,0.81970260223_to_inf,reversable_defect,>50_1
-inf_to_54.5,male,asympt,All,All,f,normal,-inf_to_150.5,no,0.75_to_1.95,flat,-inf_to_0.81970260223,reversable_defect,>50_1
54.5_to_inf,female,asympt,All,All,f,left_vent_hyper,-inf_to_150.5,yes,0.75_to_1.95,flat,-inf_to_0.81970260223,reversable_defect,>50_1
54.5_to_inf,male,asympt,All,All,t,left_vent_hyper,-inf_to_150.5,yes,0.75_to_1.95,flat,0.81970260223_to_inf,normal,>50_1
-inf_to_54.5,male,typ_angina,All,All,f,left_vent_hyper,150.5_to_inf,no,-inf_to_0.75,flat,-inf_to_0.81970260223,fixed_defect,<50
-inf_to_54.5,female,asympt,All,All,t,left_vent_hyper,-inf_to_150.5,yes,1.95_to_inf,flat,-inf_to_0.81970260223,reversable_defect,>50_1
54.5_to_inf,female,non_anginal,All,All,f,normal,-inf_to_150.5,no,0.75_to_1.95,flat,0.81970260223_to_inf,reversable_defect,>50_1
-inf_to_54.5,male,atyp_angina,All,All,f,normal,-inf_to_150.5,no,-inf_to_0.75,flat,-inf_to_0.81970260223,fixed_defect,<50
54.5_to_inf,male,non_anginal,All,All,t,left_vent_hyper,150.5_to_inf,no,-inf_to_0.75,up,-inf_to_0.81970260223,normal,<50
54.5_to_inf,male,asympt,All,All,t,left_vent_hyper,-inf_to_150.5,yes,0.75_to_1.95,up,0.81970260223_to_inf,reversable_defect,>50_1
54.5_to_inf,male,asympt,All,All,f,left_vent_hyper,-inf_to_150.5,no,1.95_to_inf,flat,0.81970260223_to_inf,reversable_defect,>50_1
-inf_to_54.5,male,asympt,All,All,t,left_vent_hyper,-inf_to_150.5,yes,-inf_to_0.75,up,0.81970260223_to_inf,reversable_defect,>50_1
54.5_to_inf,female,asympt,All,All,f,left_vent_hyper,150.5_to_inf,no,1.95_to_inf,flat,0.81970260223_to_inf,reversable_defect,>50_1
-inf_to_54.5,male,non_anginal,All,All,f,normal,-inf_to_150.5,yes,0.75_to_1.95,flat,-inf_to_0.81970260223,normal,<50
54.5_to_inf,male,asympt,All,All,f,normal,-inf_to_150.5,yes,1.95_to_inf,down,-inf_to_0.81970260223,reversable_defect,>50_1
54.5_to_inf,male,typ_angina,All,All,t,left_vent_hyper,150.5_to_inf,no,0.75_to_1.95,flat,0.81970260223_to_inf,normal,>50_1
-inf_to_54.5,female,atyp_angina,All,All,f,left_vent_hyper,150.5_to_inf,no,-inf_to_0.75,flat,-inf_to_0.81970260223,normal,<50
54.5_to_inf,female,asympt,All,All,t,left_vent_hyper,-inf_to_150.5,yes,1.95_to_inf,down,0.81970260223_to_inf,reversable_defect,>50_1
-inf_to_54.5,male,asympt,All,All,f,normal,-inf_to_150.5,yes,1.95_to_inf,flat,0.81970260223_to_inf,reversable_defect,>50_1
-inf_to_54.5,male,atyp_angina,All,All,f,normal,150.5_to_inf,no,-inf_to_0.75,up,-inf_to_0.81970260223,normal,<50
54.5_to_inf,female,asympt,All,All,f,normal,150.5_to_inf,no,-inf_to_0.75,up,-inf_to_0.81970260223,normal,<50
-inf_to_54.5,male,non_anginal,All,All,f,left_vent_hyper,-inf_to_150.5,no,-inf_to_0.75,flat,-inf_to_0.81970260223,reversable_defect,<50
-inf_to_54.5,male,non_anginal,All,All,f,normal,150.5_to_inf,yes,-inf_to_0.75,up,0.81970260223_to_inf,reversable_defect,<50
-inf_to_54.5,male,atyp_angina,All,All,f,left_vent_hyper,150.5_to_inf,no,-inf_to_0.75,up,-inf_to_0.81970260223,normal,<50
-inf_to_54.5,male,asympt,All,All,f,left_vent_hyper,150.5_to_inf,yes,-inf_to_0.75,up,-inf_to_0.81970260223,normal,<50
-inf_to_54.5,female,non_anginal,All,All,f,normal,150.5_to_inf,no,-inf_to_0.75,flat,-inf_to_0.81970260223,normal,<50
54.5_to_inf,female,atyp_angina,All,All,f,left_vent_hyper,150.5_to_inf,no,0.75_to_1.95,flat,-inf_to_0.81970260223,normal,<50
54.5_to_inf,male,asympt,All,All,f,normal,-inf_to_150.5,yes,1.95_to_inf,down,-inf_to_0.81970260223,reversable_defect,>50_1
-inf_to_54.5,male,asympt,All,All,f,normal,-inf_to_150.5,yes,0.75_to_1.95,flat,-inf_to_0.81970260223,reversable_defect,>50_1
-inf_to_54.5,male,non_anginal,All,All,t,left_vent_hyper,150.5_to_inf,no,1.95_to_inf,flat,-inf_to_0.81970260223,normal,<50
54.5_to_inf,male,atyp_angina,All,All,f,normal,150.5_to_inf,yes,-inf_to_0.75,up,-inf_to_0.81970260223,normal,<50
54.5_to_inf,male,typ_angina,All,All,f,left_vent_hyper,150.5_to_inf,no,-inf_to_0.75,flat,-inf_to_0.81970260223,reversable_defect,>50_1
-inf_to_54.5,male,atyp_angina,All,All,t,normal,150.5_to_inf,no,-inf_to_0.75,up,-inf_to_0.81970260223,normal,<50
54.5_to_inf,male,non_anginal,All,All,f,normal,-inf_to_150.5,yes,0.75_to_1.95,flat,-inf_to_0.81970260223,reversable_defect,>50_1
54.5_to_inf,male,non_anginal,All,All,f,left_vent_hyper,150.5_to_inf,yes,-inf_to_0.75,flat,-inf_to_0.81970260223,reversable_defect,<50
-inf_to_54.5,male,non_anginal,All,All,f,normal,150.5_to_inf,no,-inf_to_0.75,up,-inf_to_0.81970260223,normal,>50_1
54.5_to_inf,male,asympt,All,All,t,left_vent_hyper,-inf_to_150.5,no,0.75_to_1.95,flat,0.81970260223_to_inf,reversable_defect,>50_1
-inf_to_54.5,male,non_anginal,All,All,f,normal,150.5_to_inf,no,-inf_to_0.75,up,-inf_to_0.81970260223,normal,<50
-inf_to_54.5,male,atyp_angina,All,All,f,left_vent_hyper,150.5_to_inf,no,-inf_to_0.75,up,-inf_to_0.81970260223,normal,<50
54.5_to_inf,female,non_anginal,All,All,f,normal,150.5_to_inf,no,-inf_to_0.75,up,0.81970260223_to_inf,normal,<50
-inf_to_54.5,male,typ_angina,All,All,t,normal,150.5_to_inf,no,0.75_to_1.95,flat,-inf_to_0.81970260223,reversable_defect,<50
-inf_to_54.5,female,asympt,All,All,f,left_vent_hyper,-inf_to_150.5,no,-inf_to_0.75,flat,-inf_to_0.81970260223,normal,<50
54.5_to_inf,female,non_anginal,All,All,f,left_vent_hyper,150.5_to_inf,no,0.75_to_1.95,flat,-inf_to_0.81970260223,reversable_defect,<50
54.5_to_inf,male,asympt,All,All,f,left_vent_hyper,-inf_to_150.5,yes,0.75_to_1.95,flat,0.81970260223_to_inf,reversable_defect,>50_1
54.5_to_inf,male,asympt,All,All,f,left_vent_hyper,-inf_to_150.5,yes,1.95_to_inf,down,0.81970260223_to_inf,normal,>50_1
-inf_to_54.5,male,asympt,All,All,f,normal,150.5_to_inf,yes,0.75_to_1.95,up,-inf_to_0.81970260223,reversable_defect,>50_1
54.5_to_inf,male,asympt,All,All,f,left_vent_hyper,150.5_to_inf,no,-inf_to_0.75,up,0.81970260223_to_inf,reversable_defect,>50_1
54.5_to_inf,male,asympt,All,All,f,left_vent_hyper,150.5_to_inf,no,0.75_to_1.95,flat,0.81970260223_to_inf,reversable_defect,>50_1
54.5_to_inf,male,non_anginal,All,All,f,normal,150.5_to_inf,no,0.75_to_1.95,up,0.81970260223_to_inf,reversable_defect,<50
-inf_to_54.5,male,atyp_angina,All,All,t,normal,150.5_to_inf,no,-inf_to_0.75,up,-inf_to_0.81970260223,reversable_defect,<50
54.5_to_inf,male,asympt,All,All,f,left_vent_hyper,150.5_to_inf,yes,-inf_to_0.75,up,0.81970260223_to_inf,normal,>50_1
-inf_to_54.5,female,non_anginal,All,All,f,normal,150.5_to_inf,no,0.75_to_1.95,flat,-inf_to_0.81970260223,normal,<50
54.5_to_inf,female,asympt,All,All,f,left_vent_hyper,-inf_to_150.5,no,0.75_to_1.95,flat,-inf_to_0.81970260223,normal,<50
-inf_to_54.5,male,non_anginal,All,All,t,normal,150.5_to_inf,no,-inf_to_0.75,up,0.81970260223_to_inf,normal,<50
54.5_to_inf,male,asympt,All,All,f,normal,150.5_to_inf,yes,-inf_to_0.75,up,-inf_to_0.81970260223,reversable_defect,<50
-inf_to_54.5,male,non_anginal,All,All,f,normal,150.5_to_inf,no,-inf_to_0.75,up,-inf_to_0.81970260223,normal,<50
-inf_to_54.5,female,atyp_angina,All,All,t,left_vent_hyper,150.5_to_inf,yes,-inf_to_0.75,up,0.81970260223_to_inf,normal,<50
-inf_to_54.5,male,asympt,All,All,f,left_vent_hyper,150.5_to_inf,yes,-inf_to_0.75,up,-inf_to_0.81970260223,reversable_defect,>50_1
-inf_to_54.5,female,atyp_angina,All,All,f,normal,-inf_to_150.5,no,-inf_to_0.75,flat,-inf_to_0.81970260223,normal,<50
54.5_to_inf,male,non_anginal,All,All,f,normal,-inf_to_150.5,yes,1.95_to_inf,flat,0.81970260223_to_inf,reversable_defect,>50_1
-inf_to_54.5,male,asympt,All,All,f,left_vent_hyper,-inf_to_150.5,yes,-inf_to_0.75,up,-inf_to_0.81970260223,reversable_defect,<50
54.5_to_inf,female,asympt,All,All,f,left_vent_hyper,150.5_to_inf,no,0.75_to_1.95,flat,-inf_to_0.81970260223,normal,<50
54.5_to_inf,male,asympt,All,All,f,left_vent_hyper,-inf_to_150.5,no,1.95_to_inf,flat,0.81970260223_to_inf,fixed_defect,>50_1
54.5_to_inf,male,asympt,All,All,f,normal,-inf_to_150.5,yes,0.75_to_1.95,flat,0.81970260223_to_inf,reversable_defect,>50_1
-inf_to_54.5,male,asympt,All,All,t,normal,-inf_to_150.5,no,-inf_to_0.75,up,0.81970260223_to_inf,reversable_defect,<50
54.5_to_inf,male,asympt,All,All,f,left_vent_hyper,-inf_to_150.5,yes,1.95_to_inf,flat,0.81970260223_to_inf,fixed_defect,>50_1
-inf_to_54.5,male,non_anginal,All,All,f,normal,150.5_to_inf,no,0.75_to_1.95,up,0.81970260223_to_inf,normal,<50
-inf_to_54.5,male,non_anginal,All,All,t,left_vent_hyper,150.5_to_inf,no,-inf_to_0.75,up,0.81970260223_to_inf,normal,<50
-inf_to_54.5,male,asympt,All,All,f,left_vent_hyper,150.5_to_inf,no,-inf_to_0.75,flat,-inf_to_0.81970260223,reversable_defect,>50_1
54.5_to_inf,female,asympt,All,All,f,left_vent_hyper,-inf_to_150.5,yes,0.75_to_1.95,flat,0.81970260223_to_inf,reversable_defect,>50_1
-inf_to_54.5,male,typ_angina,All,All,f,left_vent_hyper,150.5_to_inf,no,0.75_to_1.95,up,0.81970260223_to_inf,normal,<50
54.5_to_inf,male,typ_angina,All,All,f,left_vent_hyper,-inf_to_150.5,no,1.95_to_inf,down,-inf_to_0.81970260223,reversable_defect,<50
54.5_to_inf,female,atyp_angina,All,All,f,normal,150.5_to_inf,no,-inf_to_0.75,up,0.81970260223_to_inf,normal,<50
-inf_to_54.5,male,non_anginal,All,All,t,normal,150.5_to_inf,no,0.75_to_1.95,down,-inf_to_0.81970260223,reversable_defect,<50
54.5_to_inf,male,atyp_angina,All,All,f,normal,-inf_to_150.5,yes,-inf_to_0.75,flat,0.81970260223_to_inf,fixed_defect,>50_1
-inf_to_54.5,male,atyp_angina,All,All,f,left_vent_hyper,150.5_to_inf,no,-inf_to_0.75,up,0.81970260223_to_inf,reversable_defect,>50_1
-inf_to_54.5,male,asympt,All,All,f,normal,-inf_to_150.5,yes,1.95_to_inf,flat,0.81970260223_to_inf,reversable_defect,>50_1
54.5_to_inf,male,asympt,All,All,f,left_vent_hyper,-inf_to_150.5,yes,0.75_to_1.95,flat,0.81970260223_to_inf,normal,>50_1
54.5_to_inf,male,typ_angina,All,All,t,left_vent_hyper,-inf_to_150.5,no,-inf_to_0.75,flat,0.81970260223_to_inf,normal,<50
-inf_to_54.5,female,asympt,All,All,f,left_vent_hyper,150.5_to_inf,yes,-inf_to_0.75,flat,-inf_to_0.81970260223,normal,<50
-inf_to_54.5,female,atyp_angina,All,All,f,normal,150.5_to_inf,no,0.75_to_1.95,up,-inf_to_0.81970260223,normal,<50
54.5_to_inf,male,typ_angina,All,All,f,left_vent_hyper,-inf_to_150.5,no,-inf_to_0.75,up,-inf_to_0.81970260223,normal,>50_1
-inf_to_54.5,female,asympt,All,All,f,left_vent_hyper,150.5_to_inf,no,-inf_to_0.75,up,-inf_to_0.81970260223,normal,<50
54.5_to_inf,female,asympt,All,All,f,normal,150.5_to_inf,yes,-inf_to_0.75,up,-inf_to_0.81970260223,normal,<50
54.5_to_inf,male,non_anginal,All,All,t,normal,150.5_to_inf,no,-inf_to_0.75,up,0.81970260223_to_inf,reversable_defect,<50
54.5_to_inf,female,non_anginal,All,All,f,normal,-inf_to_150.5,no,-inf_to_0.75,up,-inf_to_0.81970260223,reversable_defect,<50
-inf_to_54.5,male,asympt,All,All,f,normal,150.5_to_inf,no,-inf_to_0.75,up,-inf_to_0.81970260223,reversable_defect,<50
-inf_to_54.5,male,asympt,All,All,f,left_vent_hyper,-inf_to_150.5,yes,-inf_to_0.75,flat,0.81970260223_to_inf,reversable_defect,>50_1
54.5_to_inf,male,asympt,All,All,f,left_vent_hyper,-inf_to_150.5,yes,1.95_to_inf,flat,0.81970260223_to_inf,reversable_defect,>50_1
-inf_to_54.5,male,asympt,All,All,f,left_vent_hyper,-inf_to_150.5,yes,0.75_to_1.95,flat,-inf_to_0.81970260223,reversable_defect,>50_1
54.5_to_inf,male,atyp_angina,All,All,f,normal,150.5_to_inf,no,-inf_to_0.75,up,-inf_to_0.81970260223,normal,<50
54.5_to_inf,female,asympt,All,All,f,normal,150.5_to_inf,yes,0.75_to_1.95,flat,-inf_to_0.81970260223,normal,>50_1
-inf_to_54.5,female,non_anginal,All,All,f,normal,150.5_to_inf,no,-inf_to_0.75,up,-inf_to_0.81970260223,normal,<50
-inf_to_54.5,male,typ_angina,All,All,f,normal,150.5_to_inf,yes,1.95_to_inf,flat,-inf_to_0.81970260223,reversable_defect,>50_1
54.5_to_inf,female,asympt,All,All,t,normal,150.5_to_inf,yes,0.75_to_1.95,flat,0.81970260223_to_inf,reversable_defect,>50_1
-inf_to_54.5,male,asympt,All,All,f,normal,150.5_to_inf,no,-inf_to_0.75,up,0.81970260223_to_inf,normal,>50_1
54.5_to_inf,male,typ_angina,All,All,f,left_vent_hyper,150.5_to_inf,no,0.75_to_1.95,flat,-inf_to_0.81970260223,reversable_defect,<50
-inf_to_54.5,female,atyp_angina,All,All,f,normal,150.5_to_inf,no,-inf_to_0.75,up,-inf_to_0.81970260223,normal,<50
-inf_to_54.5,female,asympt,All,All,f,left_vent_hyper,150.5_to_inf,yes,-inf_to_0.75,flat,-inf_to_0.81970260223,normal,<50
54.5_to_inf,female,asympt,All,All,f,normal,-inf_to_150.5,no,1.95_to_inf,flat,0.81970260223_to_inf,normal,<50
54.5_to_inf,male,asympt,All,All,f,left_vent_hyper,150.5_to_inf,no,-inf_to_0.75,up,-inf_to_0.81970260223,normal,<50
-inf_to_54.5,female,non_anginal,All,All,f,left_vent_hyper,150.5_to_inf,yes,-inf_to_0.75,up,-inf_to_0.81970260223,normal,<50
-inf_to_54.5,female,non_anginal,All,All,f,left_vent_hyper,150.5_to_inf,no,-inf_to_0.75,up,-inf_to_0.81970260223,normal,<50
-inf_to_54.5,female,non_anginal,All,All,f,normal,150.5_to_inf,no,-inf_to_0.75,up,-inf_to_0.81970260223,normal,<50
-inf_to_54.5,male,asympt,All,All,f,normal,-inf_to_150.5,yes,1.95_to_inf,flat,0.81970260223_to_inf,reversable_defect,>50_1
54.5_to_inf,female,asympt,All,All,f,normal,150.5_to_inf,yes,0.75_to_1.95,flat,0.81970260223_to_inf,normal,>50_1
-inf_to_54.5,female,atyp_angina,All,All,f,normal,150.5_to_inf,no,-inf_to_0.75,up,-inf_to_0.81970260223,normal,<50
-inf_to_54.5,male,asympt,All,All,f,normal,-inf_to_150.5,no,-inf_to_0.75,up,-inf_to_0.81970260223,normal,<50
54.5_to_inf,female,non_anginal,All,All,f,normal,150.5_to_inf,no,-inf_to_0.75,up,0.81970260223_to_inf,normal,<50
-inf_to_54.5,male,asympt,All,All,f,left_vent_hyper,-inf_to_150.5,yes,-inf_to_0.75,flat,0.81970260223_to_inf,normal,>50_1
54.5_to_inf,male,asympt,All,All,f,left_vent_hyper,-inf_to_150.5,yes,-inf_to_0.75,up,0.81970260223_to_inf,normal,>50_1
54.5_to_inf,female,asympt,All,All,f,st_t_wave_abnormality,-inf_to_150.5,yes,1.95_to_inf,flat,-inf_to_0.81970260223,normal,>50_1
54.5_to_inf,female,atyp_angina,All,All,f,left_vent_hyper,-inf_to_150.5,yes,-inf_to_0.75,up,0.81970260223_to_inf,normal,<50
-inf_to_54.5,female,non_anginal,All,All,f,normal,150.5_to_inf,no,-inf_to_0.75,up,0.81970260223_to_inf,normal,<50
-inf_to_54.5,male,asympt,All,All,f,left_vent_hyper,-inf_to_150.5,yes,1.95_to_inf,flat,0.81970260223_to_inf,normal,>50_1
54.5_to_inf,male,asympt,All,All,t,left_vent_hyper,-inf_to_150.5,yes,0.75_to_1.95,down,-inf_to_0.81970260223,reversable_defect,>50_1
-inf_to_54.5,male,asympt,All,All,f,left_vent_hyper,-inf_to_150.5,no,0.75_to_1.95,up,-inf_to_0.81970260223,reversable_defect,>50_1
-inf_to_54.5,male,atyp_angina,All,All,f,normal,150.5_to_inf,no,-inf_to_0.75,up,-inf_to_0.81970260223,normal,<50
-inf_to_54.5,male,atyp_angina,All,All,f,normal,150.5_to_inf,no,-inf_to_0.75,up,-inf_to_0.81970260223,normal,<50
-inf_to_54.5,female,atyp_angina,All,All,f,normal,150.5_to_inf,no,-inf_to_0.75,up,-inf_to_0.81970260223,normal,<50
54.5_to_inf,female,non_anginal,All,All,t,normal,-inf_to_150.5,no,-inf_to_0.75,up,-inf_to_0.81970260223,normal,<50
54.5_to_inf,male,asympt,All,All,f,normal,-inf_to_150.5,no,0.75_to_1.95,flat,-inf_to_0.81970260223,normal,>50_1
54.5_to_inf,male,asympt,All,All,f,normal,150.5_to_inf,no,-inf_to_0.75,up,0.81970260223_to_inf,reversable_defect,>50_1
-inf_to_54.5,male,asympt,All,All,f,left_vent_hyper,-inf_to_150.5,yes,0.75_to_1.95,flat,0.81970260223_to_inf,normal,>50_1
-inf_to_54.5,male,asympt,All,All,f,normal,150.5_to_inf,no,0.75_to_1.95,up,0.81970260223_to_inf,reversable_defect,>50_1
54.5_to_inf,male,atyp_angina,All,All,t,left_vent_hyper,-inf_to_150.5,no,-inf_to_0.75,up,-inf_to_0.81970260223,normal,<50
54.5_to_inf,male,asympt,All,All,f,normal,-inf_to_150.5,yes,0.75_to_1.95,flat,-inf_to_0.81970260223,fixed_defect,<50
54.5_to_inf,male,asympt,All,All,f,normal,-inf_to_150.5,no,1.95_to_inf,flat,0.81970260223_to_inf,reversable_defect,>50_1
54.5_to_inf,male,asympt,All,All,f,normal,-inf_to_150.5,yes,-inf_to_0.75,flat,0.81970260223_to_inf,reversable_defect,<50
-inf_to_54.5,female,non_anginal,All,All,f,left_vent_hyper,150.5_to_inf,no,-inf_to_0.75,up,-inf_to_0.81970260223,normal,<50
-inf_to_54.5,male,asympt,All,All,f,normal,150.5_to_inf,no,0.75_to_1.95,flat,-inf_to_0.81970260223,normal,<50
-inf_to_54.5,female,non_anginal,All,All,f,normal,150.5_to_inf,no,-inf_to_0.75,flat,-inf_to_0.81970260223,normal,<50
54.5_to_inf,female,non_anginal,All,All,f,st_t_wave_abnormality,-inf_to_150.5,no,0.75_to_1.95,flat,-inf_to_0.81970260223,normal,<50
54.5_to_inf,male,atyp_angina,All,All,f,left_vent_hyper,-inf_to_150.5,no,-inf_to_0.75,up,-inf_to_0.81970260223,normal,<50
54.5_to_inf,male,atyp_angina,All,All,f,normal,-inf_to_150.5,no,-inf_to_0.75,up,-inf_to_0.81970260223,reversable_defect,>50_1
-inf_to_54.5,female,non_anginal,All,All,f,normal,-inf_to_150.5,no,-inf_to_0.75,flat,0.81970260223_to_inf,normal,<50
54.5_to_inf,female,atyp_angina,All,All,t,left_vent_hyper,150.5_to_inf,no,-inf_to_0.75,up,0.81970260223_to_inf,normal,>50_1
54.5_to_inf,female,typ_angina,All,All,f,normal,150.5_to_inf,no,0.75_to_1.95,up,-inf_to_0.81970260223,normal,<50
-inf_to_54.5,male,non_anginal,All,All,f,normal,150.5_to_inf,no,-inf_to_0.75,up,-inf_to_0.81970260223,normal,<50
54.5_to_inf,male,asympt,All,All,f,left_vent_hyper,-inf_to_150.5,yes,1.95_to_inf,flat,0.81970260223_to_inf,normal,>50_1
-inf_to_54.5,male,asympt,All,All,f,normal,-inf_to_150.5,yes,0.75_to_1.95,flat,-inf_to_0.81970260223,fixed_defect,>50_1
-inf_to_54.5,male,asympt,All,All,t,normal,150.5_to_inf,yes,0.75_to_1.95,flat,-inf_to_0.81970260223,,>50_1
54.5_to_inf,male,non_anginal,All,All,t,normal,-inf_to_150.5,no,1.95_to_inf,flat,0.81970260223_to_inf,fixed_defect,>50_1
-inf_to_54.5,male,asympt,All,All,f,normal,150.5_to_inf,no,-inf_to_0.75,up,-inf_to_0.81970260223,reversable_defect,>50_1
-inf_to_54.5,male,non_anginal,All,All,f,normal,-inf_to_150.5,no,-inf_to_0.75,up,-inf_to_0.81970260223,normal,<50
54.5_to_inf,male,asympt,All,All,f,left_vent_hyper,-inf_to_150.5,yes,0.75_to_1.95,up,0.81970260223_to_inf,reversable_defect,>50_1
54.5_to_inf,male,asympt,All,All,f,left_vent_hyper,-inf_to_150.5,no,1.95_to_inf,up,-inf_to_0.81970260223,fixed_defect,<50
54.5_to_inf,female,asympt,All,All,f,normal,-inf_to_150.5,no,0.75_to_1.95,flat,-inf_to_0.81970260223,normal,<50
54.5_to_inf,male,typ_angina,All,All,f,normal,150.5_to_inf,no,0.75_to_1.95,up,0.81970260223_to_inf,normal,>50_1
54.5_to_inf,male,typ_angina,All,All,f,left_vent_hyper,150.5_to_inf,no,-inf_to_0.75,flat,-inf_to_0.81970260223,reversable_defect,<50
-inf_to_54.5,female,non_anginal,All,All,f,normal,150.5_to_inf,no,-inf_to_0.75,flat,-inf_to_0.81970260223,normal,<50
54.5_to_inf,female,asympt,All,All,f,normal,-inf_to_150.5,no,-inf_to_0.75,flat,-inf_to_0.81970260223,normal,<50
54.5_to_inf,male,asympt,All,All,f,normal,-inf_to_150.5,yes,1.95_to_inf,flat,0.81970260223_to_inf,reversable_defect,>50_1
-inf_to_54.5,male,non_anginal,All,All,f,normal,150.5_to_inf,no,-inf_to_0.75,up,-inf_to_0.81970260223,normal,<50
54.5_to_inf,female,asympt,All,All,f,st_t_wave_abnormality,-inf_to_150.5,yes,1.95_to_inf,flat,0.81970260223_to_inf,reversable_defect,>50_1
-inf_to_54.5,male,atyp_angina,All,All,f,normal,150.5_to_inf,no,-inf_to_0.75,up,-inf_to_0.81970260223,normal,<50
54.5_to_inf,male,asympt,All,All,f,normal,150.5_to_inf,no,-inf_to_0.75,up,0.81970260223_to_inf,reversable_defect,>50_1
54.5_to_inf,male,asympt,All,All,f,st_t_wave_abnormality,-inf_to_150.5,no,1.95_to_inf,down,0.81970260223_to_inf,fixed_defect,>50_1
54.5_to_inf,female,asympt,All,All,t,left_vent_hyper,-inf_to_150.5,yes,1.95_to_inf,flat,0.81970260223_to_inf,fixed_defect,>50_1
54.5_to_inf,male,atyp_angina,All,All,f,normal,-inf_to_150.5,no,-inf_to_0.75,flat,-inf_to_0.81970260223,reversable_defect,<50
54.5_to_inf,male,atyp_angina,All,All,f,left_vent_hyper,150.5_to_inf,no,-inf_to_0.75,up,-inf_to_0.81970260223,reversable_defect,<50
54.5_to_inf,male,atyp_angina,All,All,f,normal,150.5_to_inf,no,-inf_to_0.75,down,-inf_to_0.81970260223,normal,<50
54.5_to_inf,male,non_anginal,All,All,f,left_vent_hyper,-inf_to_150.5,no,0.75_to_1.95,flat,-inf_to_0.81970260223,reversable_defect,>50_1
54.5_to_inf,female,atyp_angina,All,All,f,normal,150.5_to_inf,no,0.75_to_1.95,up,-inf_to_0.81970260223,normal,<50
-inf_to_54.5,male,asympt,All,All,f,normal,-inf_to_150.5,yes,1.95_to_inf,down,-inf_to_0.81970260223,fixed_defect,>50_1
54.5_to_inf,male,asympt,All,All,f,left_vent_hyper,-inf_to_150.5,yes,1.95_to_inf,up,0.81970260223_to_inf,reversable_defect,>50_1
54.5_to_inf,female,asympt,All,All,f,normal,-inf_to_150.5,yes,-inf_to_0.75,flat,-inf_to_0.81970260223,normal,>50_1
-inf_to_54.5,male,atyp_angina,All,All,f,normal,150.5_to_inf,no,-inf_to_0.75,up,-inf_to_0.81970260223,normal,<50
54.5_to_inf,male,asympt,All,All,t,left_vent_hyper,-inf_to_150.5,no,0.75_to_1.95,flat,0.81970260223_to_inf,fixed_defect,>50_1
54.5_to_inf,female,asympt,All,All,f,normal,-inf_to_150.5,yes,-inf_to_0.75,flat,-inf_to_0.81970260223,reversable_defect,>50_1
-inf_to_54.5,male,typ_angina,All,All,f,normal,-inf_to_150.5,no,0.75_to_1.95,flat,-inf_to_0.81970260223,reversable_defect,>50_1
54.5_to_inf,male,asympt,All,All,t,normal,-inf_to_150.5,no,1.95_to_inf,flat,0.81970260223_to_inf,reversable_defect,>50_1
54.5_to_inf,male,asympt,All,All,f,normal,-inf_to_150.5,yes,0.75_to_1.95,flat,0.81970260223_to_inf,reversable_defect,>50_1
54.5_to_inf,female,atyp_angina,All,All,f,left_vent_hyper,150.5_to_inf,no,-inf_to_0.75,flat,0.81970260223_to_inf,normal,>50_1
-inf_to_54.5,male,non_anginal,All,All,f,normal,150.5_to_inf,no,-inf_to_0.75,up,-inf_to_0.81970260223,normal,<50
-inf_to_54.5,male,non_anginal,All,All,f,normal,150.5_to_inf,no,-inf_to_0.75,up,-inf_to_0.81970260223,normal,<50
