age,sex,cp,trestbps,chol,fbs,restecg,thalach,exang,oldpeak,slope,ca,thal,num
53.5_to_inf,male,typ_angina,All,All,t,left_vent_hyper,147.5_to_inf,no,0.75_to_inf,down,-inf_to_0.842696629213,fixed_defect,<50
53.5_to_inf,male,asympt,All,All,f,left_vent_hyper,-inf_to_147.5,yes,0.75_to_inf,flat,0.842696629213_to_inf,normal,>50_1
53.5_to_inf,male,asympt,All,All,f,left_vent_hyper,-inf_to_147.5,yes,0.75_to_inf,flat,0.842696629213_to_inf,reversable_defect,>50_1
-inf_to_53.5,male,non_anginal,All,All,f,normal,147.5_to_inf,no,0.75_to_inf,down,-inf_to_0.842696629213,normal,<50
-inf_to_53.5,female,atyp_angina,All,All,f,left_vent_hyper,147.5_to_inf,no,0.75_to_inf,up,-inf_to_0.842696629213,normal,<50
53.5_to_inf,male,atyp_angina,All,All,f,normal,147.5_to_inf,no,0.75_to_inf,up,-inf_to_0.842696629213,normal,<50
53.5_to_inf,female,asympt,All,All,f,left_vent_hyper,147.5_to_inf,no,0.75_to_inf,down,0.842696629213_to_inf,normal,>50_1
53.5_to_inf,female,asympt,All,All,f,normal,147.5_to_inf,yes,-inf_to_0.75,up,-inf_to_0.842696629213,normal,<50
53.5_to_inf,male,asympt,All,All,f,left_vent_hyper,-inf_to_147.5,no,0.75_to_inf,flat,0.842696629213_to_inf,reversable_defect,>50_1
-inf_to_53.5,male,asympt,All,All,t,left_vent_hyper,147.5_to_inf,yes,0.75_to_inf,down,-inf_to_0.842696629213,reversable_defect,>50_1
53.5_to_inf,male,asympt,All,All,f,normal,147.5_to_inf,no,-inf_to_0.75,flat,-inf_to_0.842696629213,fixed_defect,<50
53.5_to_inf,female,atyp_angina,All,All,f,left_vent_hyper,147.5_to_inf,no,0.75_to_inf,flat,-inf_to_0.842696629213,normal,<50
53.5_to_inf,male,non_anginal,All,All,t,left_vent_hyper,-inf_to_147.5,yes,-inf_to_0.75,flat,0.842696629213_to_inf,fixed_defect,>50_1
-inf_to_53.5,male,atyp_angina,All,All,f,normal,147.5_to_inf,no,-inf_to_0.75,up,-inf_to_0.842696629213,reversable_defect,<50
53.5_to_inf,male,non_anginal,All,All,f,normal,147.5_to_inf,no,0.75_to_inf,up,-inf_to_0.842696629213,normal,<50
53.5_to_inf,male,asympt,All,All,f,normal,147.5_to_inf,no,0.75_to_inf,up,-inf_to_0.842696629213,normal,<50
-inf_to_53.5,female,non_anginal,All,All,f,normal,-inf_to_147.5,no,-inf_to_0.75,up,-inf_to_0.842696629213,normal,<50
-inf_to_53.5,male,atyp_angina,All,All,f,normal,147.5_to_inf,no,-inf_to_0.75,up,-inf_to_0.842696629213,normal,<50
53.5_to_inf,male,typ_angina,All,All,f,left_vent_hyper,-inf_to_147.5,yes,0.75_to_inf,flat,-inf_to_0.842696629213,normal,<50
53.5_to_inf,female,typ_angina,All,All,t,left_vent_hyper,147.5_to_inf,no,0.75_to_inf,up,-inf_to_0.842696629213,normal,<50
53.5_to_inf,male,non_anginal,All,All,f,left_vent_hyper,147.5_to_inf,no,0.75_to_inf,up,0.842696629213_to_inf,reversable_defect,>50_1
53.5_to_inf,male,asympt,All,All,f,left_vent_hyper,-inf_to_147.5,yes,0.75_to_inf,flat,0.842696629213_to_inf,reversable_defect,>50_1
-inf_to_53.5,female,non_anginal,All,All,f,normal,147.5_to_inf,no,0.75_to_inf,flat,-inf_to_0.842696629213,normal,<50
53.5_to_inf,female,non_anginal,All,All,f,normal,147.5_to_inf,no,-inf_to_0.75,up,-inf_to_0.842696629213,normal,<50
53.5_to_inf,female,typ_angina,All,All,f,normal,-inf_to_147.5,no,0.75_to_inf,down,-inf_to_0.842696629213,normal,<50
-inf_to_53.5,male,asympt,All,All,f,normal,147.5_to_inf,no,0.75_to_inf,up,-inf_to_0.842696629213,normal,<50
-inf_to_53.5,male,asympt,All,All,f,left_vent_hyper,-inf_to_147.5,yes,0.75_to_inf,flat,-inf_to_0.842696629213,reversable_defect,>50_1
53.5_to_inf,female,typ_angina,All,All,f,normal,147.5_to_inf,no,0.75_to_inf,up,0.842696629213_to_inf,normal,<50
53.5_to_inf,male,asympt,All,All,t,normal,147.5_to_inf,yes,0.75_to_inf,up,0.842696629213_to_inf,reversable_defect,>50_1
53.5_to_inf,male,non_anginal,All,All,f,normal,147.5_to_inf,no,-inf_to_0.75,up,-inf_to_0.842696629213,normal,>50_1
53.5_to_inf,male,asympt,All,All,f,normal,147.5_to_inf,no,-inf_to_0.75,flat,-inf_to_0.842696629213,reversable_defect,<50
-inf_to_53.5,male,non_anginal,All,All,f,normal,147.5_to_inf,yes,-inf_to_0.75,up,-inf_to_0.842696629213,normal,<50
-inf_to_53.5,male,asympt,All,All,f,normal,147.5_to_inf,no,-inf_to_0.75,up,-inf_to_0.842696629213,normal,<50
-inf_to_53.5,male,asympt,All,All,f,left_vent_hyper,-inf_to_147.5,yes,0.75_to_inf,flat,-inf_to_0.842696629213,reversable_defect,>50_1
53.5_to_inf,male,non_anginal,All,All,t,normal,-inf_to_147.5,yes,0.75_to_inf,flat,-inf_to_0.842696629213,normal,<50
53.5_to_inf,female,asympt,All,All,f,left_vent_hyper,-inf_to_147.5,no,0.75_to_inf,flat,0.842696629213_to_inf,reversable_defect,>50_1
-inf_to_53.5,male,typ_angina,All,All,f,normal,147.5_to_inf,yes,0.75_to_inf,up,-inf_to_0.842696629213,reversable_defect,<50
53.5_to_inf,female,atyp_angina,All,All,f,normal,147.5_to_inf,no,-inf_to_0.75,up,0.842696629213_to_inf,normal,<50
53.5_to_inf,female,asympt,All,All,f,left_vent_hyper,147.5_to_inf,no,-inf_to_0.75,up,-inf_to_0.842696629213,normal,>50_1
53.5_to_inf,male,non_anginal,All,All,f,left_vent_hyper,147.5_to_inf,no,0.75_to_inf,flat,0.842696629213_to_inf,reversable_defect,>50_1
-inf_to_53.5,male,non_anginal,All,All,f,normal,-inf_to_147.5,no,-inf_to_0.75,up,-inf_to_0.842696629213,normal,<50
-inf_to_53.5,male,asympt,All,All,f,left_vent_hyper,-inf_to_147.5,no,0.75_to_inf,flat,-inf_to_0.842696629213,reversable_defect,>50_1
53.5_to_inf,female,non_anginal,All,All,t,left_vent_hyper,147.5_to_inf,no,0.75_to_inf,up,0.842696629213_to_inf,normal,<50
-inf_to_53.5,male,non_anginal,All,All,t,left_vent_hyper,147.5_to_inf,no,0.75_to_inf,down,-inf_to_0.842696629213,normal,<50
-inf_to_53.5,female,atyp_angina,All,All,f,normal,147.5_to_inf,no,-inf_to_0.75,up,0.842696629213_to_inf,normal,<50
53.5_to_inf,male,asympt,All,All,f,normal,-inf_to_147.5,no,-inf_to_0.75,up,-inf_to_0.842696629213,reversable_defect,<50
-inf_to_53.5,male,asympt,All,All,f,left_vent_hyper,147.5_to_inf,no,-inf_to_0.75,up,0.842696629213_to_inf,normal,>50_1
-inf_to_53.5,male,atyp_angina,All,All,f,left_vent_hyper,147.5_to_inf,no,-inf_to_0.75,up,-inf_to_0.842696629213,normal,<50
-inf_to_53.5,male,non_anginal,All,All,f,normal,147.5_to_inf,no,-inf_to_0.75,flat,0.842696629213_to_inf,reversable_defect,>50_1
-inf_to_53.5,male,asympt,All,All,f,left_vent_hyper,147.5_to_inf,no,-inf_to_0.75,up,-inf_to_0.842696629213,reversable_defect,>50_1
-inf_to_53.5,male,typ_angina,All,All,f,left_vent_hyper,-inf_to_147.5,yes,0.75_to_inf,up,0.842696629213_to_inf,normal,<50
-inf_to_53.5,female,asympt,All,All,f,normal,-inf_to_147.5,yes,0.75_to_inf,flat,-inf_to_0.842696629213,reversable_defect,>50_1
-inf_to_53.5,female,non_anginal,All,All,f,left_vent_hyper,147.5_to_inf,yes,0.75_to_inf,down,-inf_to_0.842696629213,normal,<50
53.5_to_inf,male,asympt,All,All,f,left_vent_hyper,-inf_to_147.5,yes,0.75_to_inf,flat,0.842696629213_to_inf,reversable_defect,>50_1
53.5_to_inf,female,non_anginal,All,All,t,normal,147.5_to_inf,no,-inf_to_0.75,up,-inf_to_0.842696629213,normal,<50
53.5_to_inf,male,asympt,All,All,f,normal,-inf_to_147.5,no,0.75_to_inf,flat,0.842696629213_to_inf,reversable_defect,>50_1
53.5_to_inf,male,asympt,All,All,f,left_vent_hyper,-inf_to_147.5,yes,0.75_to_inf,flat,0.842696629213_to_inf,reversable_defect,>50_1
53.5_to_inf,male,non_anginal,All,All,f,left_vent_hyper,147.5_to_inf,no,0.75_to_inf,flat,-inf_to_0.842696629213,normal,>50_1
53.5_to_inf,male,asympt,All,All,f,left_vent_hyper,-inf_to_147.5,yes,0.75_to_inf,down,-inf_to_0.842696629213,reversable_defect,>50_1
-inf_to_53.5,male,non_anginal,All,All,f,normal,-inf_to_147.5,no,0.75_to_inf,flat,-inf_to_0.842696629213,normal,>50_1
53.5_to_inf,female,non_anginal,All,All,f,normal,147.5_to_inf,no,0.75_to_inf,up,-inf_to_0.842696629213,normal,<50
53.5_to_inf,male,asympt,All,All,t,normal,147.5_to_inf,no,-inf_to_0.75,flat,0.842696629213_to_inf,reversable_defect,>50_1
53.5_to_inf,male,asympt,All,All,f,normal,-inf_to_147.5,yes,0.75_to_inf,flat,0.842696629213_to_inf,reversable_defect,>50_1
53.5_to_inf,male,asympt,All,All,f,left_vent_hyper,147.5_to_inf,no,-inf_to_0.75,up,0.842696629213_to_inf,fixed_defect,>50_1
-inf_to_53.5,male,asympt,All,All,f,left_vent_hyper,147.5_to_inf,no,-inf_to_0.75,up,0.842696629213_to_inf,normal,>50_1
53.5_to_inf,female,non_anginal,All,All,f,left_vent_hyper,147.5_to_inf,no,0.75_to_inf,up,-inf_to_0.842696629213,normal,<50
53.5_to_inf,male,asympt,All,All,f,left_vent_hyper,-inf_to_147.5,yes,0.75_to_inf,flat,0.842696629213_to_inf,reversable_defect,>50_1
-inf_to_53.5,female,non_anginal,All,All,f,left_vent_hyper,-inf_to_147.5,no,0.75_to_inf,up,0.842696629213_to_inf,normal,<50
-inf_to_53.5,male,atyp_angina,All,All,f,left_vent_hyper,147.5_to_inf,no,-inf_to_0.75,flat,-inf_to_0.842696629213,normal,<50
53.5_to_inf,male,asympt,All,All,f,left_vent_hyper,-inf_to_147.5,yes,0.75_to_inf,up,-inf_to_0.842696629213,reversable_defect,>50_1
-inf_to_53.5,male,asympt,All,All,f,left_vent_hyper,147.5_to_inf,yes,0.75_to_inf,flat,-inf_to_0.842696629213,normal,<50
-inf_to_53.5,female,asympt,All,All,f,left_vent_hyper,-inf_to_147.5,no,-inf_to_0.75,flat,-inf_to_0.842696629213,normal,<50
53.5_to_inf,male,non_anginal,All,All,t,left_vent_hyper,147.5_to_inf,yes,0.75_to_inf,flat,-inf_to_0.842696629213,reversable_defect,>50_1
-inf_to_53.5,male,atyp_angina,All,All,f,normal,147.5_to_inf,no,-inf_to_0.75,up,-inf_to_0.842696629213,normal,<50
-inf_to_53.5,male,non_anginal,All,All,f,left_vent_hyper,147.5_to_inf,no,-inf_to_0.75,up,-inf_to_0.842696629213,normal,<50
-inf_to_53.5,male,non_anginal,All,All,f,left_vent_hyper,147.5_to_inf,no,-inf_to_0.75,up,-inf_to_0.842696629213,normal,<50
-inf_to_53.5,female,non_anginal,All,All,f,left_vent_hyper,-inf_to_147.5,no,-inf_to_0.75,up,-inf_to_0.842696629213,,<50
-inf_to_53.5,female,asympt,All,All,f,left_vent_hyper,147.5_to_inf,no,-inf_to_0.75,up,-inf_to_0.842696629213,normal,<50
-inf_to_53.5,female,non_anginal,All,All,f,left_vent_hyper,147.5_to_inf,no,-inf_to_0.75,up,-inf_to_0.842696629213,normal,<50
53.5_to_inf,male,asympt,All,All,f,left_vent_hyper,147.5_to_inf,no,-inf_to_0.75,flat,-inf_to_0.842696629213,normal,<50
53.5_to_inf,female,asympt,All,All,f,left_vent_hyper,-inf_to_147.5,no,0.75_to_inf,down,0.842696629213_to_inf,reversable_defect,>50_1
53.5_to_inf,male,non_anginal,All,All,f,normal,-inf_to_147.5,no,0.75_to_inf,flat,0.842696629213_to_inf,reversable_defect,<50
-inf_to_53.5,female,non_anginal,All,All,f,normal,147.5_to_inf,no,-inf_to_0.75,flat,-inf_to_0.842696629213,normal,<50
-inf_to_53.5,male,asympt,All,All,f,normal,147.5_to_inf,yes,-inf_to_0.75,up,0.842696629213_to_inf,reversable_defect,>50_1
53.5_to_inf,male,asympt,All,All,f,left_vent_hyper,-inf_to_147.5,yes,0.75_to_inf,flat,0.842696629213_to_inf,reversable_defect,>50_1
53.5_to_inf,female,asympt,All,All,f,left_vent_hyper,147.5_to_inf,no,0.75_to_inf,flat,0.842696629213_to_inf,reversable_defect,>50_1
-inf_to_53.5,male,asympt,All,All,f,left_vent_hyper,147.5_to_inf,no,-inf_to_0.75,up,-inf_to_0.842696629213,normal,<50
-inf_to_53.5,male,asympt,All,All,f,left_vent_hyper,147.5_to_inf,no,-inf_to_0.75,up,-inf_to_0.842696629213,normal,<50
-inf_to_53.5,male,typ_angina,All,All,f,left_vent_hyper,147.5_to_inf,no,-inf_to_0.75,up,-inf_to_0.842696629213,normal,<50
53.5_to_inf,female,asympt,All,All,f,left_vent_hyper,147.5_to_inf,no,-inf_to_0.75,up,0.842696629213_to_inf,normal,<50
53.5_to_inf,female,non_anginal,All,All,t,left_vent_hyper,-inf_to_147.5,no,-inf_to_0.75,up,0.842696629213_to_inf,normal,<50
-inf_to_53.5,male,non_anginal,All,All,f,normal,-inf_to_147.5,no,0.75_to_inf,flat,0.842696629213_to_inf,reversable_defect,>50_1
53.5_to_inf,male,atyp_angina,All,All,f,normal,147.5_to_inf,no,-inf_to_0.75,up,-inf_to_0.842696629213,reversable_defect,<50
53.5_to_inf,male,asympt,All,All,f,normal,147.5_to_inf,yes,-inf_to_0.75,up,0.842696629213_to_inf,reversable_defect,>50_1
53.5_to_inf,male,non_anginal,All,All,f,left_vent_hyper,147.5_to_inf,no,-inf_to_0.75,flat,0.842696629213_to_inf,reversable_defect,>50_1
53.5_to_inf,male,asympt,All,All,f,normal,-inf_to_147.5,yes,0.75_to_inf,flat,0.842696629213_to_inf,reversable_defect,>50_1
-inf_to_53.5,male,asympt,All,All,f,normal,-inf_to_147.5,no,0.75_to_inf,flat,-inf_to_0.842696629213,reversable_defect,>50_1
53.5_to_inf,female,asympt,All,All,f,left_vent_hyper,-inf_to_147.5,yes,0.75_to_inf,flat,-inf_to_0.842696629213,reversable_defect,>50_1
53.5_to_inf,male,asympt,All,All,t,left_vent_hyper,-inf_to_147.5,yes,0.75_to_inf,flat,0.842696629213_to_inf,normal,>50_1
-inf_to_53.5,male,typ_angina,All,All,f,left_vent_hyper,147.5_to_inf,no,-inf_to_0.75,flat,-inf_to_0.842696629213,fixed_defect,<50
-inf_to_53.5,female,asympt,All,All,t,left_vent_hyper,-inf_to_147.5,yes,0.75_to_inf,flat,-inf_to_0.842696629213,reversable_defect,>50_1
53.5_to_inf,female,non_anginal,All,All,f,normal,-inf_to_147.5,no,0.75_to_inf,flat,0.842696629213_to_inf,reversable_defect,>50_1
-inf_to_53.5,male,atyp_angina,All,All,f,normal,-inf_to_147.5,no,-inf_to_0.75,flat,-inf_to_0.842696629213,fixed_defect,<50
53.5_to_inf,male,non_anginal,All,All,t,left_vent_hyper,147.5_to_inf,no,-inf_to_0.75,up,-inf_to_0.842696629213,normal,<50
-inf_to_53.5,female,asympt,All,All,f,normal,147.5_to_inf,no,0.75_to_inf,up,-inf_to_0.842696629213,normal,<50
53.5_to_inf,male,asympt,All,All,t,left_vent_hyper,-inf_to_147.5,yes,0.75_to_inf,up,0.842696629213_to_inf,reversable_defect,>50_1
53.5_to_inf,male,asympt,All,All,f,left_vent_hyper,-inf_to_147.5,no,0.75_to_inf,flat,0.842696629213_to_inf,reversable_defect,>50_1
-inf_to_53.5,male,asympt,All,All,t,left_vent_hyper,147.5_to_inf,yes,-inf_to_0.75,up,0.842696629213_to_inf,reversable_defect,>50_1
53.5_to_inf,male,asympt,All,All,f,normal,-inf_to_147.5,yes,0.75_to_inf,down,-inf_to_0.842696629213,reversable_defect,>50_1
53.5_to_inf,male,typ_angina,All,All,t,left_vent_hyper,147.5_to_inf,no,0.75_to_inf,flat,0.842696629213_to_inf,normal,>50_1
-inf_to_53.5,female,atyp_angina,All,All,f,left_vent_hyper,147.5_to_inf,no,-inf_to_0.75,flat,-inf_to_0.842696629213,normal,<50
53.5_to_inf,female,asympt,All,All,t,left_vent_hyper,-inf_to_147.5,yes,0.75_to_inf,down,0.842696629213_to_inf,reversable_defect,>50_1
53.5_to_inf,male,asympt,All,All,f,normal,-inf_to_147.5,yes,0.75_to_inf,flat,0.842696629213_to_inf,reversable_defect,>50_1
-inf_to_53.5,male,atyp_angina,All,All,f,normal,147.5_to_inf,no,-inf_to_0.75,up,-inf_to_0.842696629213,normal,<50
53.5_to_inf,female,asympt,All,All,f,normal,147.5_to_inf,no,-inf_to_0.75,up,-inf_to_0.842696629213,normal,<50
53.5_to_inf,male,non_anginal,All,All,f,left_vent_hyper,-inf_to_147.5,no,-inf_to_0.75,flat,-inf_to_0.842696629213,reversable_defect,<50
-inf_to_53.5,male,atyp_angina,All,All,f,left_vent_hyper,147.5_to_inf,no,-inf_to_0.75,up,-inf_to_0.842696629213,normal,<50
-inf_to_53.5,male,asympt,All,All,f,left_vent_hyper,147.5_to_inf,yes,-inf_to_0.75,up,-inf_to_0.842696629213,normal,<50
-inf_to_53.5,female,non_anginal,All,All,f,normal,147.5_to_inf,no,-inf_to_0.75,flat,-inf_to_0.842696629213,normal,<50
53.5_to_inf,female,atyp_angina,All,All,f,left_vent_hyper,147.5_to_inf,no,0.75_to_inf,flat,-inf_to_0.842696629213,normal,<50
53.5_to_inf,male,asympt,All,All,f,normal,-inf_to_147.5,yes,0.75_to_inf,down,-inf_to_0.842696629213,reversable_defect,>50_1
53.5_to_inf,male,atyp_angina,All,All,f,left_vent_hyper,-inf_to_147.5,no,0.75_to_inf,flat,0.842696629213_to_inf,reversable_defect,>50_1
-inf_to_53.5,male,asympt,All,All,f,normal,-inf_to_147.5,yes,0.75_to_inf,flat,-inf_to_0.842696629213,reversable_defect,>50_1
-inf_to_53.5,male,non_anginal,All,All,t,left_vent_hyper,147.5_to_inf,no,0.75_to_inf,flat,-inf_to_0.842696629213,normal,<50
53.5_to_inf,male,atyp_angina,All,All,f,normal,147.5_to_inf,yes,-inf_to_0.75,up,-inf_to_0.842696629213,normal,<50
53.5_to_inf,male,typ_angina,All,All,f,left_vent_hyper,147.5_to_inf,no,-inf_to_0.75,flat,-inf_to_0.842696629213,reversable_defect,>50_1
-inf_to_53.5,male,atyp_angina,All,All,t,normal,147.5_to_inf,no,-inf_to_0.75,up,-inf_to_0.842696629213,normal,<50
53.5_to_inf,male,non_anginal,All,All,f,normal,-inf_to_147.5,yes,0.75_to_inf,flat,-inf_to_0.842696629213,reversable_defect,>50_1
53.5_to_inf,male,non_anginal,All,All,f,left_vent_hyper,147.5_to_inf,yes,-inf_to_0.75,flat,-inf_to_0.842696629213,reversable_defect,<50
53.5_to_inf,male,asympt,All,All,t,left_vent_hyper,-inf_to_147.5,no,0.75_to_inf,flat,0.842696629213_to_inf,reversable_defect,>50_1
-inf_to_53.5,male,non_anginal,All,All,f,normal,147.5_to_inf,no,-inf_to_0.75,up,-inf_to_0.842696629213,normal,<50
-inf_to_53.5,male,atyp_angina,All,All,f,left_vent_hyper,147.5_to_inf,no,-inf_to_0.75,up,-inf_to_0.842696629213,normal,<50
53.5_to_inf,female,non_anginal,All,All,f,normal,147.5_to_inf,no,-inf_to_0.75,up,0.842696629213_to_inf,normal,<50
-inf_to_53.5,female,asympt,All,All,f,left_vent_hyper,-inf_to_147.5,no,-inf_to_0.75,flat,-inf_to_0.842696629213,normal,<50
53.5_to_inf,female,non_anginal,All,All,f,left_vent_hyper,147.5_to_inf,no,0.75_to_inf,flat,-inf_to_0.842696629213,reversable_defect,<50
53.5_to_inf,male,asympt,All,All,f,left_vent_hyper,-inf_to_147.5,yes,0.75_to_inf,flat,0.842696629213_to_inf,reversable_defect,>50_1
53.5_to_inf,male,asympt,All,All,f,left_vent_hyper,-inf_to_147.5,yes,0.75_to_inf,down,0.842696629213_to_inf,normal,>50_1
53.5_to_inf,male,asympt,All,All,f,left_vent_hyper,-inf_to_147.5,no,0.75_to_inf,flat,0.842696629213_to_inf,normal,>50_1
-inf_to_53.5,male,asympt,All,All,f,normal,147.5_to_inf,yes,0.75_to_inf,up,-inf_to_0.842696629213,reversable_defect,>50_1
53.5_to_inf,male,asympt,All,All,f,left_vent_hyper,147.5_to_inf,no,-inf_to_0.75,up,0.842696629213_to_inf,reversable_defect,>50_1
53.5_to_inf,male,asympt,All,All,f,left_vent_hyper,147.5_to_inf,no,0.75_to_inf,flat,0.842696629213_to_inf,reversable_defect,>50_1
53.5_to_inf,male,non_anginal,All,All,f,normal,147.5_to_inf,no,0.75_to_inf,up,0.842696629213_to_inf,reversable_defect,<50
-inf_to_53.5,male,atyp_angina,All,All,t,normal,147.5_to_inf,no,-inf_to_0.75,up,-inf_to_0.842696629213,reversable_defect,<50
53.5_to_inf,male,asympt,All,All,f,left_vent_hyper,147.5_to_inf,yes,-inf_to_0.75,up,0.842696629213_to_inf,normal,>50_1
53.5_to_inf,female,non_anginal,All,All,f,normal,147.5_to_inf,no,0.75_to_inf,flat,-inf_to_0.842696629213,normal,<50
53.5_to_inf,female,asympt,All,All,f,left_vent_hyper,-inf_to_147.5,no,0.75_to_inf,flat,-inf_to_0.842696629213,normal,<50
-inf_to_53.5,male,non_anginal,All,All,t,normal,147.5_to_inf,no,-inf_to_0.75,up,0.842696629213_to_inf,normal,<50
53.5_to_inf,male,asympt,All,All,f,normal,147.5_to_inf,yes,-inf_to_0.75,up,-inf_to_0.842696629213,reversable_defect,<50
-inf_to_53.5,male,non_anginal,All,All,f,normal,147.5_to_inf,no,-inf_to_0.75,up,-inf_to_0.842696629213,normal,<50
-inf_to_53.5,female,atyp_angina,All,All,f,normal,-inf_to_147.5,no,-inf_to_0.75,flat,-inf_to_0.842696629213,normal,<50
53.5_to_inf,male,non_anginal,All,All,f,normal,-inf_to_147.5,yes,0.75_to_inf,flat,0.842696629213_to_inf,reversable_defect,>50_1
-inf_to_53.5,male,asympt,All,All,f,left_vent_hyper,-inf_to_147.5,yes,-inf_to_0.75,up,-inf_to_0.842696629213,reversable_defect,<50
53.5_to_inf,female,asympt,All,All,f,normal,-inf_to_147.5,yes,-inf_to_0.75,flat,-inf_to_0.842696629213,normal,>50_1
53.5_to_inf,male,asympt,All,All,f,left_vent_hyper,-inf_to_147.5,no,0.75_to_inf,flat,0.842696629213_to_inf,fixed_defect,>50_1
53.5_to_inf,male,asympt,All,All,f,normal,-inf_to_147.5,yes,0.75_to_inf,flat,0.842696629213_to_inf,reversable_defect,>50_1
-inf_to_53.5,male,asympt,All,All,t,normal,-inf_to_147.5,no,-inf_to_0.75,up,0.842696629213_to_inf,reversable_defect,<50
53.5_to_inf,male,asympt,All,All,f,left_vent_hyper,-inf_to_147.5,yes,0.75_to_inf,flat,0.842696629213_to_inf,fixed_defect,>50_1
-inf_to_53.5,male,non_anginal,All,All,f,normal,147.5_to_inf,no,0.75_to_inf,up,0.842696629213_to_inf,normal,<50
-inf_to_53.5,male,non_anginal,All,All,t,left_vent_hyper,147.5_to_inf,no,-inf_to_0.75,up,0.842696629213_to_inf,normal,<50
-inf_to_53.5,male,asympt,All,All,f,left_vent_hyper,147.5_to_inf,no,-inf_to_0.75,flat,-inf_to_0.842696629213,reversable_defect,>50_1
53.5_to_inf,female,asympt,All,All,f,left_vent_hyper,147.5_to_inf,yes,0.75_to_inf,flat,0.842696629213_to_inf,reversable_defect,>50_1
-inf_to_53.5,male,typ_angina,All,All,f,left_vent_hyper,147.5_to_inf,no,0.75_to_inf,up,0.842696629213_to_inf,normal,<50
53.5_to_inf,male,typ_angina,All,All,f,left_vent_hyper,-inf_to_147.5,no,0.75_to_inf,down,-inf_to_0.842696629213,reversable_defect,<50
53.5_to_inf,female,atyp_angina,All,All,f,normal,147.5_to_inf,no,-inf_to_0.75,up,0.842696629213_to_inf,normal,<50
-inf_to_53.5,male,non_anginal,All,All,t,normal,147.5_to_inf,no,0.75_to_inf,down,-inf_to_0.842696629213,reversable_defect,<50
53.5_to_inf,male,atyp_angina,All,All,f,normal,-inf_to_147.5,yes,-inf_to_0.75,flat,0.842696629213_to_inf,fixed_defect,>50_1
53.5_to_inf,male,atyp_angina,All,All,f,left_vent_hyper,147.5_to_inf,no,-inf_to_0.75,up,0.842696629213_to_inf,reversable_defect,>50_1
53.5_to_inf,male,non_anginal,All,All,f,left_vent_hyper,-inf_to_147.5,no,0.75_to_inf,flat,0.842696629213_to_inf,reversable_defect,>50_1
-inf_to_53.5,male,non_anginal,All,All,f,normal,147.5_to_inf,no,-inf_to_0.75,up,-inf_to_0.842696629213,normal,<50
-inf_to_53.5,male,asympt,All,All,f,normal,-inf_to_147.5,yes,0.75_to_inf,flat,0.842696629213_to_inf,reversable_defect,>50_1
-inf_to_53.5,male,asympt,All,All,t,left_vent_hyper,-inf_to_147.5,yes,-inf_to_0.75,flat,-inf_to_0.842696629213,reversable_defect,>50_1
53.5_to_inf,female,asympt,All,All,t,normal,-inf_to_147.5,no,0.75_to_inf,flat,0.842696629213_to_inf,normal,>50_1
53.5_to_inf,female,non_anginal,All,All,f,left_vent_hyper,-inf_to_147.5,no,0.75_to_inf,flat,-inf_to_0.842696629213,normal,<50
53.5_to_inf,male,asympt,All,All,f,left_vent_hyper,-inf_to_147.5,yes,0.75_to_inf,flat,0.842696629213_to_inf,normal,>50_1
53.5_to_inf,male,typ_angina,All,All,t,left_vent_hyper,-inf_to_147.5,no,-inf_to_0.75,flat,0.842696629213_to_inf,normal,<50
-inf_to_53.5,female,asympt,All,All,f,left_vent_hyper,147.5_to_inf,yes,-inf_to_0.75,flat,-inf_to_0.842696629213,normal,<50
-inf_to_53.5,female,atyp_angina,All,All,f,normal,147.5_to_inf,no,0.75_to_inf,up,-inf_to_0.842696629213,normal,<50
53.5_to_inf,male,typ_angina,All,All,f,left_vent_hyper,-inf_to_147.5,no,-inf_to_0.75,up,-inf_to_0.842696629213,normal,>50_1
-inf_to_53.5,female,asympt,All,All,f,left_vent_hyper,147.5_to_inf,no,-inf_to_0.75,up,-inf_to_0.842696629213,normal,<50
53.5_to_inf,female,asympt,All,All,f,normal,147.5_to_inf,yes,-inf_to_0.75,up,-inf_to_0.842696629213,normal,<50
53.5_to_inf,male,non_anginal,All,All,t,normal,147.5_to_inf,no,-inf_to_0.75,up,0.842696629213_to_inf,reversable_defect,<50
53.5_to_inf,female,non_anginal,All,All,f,normal,-inf_to_147.5,no,-inf_to_0.75,up,-inf_to_0.842696629213,reversable_defect,<50
-inf_to_53.5,male,asympt,All,All,f,normal,147.5_to_inf,no,-inf_to_0.75,up,-inf_to_0.842696629213,reversable_defect,<50
-inf_to_53.5,male,asympt,All,All,f,left_vent_hyper,-inf_to_147.5,yes,-inf_to_0.75,flat,0.842696629213_to_inf,reversable_defect,>50_1
53.5_to_inf,male,asympt,All,All,f,left_vent_hyper,-inf_to_147.5,yes,0.75_to_inf,flat,0.842696629213_to_inf,reversable_defect,>50_1
-inf_to_53.5,male,asympt,All,All,f,left_vent_hyper,-inf_to_147.5,yes,0.75_to_inf,flat,-inf_to_0.842696629213,reversable_defect,>50_1
53.5_to_inf,male,atyp_angina,All,All,f,normal,147.5_to_inf,no,-inf_to_0.75,up,-inf_to_0.842696629213,normal,<50
53.5_to_inf,female,asympt,All,All,f,normal,147.5_to_inf,yes,0.75_to_inf,flat,-inf_to_0.842696629213,normal,>50_1
-inf_to_53.5,female,non_anginal,All,All,f,normal,147.5_to_inf,no,-inf_to_0.75,up,-inf_to_0.842696629213,normal,<50
-inf_to_53.5,male,typ_angina,All,All,f,normal,147.5_to_inf,yes,0.75_to_inf,flat,-inf_to_0.842696629213,reversable_defect,>50_1
-inf_to_53.5,male,non_anginal,All,All,f,left_vent_hyper,147.5_to_inf,no,0.75_to_inf,flat,-inf_to_0.842696629213,normal,<50
53.5_to_inf,female,asympt,All,All,t,normal,147.5_to_inf,yes,0.75_to_inf,flat,0.842696629213_to_inf,reversable_defect,>50_1
-inf_to_53.5,male,asympt,All,All,f,normal,147.5_to_inf,no,-inf_to_0.75,up,0.842696629213_to_inf,normal,>50_1
53.5_to_inf,male,typ_angina,All,All,f,left_vent_hyper,147.5_to_inf,no,0.75_to_inf,flat,-inf_to_0.842696629213,reversable_defect,<50
-inf_to_53.5,female,atyp_angina,All,All,f,normal,147.5_to_inf,no,-inf_to_0.75,up,-inf_to_0.842696629213,normal,<50
53.5_to_inf,female,asympt,All,All,f,normal,-inf_to_147.5,no,0.75_to_inf,flat,0.842696629213_to_inf,normal,<50
53.5_to_inf,male,asympt,All,All,f,left_vent_hyper,147.5_to_inf,no,-inf_to_0.75,up,-inf_to_0.842696629213,normal,<50
-inf_to_53.5,female,non_anginal,All,All,f,left_vent_hyper,147.5_to_inf,yes,-inf_to_0.75,up,-inf_to_0.842696629213,normal,<50
53.5_to_inf,female,non_anginal,All,All,f,left_vent_hyper,147.5_to_inf,no,-inf_to_0.75,up,-inf_to_0.842696629213,normal,<50
-inf_to_53.5,female,non_anginal,All,All,f,normal,147.5_to_inf,no,-inf_to_0.75,up,-inf_to_0.842696629213,normal,<50
-inf_to_53.5,male,asympt,All,All,f,normal,-inf_to_147.5,yes,0.75_to_inf,flat,0.842696629213_to_inf,reversable_defect,>50_1
53.5_to_inf,female,asympt,All,All,f,normal,147.5_to_inf,yes,0.75_to_inf,flat,0.842696629213_to_inf,normal,>50_1
-inf_to_53.5,female,atyp_angina,All,All,f,normal,147.5_to_inf,no,-inf_to_0.75,up,-inf_to_0.842696629213,normal,<50
53.5_to_inf,female,non_anginal,All,All,f,normal,147.5_to_inf,no,-inf_to_0.75,up,0.842696629213_to_inf,normal,<50
53.5_to_inf,male,asympt,All,All,f,left_vent_hyper,-inf_to_147.5,yes,-inf_to_0.75,flat,0.842696629213_to_inf,normal,>50_1
-inf_to_53.5,female,non_anginal,All,All,f,left_vent_hyper,147.5_to_inf,no,-inf_to_0.75,flat,-inf_to_0.842696629213,normal,<50
53.5_to_inf,female,asympt,All,All,f,st_t_wave_abnormality,-inf_to_147.5,yes,0.75_to_inf,flat,-inf_to_0.842696629213,normal,>50_1
-inf_to_53.5,male,non_anginal,All,All,f,left_vent_hyper,-inf_to_147.5,no,0.75_to_inf,up,0.842696629213_to_inf,normal,>50_1
53.5_to_inf,female,atyp_angina,All,All,f,left_vent_hyper,-inf_to_147.5,yes,-inf_to_0.75,up,0.842696629213_to_inf,normal,<50
53.5_to_inf,male,asympt,All,All,f,left_vent_hyper,-inf_to_147.5,yes,0.75_to_inf,flat,0.842696629213_to_inf,normal,>50_1
53.5_to_inf,male,asympt,All,All,t,left_vent_hyper,-inf_to_147.5,yes,0.75_to_inf,down,-inf_to_0.842696629213,reversable_defect,>50_1
-inf_to_53.5,male,asympt,All,All,f,left_vent_hyper,-inf_to_147.5,no,0.75_to_inf,up,-inf_to_0.842696629213,reversable_defect,>50_1
-inf_to_53.5,female,atyp_angina,All,All,f,normal,147.5_to_inf,no,-inf_to_0.75,flat,-inf_to_0.842696629213,normal,<50
-inf_to_53.5,male,atyp_angina,All,All,f,normal,147.5_to_inf,no,-inf_to_0.75,up,-inf_to_0.842696629213,normal,<50
-inf_to_53.5,male,atyp_angina,All,All,f,normal,147.5_to_inf,no,-inf_to_0.75,up,-inf_to_0.842696629213,normal,<50
-inf_to_53.5,female,atyp_angina,All,All,f,normal,147.5_to_inf,no,-inf_to_0.75,up,-inf_to_0.842696629213,normal,<50
-inf_to_53.5,female,asympt,All,All,f,normal,147.5_to_inf,no,-inf_to_0.75,up,-inf_to_0.842696629213,normal,<50
53.5_to_inf,male,typ_angina,All,All,f,normal,-inf_to_147.5,no,0.75_to_inf,flat,0.842696629213_to_inf,normal,>50_1
53.5_to_inf,female,non_anginal,All,All,t,normal,-inf_to_147.5,no,-inf_to_0.75,up,-inf_to_0.842696629213,normal,<50
53.5_to_inf,male,asympt,All,All,f,normal,-inf_to_147.5,no,0.75_to_inf,flat,-inf_to_0.842696629213,normal,>50_1
-inf_to_53.5,male,asympt,All,All,f,left_vent_hyper,-inf_to_147.5,yes,0.75_to_inf,flat,0.842696629213_to_inf,normal,>50_1
-inf_to_53.5,male,asympt,All,All,f,normal,147.5_to_inf,no,0.75_to_inf,up,0.842696629213_to_inf,reversable_defect,>50_1
53.5_to_inf,male,atyp_angina,All,All,t,left_vent_hyper,-inf_to_147.5,no,-inf_to_0.75,up,-inf_to_0.842696629213,normal,<50
53.5_to_inf,male,asympt,All,All,f,normal,-inf_to_147.5,yes,0.75_to_inf,flat,-inf_to_0.842696629213,fixed_defect,<50
53.5_to_inf,male,asympt,All,All,f,normal,-inf_to_147.5,no,0.75_to_inf,flat,0.842696629213_to_inf,reversable_defect,>50_1
53.5_to_inf,male,asympt,All,All,f,normal,-inf_to_147.5,yes,-inf_to_0.75,flat,0.842696629213_to_inf,reversable_defect,<50
-inf_to_53.5,female,non_anginal,All,All,f,left_vent_hyper,147.5_to_inf,no,-inf_to_0.75,up,-inf_to_0.842696629213,normal,<50
-inf_to_53.5,male,asympt,All,All,f,normal,147.5_to_inf,no,0.75_to_inf,flat,-inf_to_0.842696629213,normal,<50
-inf_to_53.5,female,non_anginal,All,All,f,normal,147.5_to_inf,no,-inf_to_0.75,flat,-inf_to_0.842696629213,normal,<50
53.5_to_inf,female,asympt,All,All,f,normal,-inf_to_147.5,no,-inf_to_0.75,up,0.842696629213_to_inf,normal,<50
53.5_to_inf,female,non_anginal,All,All,f,st_t_wave_abnormality,-inf_to_147.5,no,0.75_to_inf,flat,-inf_to_0.842696629213,normal,<50
53.5_to_inf,male,atyp_angina,All,All,f,left_vent_hyper,-inf_to_147.5,no,-inf_to_0.75,up,-inf_to_0.842696629213,normal,<50
-inf_to_53.5,female,non_anginal,All,All,f,normal,147.5_to_inf,no,-inf_to_0.75,flat,0.842696629213_to_inf,normal,<50
53.5_to_inf,female,atyp_angina,All,All,t,left_vent_hyper,147.5_to_inf,no,-inf_to_0.75,up,0.842696629213_to_inf,normal,>50_1
53.5_to_inf,female,typ_angina,All,All,f,normal,147.5_to_inf,no,0.75_to_inf,up,-inf_to_0.842696629213,normal,<50
53.5_to_inf,male,asympt,All,All,f,left_vent_hyper,-inf_to_147.5,yes,0.75_to_inf,flat,0.842696629213_to_inf,normal,>50_1
-inf_to_53.5,male,asympt,All,All,f,normal,-inf_to_147.5,yes,0.75_to_inf,flat,-inf_to_0.842696629213,fixed_defect,>50_1
-inf_to_53.5,male,asympt,All,All,t,normal,147.5_to_inf,yes,0.75_to_inf,flat,-inf_to_0.842696629213,,>50_1
53.5_to_inf,male,non_anginal,All,All,t,normal,-inf_to_147.5,no,0.75_to_inf,flat,0.842696629213_to_inf,fixed_defect,>50_1
-inf_to_53.5,male,asympt,All,All,f,normal,147.5_to_inf,no,-inf_to_0.75,up,-inf_to_0.842696629213,reversable_defect,>50_1
-inf_to_53.5,male,non_anginal,All,All,f,normal,147.5_to_inf,no,-inf_to_0.75,up,-inf_to_0.842696629213,normal,<50
53.5_to_inf,male,asympt,All,All,f,left_vent_hyper,-inf_to_147.5,yes,0.75_to_inf,up,0.842696629213_to_inf,reversable_defect,>50_1
53.5_to_inf,male,asympt,All,All,f,left_vent_hyper,-inf_to_147.5,no,0.75_to_inf,up,-inf_to_0.842696629213,fixed_defect,<50
-inf_to_53.5,male,asympt,All,All,f,normal,-inf_to_147.5,yes,0.75_to_inf,flat,0.842696629213_to_inf,reversable_defect,>50_1
53.5_to_inf,female,asympt,All,All,f,normal,-inf_to_147.5,no,0.75_to_inf,flat,-inf_to_0.842696629213,normal,<50
53.5_to_inf,male,typ_angina,All,All,f,normal,147.5_to_inf,no,0.75_to_inf,up,0.842696629213_to_inf,normal,>50_1
53.5_to_inf,female,non_anginal,All,All,f,left_vent_hyper,147.5_to_inf,no,-inf_to_0.75,flat,0.842696629213_to_inf,normal,<50
-inf_to_53.5,female,non_anginal,All,All,f,normal,147.5_to_inf,no,-inf_to_0.75,flat,-inf_to_0.842696629213,normal,<50
53.5_to_inf,male,atyp_angina,All,All,f,left_vent_hyper,147.5_to_inf,no,-inf_to_0.75,up,0.842696629213_to_inf,normal,>50_1
53.5_to_inf,female,asympt,All,All,f,normal,-inf_to_147.5,no,-inf_to_0.75,flat,-inf_to_0.842696629213,normal,<50
53.5_to_inf,male,asympt,All,All,f,normal,-inf_to_147.5,yes,0.75_to_inf,flat,0.842696629213_to_inf,reversable_defect,>50_1
-inf_to_53.5,male,non_anginal,All,All,f,normal,147.5_to_inf,no,-inf_to_0.75,up,-inf_to_0.842696629213,normal,<50
53.5_to_inf,female,asympt,All,All,f,st_t_wave_abnormality,-inf_to_147.5,yes,0.75_to_inf,flat,0.842696629213_to_inf,reversable_defect,>50_1
-inf_to_53.5,male,atyp_angina,All,All,f,normal,147.5_to_inf,no,-inf_to_0.75,up,-inf_to_0.842696629213,normal,<50
53.5_to_inf,male,asympt,All,All,f,normal,147.5_to_inf,no,-inf_to_0.75,up,0.842696629213_to_inf,reversable_defect,>50_1
53.5_to_inf,male,asympt,All,All,f,st_t_wave_abnormality,-inf_to_147.5,no,0.75_to_inf,down,0.842696629213_to_inf,fixed_defect,>50_1
53.5_to_inf,female,asympt,All,All,t,left_vent_hyper,-inf_to_147.5,yes,0.75_to_inf,flat,0.842696629213_to_inf,fixed_defect,>50_1
53.5_to_inf,male,atyp_angina,All,All,f,normal,-inf_to_147.5,no,-inf_to_0.75,flat,-inf_to_0.842696629213,reversable_defect,<50
53.5_to_inf,male,atyp_angina,All,All,f,left_vent_hyper,147.5_to_inf,no,-inf_to_0.75,up,-inf_to_0.842696629213,reversable_defect,<50
53.5_to_inf,male,atyp_angina,All,All,f,normal,147.5_to_inf,no,-inf_to_0.75,down,-inf_to_0.842696629213,normal,<50
53.5_to_inf,male,non_anginal,All,All,f,left_vent_hyper,147.5_to_inf,no,0.75_to_inf,flat,-inf_to_0.842696629213,reversable_defect,>50_1
53.5_to_inf,female,atyp_angina,All,All,f,normal,147.5_to_inf,no,0.75_to_inf,up,-inf_to_0.842696629213,normal,<50
-inf_to_53.5,male,asympt,All,All,f,normal,-inf_to_147.5,yes,0.75_to_inf,down,-inf_to_0.842696629213,fixed_defect,>50_1
53.5_to_inf,female,asympt,All,All,f,normal,-inf_to_147.5,yes,-inf_to_0.75,flat,-inf_to_0.842696629213,normal,>50_1
-inf_to_53.5,male,atyp_angina,All,All,f,normal,147.5_to_inf,no,-inf_to_0.75,up,-inf_to_0.842696629213,normal,<50
53.5_to_inf,female,asympt,All,All,f,normal,-inf_to_147.5,yes,-inf_to_0.75,flat,-inf_to_0.842696629213,reversable_defect,>50_1
-inf_to_53.5,male,typ_angina,All,All,f,normal,-inf_to_147.5,no,0.75_to_inf,flat,-inf_to_0.842696629213,reversable_defect,>50_1
53.5_to_inf,male,asympt,All,All,t,normal,-inf_to_147.5,no,0.75_to_inf,flat,0.842696629213_to_inf,reversable_defect,>50_1
53.5_to_inf,male,asympt,All,All,f,normal,-inf_to_147.5,yes,0.75_to_inf,flat,0.842696629213_to_inf,reversable_defect,>50_1
53.5_to_inf,female,atyp_angina,All,All,f,left_vent_hyper,147.5_to_inf,no,-inf_to_0.75,flat,0.842696629213_to_inf,normal,>50_1
-inf_to_53.5,male,non_anginal,All,All,f,normal,147.5_to_inf,no,-inf_to_0.75,up,-inf_to_0.842696629213,normal,<50
-inf_to_53.5,male,non_anginal,All,All,f,normal,147.5_to_inf,no,-inf_to_0.75,up,-inf_to_0.842696629213,normal,<50
