AGE,SEX,STEROID,ANTIVIRALS,FATIGUE,MALAISE,ANOREXIA,LIVER_BIG,LIVER_FIRM,SPLEEN_PALPABLE,SPIDERS,ASCITES,VARICES,BILIRUBIN,ALK_PHOSPHATE,SGOT,ALBUMIN,PROTIME,HISTOLOGY,Class
All,male,no,no,no,no,no,no,no,no,no,no,no,-inf_to_1.35,All,All,3.85433070866_to_inf,44.5_to_inf,no,LIVE
All,female,no,no,yes,no,no,no,no,no,no,no,no,-inf_to_1.35,All,All,2.65_to_3.85433070866,44.5_to_inf,no,LIVE
All,female,yes,no,yes,no,no,yes,no,no,no,no,no,-inf_to_1.35,All,All,3.85433070866_to_inf,44.5_to_inf,no,LIVE
All,female,yes,no,no,no,no,yes,no,no,no,no,no,-inf_to_1.35,All,All,3.85433070866_to_inf,44.5_to_inf,no,LIVE
All,female,yes,no,no,no,no,yes,no,no,no,no,no,-inf_to_1.35,All,All,3.85433070866_to_inf,44.5_to_inf,no,LIVE
All,female,no,no,yes,no,yes,yes,no,yes,yes,no,no,1.35_to_inf,All,All,2.65_to_3.85433070866,44.5_to_inf,no,DIE
All,female,yes,no,no,no,no,yes,no,no,no,no,no,-inf_to_1.35,All,All,2.65_to_3.85433070866,44.5_to_inf,no,LIVE
All,female,yes,no,yes,no,no,yes,yes,no,no,no,no,-inf_to_1.35,All,All,3.85433070866_to_inf,44.5_to_inf,no,LIVE
All,female,yes,no,no,no,no,yes,no,no,no,no,no,-inf_to_1.35,All,All,3.85433070866_to_inf,44.5_to_inf,no,LIVE
All,female,no,yes,no,no,no,no,yes,no,no,no,no,-inf_to_1.35,All,All,3.85433070866_to_inf,44.5_to_inf,no,LIVE
All,female,yes,yes,yes,no,no,yes,yes,no,yes,no,no,-inf_to_1.35,All,All,2.65_to_3.85433070866,44.5_to_inf,no,LIVE
All,female,yes,yes,yes,no,no,yes,yes,no,no,no,no,-inf_to_1.35,All,All,3.85433070866_to_inf,44.5_to_inf,no,LIVE
All,female,yes,no,yes,no,no,yes,yes,no,no,no,no,1.35_to_inf,All,All,3.85433070866_to_inf,44.5_to_inf,no,LIVE
All,female,no,no,yes,yes,yes,yes,no,no,no,yes,no,1.35_to_inf,All,All,2.65_to_3.85433070866,44.5_to_inf,no,LIVE
All,female,no,no,yes,no,no,yes,yes,no,no,no,no,-inf_to_1.35,All,All,3.85433070866_to_inf,44.5_to_inf,no,LIVE
All,female,yes,no,no,no,no,yes,no,no,no,no,no,-inf_to_1.35,All,All,3.85433070866_to_inf,44.5_to_inf,yes,LIVE
All,female,no,yes,no,no,no,no,yes,no,no,no,no,-inf_to_1.35,All,All,3.85433070866_to_inf,44.5_to_inf,no,LIVE
All,male,yes,yes,yes,no,no,yes,no,no,no,no,no,-inf_to_1.35,All,All,3.85433070866_to_inf,44.5_to_inf,no,LIVE
All,female,yes,no,no,no,no,yes,no,no,no,no,no,-inf_to_1.35,All,All,3.85433070866_to_inf,44.5_to_inf,no,LIVE
All,female,yes,no,no,no,no,yes,no,no,no,no,no,-inf_to_1.35,All,All,3.85433070866_to_inf,44.5_to_inf,no,LIVE
All,male,no,yes,no,no,no,yes,no,no,no,no,no,-inf_to_1.35,All,All,3.85433070866_to_inf,44.5_to_inf,no,LIVE
All,female,no,no,yes,yes,no,yes,no,no,no,no,no,-inf_to_1.35,All,All,2.65_to_3.85433070866,44.5_to_inf,no,LIVE
All,female,no,yes,yes,yes,yes,yes,yes,no,yes,no,no,-inf_to_1.35,All,All,2.65_to_3.85433070866,44.5_to_inf,no,LIVE
All,male,yes,no,yes,no,no,yes,yes,no,yes,no,no,1.35_to_inf,All,All,2.65_to_3.85433070866,-inf_to_44.5,no,LIVE
All,female,no,no,yes,no,no,no,yes,no,no,no,no,-inf_to_1.35,All,All,2.65_to_3.85433070866,44.5_to_inf,no,LIVE
All,female,no,yes,yes,yes,no,yes,no,no,no,no,no,-inf_to_1.35,All,All,3.85433070866_to_inf,44.5_to_inf,no,LIVE
All,female,no,no,yes,yes,no,,,no,no,no,no,-inf_to_1.35,All,All,2.65_to_3.85433070866,44.5_to_inf,no,DIE
All,male,yes,yes,yes,yes,yes,yes,no,no,no,no,no,-inf_to_1.35,All,All,3.85433070866_to_inf,44.5_to_inf,no,LIVE
All,male,no,no,no,no,no,yes,yes,no,no,no,no,-inf_to_1.35,All,All,2.65_to_3.85433070866,44.5_to_inf,no,LIVE
All,female,yes,no,yes,no,no,yes,no,no,no,no,no,-inf_to_1.35,All,All,3.85433070866_to_inf,44.5_to_inf,no,LIVE
All,female,yes,no,yes,no,no,yes,no,no,yes,no,no,-inf_to_1.35,All,All,3.85433070866_to_inf,44.5_to_inf,no,DIE
All,female,yes,no,yes,yes,yes,yes,no,yes,no,no,no,-inf_to_1.35,All,All,3.85433070866_to_inf,44.5_to_inf,no,LIVE
All,male,no,no,yes,yes,yes,no,yes,yes,yes,no,no,1.35_to_inf,All,All,3.85433070866_to_inf,44.5_to_inf,no,LIVE
All,female,no,no,no,no,no,yes,no,no,no,no,no,-inf_to_1.35,All,All,3.85433070866_to_inf,44.5_to_inf,no,LIVE
All,female,yes,no,yes,yes,no,yes,yes,yes,yes,yes,no,-inf_to_1.35,All,All,2.65_to_3.85433070866,44.5_to_inf,yes,LIVE
All,female,no,yes,no,no,no,yes,no,no,no,no,no,-inf_to_1.35,All,All,3.85433070866_to_inf,-inf_to_44.5,no,LIVE
All,female,yes,no,no,no,no,,,,,,,1.35_to_inf,All,All,3.85433070866_to_inf,44.5_to_inf,no,LIVE
All,female,yes,no,no,no,no,yes,no,no,no,no,no,-inf_to_1.35,All,All,3.85433070866_to_inf,44.5_to_inf,no,LIVE
All,female,no,no,yes,no,no,yes,no,no,no,no,no,-inf_to_1.35,All,All,3.85433070866_to_inf,44.5_to_inf,no,LIVE
All,female,yes,no,no,no,no,yes,no,no,no,no,no,1.35_to_inf,All,All,2.65_to_3.85433070866,44.5_to_inf,no,LIVE
All,female,yes,no,yes,yes,no,yes,no,no,no,no,no,-inf_to_1.35,All,All,3.85433070866_to_inf,44.5_to_inf,no,LIVE
All,female,no,no,no,no,no,yes,yes,no,yes,no,no,-inf_to_1.35,All,All,2.65_to_3.85433070866,44.5_to_inf,no,LIVE
All,male,yes,no,yes,yes,no,yes,yes,no,no,no,no,1.35_to_inf,All,All,2.65_to_3.85433070866,44.5_to_inf,no,LIVE
All,female,no,no,no,no,no,yes,no,yes,no,no,no,-inf_to_1.35,All,All,3.85433070866_to_inf,44.5_to_inf,no,LIVE
All,female,yes,yes,yes,yes,yes,yes,no,no,yes,no,no,-inf_to_1.35,All,All,3.85433070866_to_inf,44.5_to_inf,no,LIVE
All,female,no,no,no,no,no,yes,no,no,no,no,no,-inf_to_1.35,All,All,3.85433070866_to_inf,44.5_to_inf,no,LIVE
All,female,yes,no,yes,no,no,yes,no,no,no,no,no,-inf_to_1.35,All,All,3.85433070866_to_inf,44.5_to_inf,no,LIVE
All,female,no,no,yes,yes,yes,yes,no,no,no,no,no,-inf_to_1.35,All,All,2.65_to_3.85433070866,44.5_to_inf,no,LIVE
All,female,yes,yes,no,no,no,yes,no,no,no,no,no,-inf_to_1.35,All,All,3.85433070866_to_inf,44.5_to_inf,no,LIVE
All,female,yes,yes,yes,yes,no,no,yes,no,no,no,no,-inf_to_1.35,All,All,3.85433070866_to_inf,44.5_to_inf,no,LIVE
All,male,no,no,yes,yes,no,yes,no,yes,no,no,no,-inf_to_1.35,All,All,2.65_to_3.85433070866,44.5_to_inf,no,LIVE
All,female,yes,no,no,no,no,yes,no,no,no,no,no,-inf_to_1.35,All,All,3.85433070866_to_inf,44.5_to_inf,no,LIVE
All,female,yes,no,no,no,no,yes,no,no,no,no,no,-inf_to_1.35,All,All,3.85433070866_to_inf,44.5_to_inf,no,LIVE
All,female,yes,no,yes,yes,yes,yes,no,no,yes,no,yes,1.35_to_inf,All,All,2.65_to_3.85433070866,-inf_to_44.5,no,LIVE
All,female,no,no,no,no,no,no,yes,yes,no,no,no,-inf_to_1.35,All,All,2.65_to_3.85433070866,-inf_to_44.5,no,LIVE
All,female,yes,no,yes,yes,no,yes,no,no,no,no,no,-inf_to_1.35,All,All,2.65_to_3.85433070866,44.5_to_inf,no,LIVE
All,female,yes,no,no,no,no,yes,no,no,no,no,no,-inf_to_1.35,All,All,3.85433070866_to_inf,44.5_to_inf,no,LIVE
All,female,no,no,no,no,no,yes,no,no,no,no,no,-inf_to_1.35,All,All,2.65_to_3.85433070866,44.5_to_inf,no,LIVE
All,female,yes,no,yes,yes,yes,yes,no,no,yes,yes,no,1.35_to_inf,All,All,-inf_to_2.65,44.5_to_inf,no,DIE
All,female,yes,no,yes,no,no,yes,no,no,no,no,no,-inf_to_1.35,All,All,3.85433070866_to_inf,44.5_to_inf,no,LIVE
All,female,no,no,yes,yes,no,yes,no,no,no,no,no,1.35_to_inf,All,All,2.65_to_3.85433070866,44.5_to_inf,no,LIVE
All,female,yes,no,no,no,no,yes,no,no,no,no,no,-inf_to_1.35,All,All,3.85433070866_to_inf,44.5_to_inf,no,LIVE
All,female,no,no,yes,yes,no,no,yes,no,yes,no,no,1.35_to_inf,All,All,2.65_to_3.85433070866,44.5_to_inf,no,DIE
All,female,yes,no,yes,yes,yes,,,,,,,-inf_to_1.35,All,All,3.85433070866_to_inf,44.5_to_inf,no,LIVE
All,female,no,no,yes,yes,yes,yes,yes,no,no,no,no,-inf_to_1.35,All,All,3.85433070866_to_inf,44.5_to_inf,no,LIVE
All,female,yes,no,no,no,no,yes,no,no,no,no,no,1.35_to_inf,All,All,3.85433070866_to_inf,44.5_to_inf,no,LIVE
All,female,no,yes,yes,yes,no,yes,no,no,no,no,no,-inf_to_1.35,All,All,3.85433070866_to_inf,44.5_to_inf,no,LIVE
All,male,no,yes,no,no,no,yes,yes,no,no,no,no,-inf_to_1.35,All,All,3.85433070866_to_inf,44.5_to_inf,no,LIVE
All,female,no,no,yes,no,no,no,yes,no,yes,no,no,-inf_to_1.35,All,All,3.85433070866_to_inf,44.5_to_inf,no,LIVE
All,female,yes,no,no,no,no,yes,no,no,no,no,no,-inf_to_1.35,All,All,3.85433070866_to_inf,44.5_to_inf,no,LIVE
All,female,yes,no,yes,yes,yes,yes,no,no,no,no,no,-inf_to_1.35,All,All,3.85433070866_to_inf,44.5_to_inf,no,LIVE
All,female,yes,no,no,no,no,yes,no,no,no,no,no,-inf_to_1.35,All,All,3.85433070866_to_inf,44.5_to_inf,no,LIVE
All,female,no,no,no,no,no,yes,no,no,no,no,no,-inf_to_1.35,All,All,3.85433070866_to_inf,44.5_to_inf,no,LIVE
All,male,no,no,yes,yes,no,yes,no,,,,,1.35_to_inf,All,All,2.65_to_3.85433070866,44.5_to_inf,no,LIVE
All,male,yes,no,yes,yes,no,yes,yes,no,yes,no,no,-inf_to_1.35,All,All,3.85433070866_to_inf,44.5_to_inf,no,LIVE
All,female,no,no,yes,yes,yes,yes,yes,no,no,no,no,1.35_to_inf,All,All,3.85433070866_to_inf,44.5_to_inf,no,LIVE
All,female,no,no,yes,yes,no,yes,no,yes,no,no,yes,-inf_to_1.35,All,All,2.65_to_3.85433070866,-inf_to_44.5,yes,DIE
All,female,yes,no,yes,yes,yes,yes,yes,no,yes,yes,yes,1.35_to_inf,All,All,2.65_to_3.85433070866,44.5_to_inf,yes,DIE
All,female,no,no,yes,yes,yes,yes,yes,no,yes,yes,yes,-inf_to_1.35,All,All,2.65_to_3.85433070866,44.5_to_inf,yes,DIE
All,female,no,no,yes,yes,yes,no,yes,no,no,no,no,-inf_to_1.35,All,All,3.85433070866_to_inf,44.5_to_inf,yes,LIVE
All,male,no,no,yes,no,no,no,yes,yes,yes,no,no,-inf_to_1.35,All,All,2.65_to_3.85433070866,-inf_to_44.5,yes,LIVE
All,female,no,no,yes,yes,yes,yes,no,yes,yes,no,yes,1.35_to_inf,All,All,2.65_to_3.85433070866,44.5_to_inf,yes,DIE
All,female,yes,no,no,no,no,,,no,no,no,no,-inf_to_1.35,All,All,3.85433070866_to_inf,44.5_to_inf,yes,LIVE
All,female,no,no,no,no,no,yes,no,no,no,no,no,1.35_to_inf,All,All,2.65_to_3.85433070866,44.5_to_inf,yes,LIVE
All,female,no,no,yes,yes,no,yes,yes,yes,yes,no,no,1.35_to_inf,All,All,2.65_to_3.85433070866,-inf_to_44.5,yes,DIE
All,female,no,yes,yes,yes,yes,no,yes,no,no,no,no,-inf_to_1.35,All,All,3.85433070866_to_inf,44.5_to_inf,yes,LIVE
All,female,no,no,yes,yes,no,yes,yes,no,yes,no,no,-inf_to_1.35,All,All,3.85433070866_to_inf,44.5_to_inf,yes,LIVE
All,female,no,no,yes,yes,no,no,yes,no,yes,no,no,1.35_to_inf,All,All,2.65_to_3.85433070866,44.5_to_inf,yes,LIVE
All,female,yes,no,no,no,no,yes,no,no,yes,no,yes,1.35_to_inf,All,All,3.85433070866_to_inf,44.5_to_inf,yes,DIE
All,female,no,no,yes,no,no,no,yes,yes,yes,no,no,1.35_to_inf,All,All,2.65_to_3.85433070866,44.5_to_inf,yes,LIVE
All,female,no,no,yes,yes,no,yes,yes,no,yes,yes,yes,1.35_to_inf,All,All,2.65_to_3.85433070866,-inf_to_44.5,yes,DIE
All,female,no,no,yes,no,no,yes,yes,no,no,no,no,1.35_to_inf,All,All,2.65_to_3.85433070866,44.5_to_inf,yes,LIVE
All,female,yes,no,yes,yes,no,yes,yes,no,no,yes,yes,1.35_to_inf,All,All,-inf_to_2.65,44.5_to_inf,yes,DIE
All,female,yes,no,no,no,no,yes,no,no,no,no,no,-inf_to_1.35,All,All,3.85433070866_to_inf,44.5_to_inf,yes,LIVE
All,female,no,no,yes,no,no,,,yes,yes,yes,no,1.35_to_inf,All,All,-inf_to_2.65,44.5_to_inf,yes,DIE
All,female,no,no,yes,yes,yes,yes,no,no,no,no,no,1.35_to_inf,All,All,2.65_to_3.85433070866,44.5_to_inf,yes,LIVE
All,female,no,yes,no,no,no,no,yes,no,no,no,no,-inf_to_1.35,All,All,2.65_to_3.85433070866,44.5_to_inf,yes,LIVE
All,female,no,no,yes,yes,no,yes,no,no,no,yes,no,-inf_to_1.35,All,All,2.65_to_3.85433070866,-inf_to_44.5,yes,DIE
All,female,no,yes,yes,yes,no,yes,no,no,yes,no,no,-inf_to_1.35,All,All,2.65_to_3.85433070866,-inf_to_44.5,yes,DIE
All,female,no,no,yes,no,no,yes,no,no,no,no,no,-inf_to_1.35,All,All,3.85433070866_to_inf,44.5_to_inf,yes,LIVE
All,female,no,no,yes,no,no,yes,yes,yes,no,no,no,-inf_to_1.35,All,All,2.65_to_3.85433070866,44.5_to_inf,no,LIVE
All,female,no,no,no,no,no,yes,no,no,no,no,no,-inf_to_1.35,All,All,2.65_to_3.85433070866,44.5_to_inf,yes,LIVE
All,male,yes,no,yes,no,no,yes,no,no,no,no,no,1.35_to_inf,All,All,2.65_to_3.85433070866,44.5_to_inf,yes,LIVE
All,female,no,no,yes,no,no,yes,no,no,no,no,no,-inf_to_1.35,All,All,3.85433070866_to_inf,44.5_to_inf,yes,LIVE
All,female,yes,no,no,no,no,yes,no,no,no,no,no,-inf_to_1.35,All,All,3.85433070866_to_inf,44.5_to_inf,yes,LIVE
All,female,no,no,yes,yes,no,,,no,yes,no,no,1.35_to_inf,All,All,2.65_to_3.85433070866,44.5_to_inf,yes,DIE
All,female,yes,no,yes,no,no,no,yes,no,no,no,no,1.35_to_inf,All,All,2.65_to_3.85433070866,44.5_to_inf,yes,LIVE
All,female,no,no,yes,yes,yes,no,yes,no,yes,no,no,1.35_to_inf,All,All,3.85433070866_to_inf,44.5_to_inf,yes,DIE
All,female,no,no,yes,yes,yes,yes,no,no,yes,yes,no,-inf_to_1.35,All,All,2.65_to_3.85433070866,-inf_to_44.5,yes,LIVE
All,female,yes,no,no,no,no,yes,no,yes,no,no,no,1.35_to_inf,All,All,2.65_to_3.85433070866,44.5_to_inf,yes,LIVE
All,female,no,no,yes,no,no,yes,no,no,yes,no,no,-inf_to_1.35,All,All,3.85433070866_to_inf,44.5_to_inf,yes,LIVE
All,female,yes,no,no,no,no,yes,yes,yes,yes,no,no,-inf_to_1.35,All,All,3.85433070866_to_inf,44.5_to_inf,yes,LIVE
All,male,yes,no,yes,yes,yes,no,yes,no,yes,no,no,-inf_to_1.35,All,All,3.85433070866_to_inf,44.5_to_inf,yes,LIVE
All,female,yes,no,yes,yes,yes,,,no,yes,yes,no,-inf_to_1.35,All,All,3.85433070866_to_inf,44.5_to_inf,yes,LIVE
All,female,yes,no,yes,no,no,yes,yes,yes,no,yes,yes,1.35_to_inf,All,All,-inf_to_2.65,-inf_to_44.5,yes,DIE
All,female,no,no,yes,yes,no,yes,no,no,no,yes,no,-inf_to_1.35,All,All,2.65_to_3.85433070866,44.5_to_inf,yes,LIVE
All,female,no,no,yes,yes,no,yes,no,no,yes,yes,no,1.35_to_inf,All,All,2.65_to_3.85433070866,-inf_to_44.5,yes,DIE
All,female,yes,no,no,no,no,yes,no,no,no,no,no,-inf_to_1.35,All,All,3.85433070866_to_inf,-inf_to_44.5,yes,LIVE
All,female,no,no,yes,yes,yes,yes,no,yes,no,no,no,1.35_to_inf,All,All,-inf_to_2.65,44.5_to_inf,yes,DIE
All,female,yes,yes,yes,no,no,yes,yes,no,no,no,no,-inf_to_1.35,All,All,2.65_to_3.85433070866,44.5_to_inf,yes,LIVE
All,female,no,no,no,no,no,yes,yes,no,no,no,no,-inf_to_1.35,All,All,2.65_to_3.85433070866,44.5_to_inf,yes,DIE
All,female,yes,no,yes,no,no,no,yes,yes,yes,yes,yes,-inf_to_1.35,All,All,3.85433070866_to_inf,44.5_to_inf,yes,LIVE
All,female,yes,no,no,no,no,no,yes,no,yes,no,no,-inf_to_1.35,All,All,3.85433070866_to_inf,44.5_to_inf,yes,LIVE
All,female,yes,no,no,no,no,yes,yes,no,yes,no,yes,1.35_to_inf,All,All,2.65_to_3.85433070866,44.5_to_inf,yes,LIVE
All,female,yes,no,yes,yes,no,yes,yes,no,yes,yes,yes,-inf_to_1.35,All,All,-inf_to_2.65,-inf_to_44.5,yes,DIE
All,female,yes,yes,no,no,no,yes,no,no,no,no,no,-inf_to_1.35,All,All,3.85433070866_to_inf,44.5_to_inf,yes,LIVE
All,female,no,no,yes,yes,yes,no,yes,no,yes,no,yes,1.35_to_inf,All,All,2.65_to_3.85433070866,44.5_to_inf,yes,LIVE
All,female,no,no,yes,yes,no,,,yes,no,yes,no,1.35_to_inf,All,All,2.65_to_3.85433070866,-inf_to_44.5,yes,DIE
All,female,yes,no,yes,no,no,yes,yes,yes,yes,no,yes,-inf_to_1.35,All,All,2.65_to_3.85433070866,44.5_to_inf,yes,LIVE
All,female,no,no,yes,yes,no,yes,no,yes,yes,no,no,1.35_to_inf,All,All,2.65_to_3.85433070866,-inf_to_44.5,yes,DIE
All,female,yes,no,yes,yes,yes,yes,no,no,yes,yes,no,1.35_to_inf,All,All,-inf_to_2.65,44.5_to_inf,yes,DIE
All,female,no,no,yes,no,no,yes,no,no,no,no,no,-inf_to_1.35,All,All,3.85433070866_to_inf,44.5_to_inf,yes,LIVE
All,female,yes,no,yes,no,no,yes,yes,yes,yes,no,yes,1.35_to_inf,All,All,2.65_to_3.85433070866,44.5_to_inf,yes,DIE
All,female,no,no,yes,yes,yes,,,,,,,1.35_to_inf,All,All,2.65_to_3.85433070866,-inf_to_44.5,yes,DIE
All,female,no,no,no,no,no,yes,,no,no,no,no,-inf_to_1.35,All,All,3.85433070866_to_inf,44.5_to_inf,yes,LIVE
All,female,yes,no,no,no,no,yes,no,no,no,no,no,-inf_to_1.35,All,All,3.85433070866_to_inf,44.5_to_inf,yes,LIVE
All,female,yes,no,yes,yes,yes,yes,no,no,yes,yes,yes,1.35_to_inf,All,All,2.65_to_3.85433070866,44.5_to_inf,yes,DIE
All,female,yes,no,yes,no,no,yes,yes,no,no,no,no,-inf_to_1.35,All,All,3.85433070866_to_inf,44.5_to_inf,yes,LIVE
All,female,no,no,yes,yes,no,no,yes,no,yes,no,no,-inf_to_1.35,All,All,3.85433070866_to_inf,44.5_to_inf,yes,LIVE
All,male,no,no,yes,no,no,yes,no,yes,yes,no,yes,1.35_to_inf,All,All,3.85433070866_to_inf,44.5_to_inf,yes,LIVE
