plas,preg,mass,insu,skin,pedi,age,pres,class
123.5_to_154.5,-inf_to_6.5,27.35_to_inf,-inf_to_14.5,All,0.5275_to_inf,30.5_to_inf,All,tested_positive
154.5_to_inf,6.5_to_inf,-inf_to_27.35,-inf_to_14.5,All,0.5275_to_inf,30.5_to_inf,All,tested_positive
-inf_to_99.5,-inf_to_6.5,27.35_to_inf,14.5_to_121.0,All,-inf_to_0.5275,-inf_to_30.5,All,tested_negative
123.5_to_154.5,-inf_to_6.5,27.35_to_inf,121.0_to_inf,All,0.5275_to_inf,30.5_to_inf,All,tested_positive
99.5_to_123.5,-inf_to_6.5,-inf_to_27.35,-inf_to_14.5,All,-inf_to_0.5275,-inf_to_30.5,All,tested_negative
-inf_to_99.5,-inf_to_6.5,27.35_to_inf,14.5_to_121.0,All,-inf_to_0.5275,-inf_to_30.5,All,tested_positive
99.5_to_123.5,6.5_to_inf,27.35_to_inf,-inf_to_14.5,All,-inf_to_0.5275,-inf_to_30.5,All,tested_negative
154.5_to_inf,-inf_to_6.5,27.35_to_inf,121.0_to_inf,All,-inf_to_0.5275,30.5_to_inf,All,tested_positive
123.5_to_154.5,6.5_to_inf,-inf_to_27.35,-inf_to_14.5,All,-inf_to_0.5275,30.5_to_inf,All,tested_positive
99.5_to_123.5,-inf_to_6.5,27.35_to_inf,-inf_to_14.5,All,-inf_to_0.5275,-inf_to_30.5,All,tested_negative
123.5_to_154.5,6.5_to_inf,-inf_to_27.35,-inf_to_14.5,All,0.5275_to_inf,30.5_to_inf,All,tested_negative
154.5_to_inf,-inf_to_6.5,27.35_to_inf,121.0_to_inf,All,-inf_to_0.5275,30.5_to_inf,All,tested_positive
154.5_to_inf,-inf_to_6.5,-inf_to_27.35,121.0_to_inf,All,0.5275_to_inf,30.5_to_inf,All,tested_positive
99.5_to_123.5,6.5_to_inf,27.35_to_inf,-inf_to_14.5,All,-inf_to_0.5275,30.5_to_inf,All,tested_positive
99.5_to_123.5,-inf_to_6.5,27.35_to_inf,121.0_to_inf,All,0.5275_to_inf,30.5_to_inf,All,tested_positive
99.5_to_123.5,6.5_to_inf,27.35_to_inf,-inf_to_14.5,All,-inf_to_0.5275,30.5_to_inf,All,tested_positive
99.5_to_123.5,-inf_to_6.5,27.35_to_inf,14.5_to_121.0,All,-inf_to_0.5275,30.5_to_inf,All,tested_negative
99.5_to_123.5,-inf_to_6.5,27.35_to_inf,14.5_to_121.0,All,0.5275_to_inf,30.5_to_inf,All,tested_positive
123.5_to_154.5,-inf_to_6.5,27.35_to_inf,121.0_to_inf,All,0.5275_to_inf,-inf_to_30.5,All,tested_negative
-inf_to_99.5,6.5_to_inf,27.35_to_inf,-inf_to_14.5,All,-inf_to_0.5275,30.5_to_inf,All,tested_negative
154.5_to_inf,6.5_to_inf,27.35_to_inf,-inf_to_14.5,All,-inf_to_0.5275,30.5_to_inf,All,tested_positive
99.5_to_123.5,6.5_to_inf,27.35_to_inf,-inf_to_14.5,All,-inf_to_0.5275,-inf_to_30.5,All,tested_positive
123.5_to_154.5,6.5_to_inf,27.35_to_inf,14.5_to_121.0,All,-inf_to_0.5275,30.5_to_inf,All,tested_positive
123.5_to_154.5,6.5_to_inf,27.35_to_inf,-inf_to_14.5,All,-inf_to_0.5275,30.5_to_inf,All,tested_positive
-inf_to_99.5,-inf_to_6.5,-inf_to_27.35,121.0_to_inf,All,-inf_to_0.5275,-inf_to_30.5,All,tested_negative
123.5_to_154.5,6.5_to_inf,-inf_to_27.35,14.5_to_121.0,All,-inf_to_0.5275,30.5_to_inf,All,tested_negative
99.5_to_123.5,-inf_to_6.5,27.35_to_inf,-inf_to_14.5,All,0.5275_to_inf,30.5_to_inf,All,tested_negative
154.5_to_inf,-inf_to_6.5,27.35_to_inf,121.0_to_inf,All,0.5275_to_inf,-inf_to_30.5,All,tested_positive
-inf_to_99.5,-inf_to_6.5,-inf_to_27.35,14.5_to_121.0,All,-inf_to_0.5275,-inf_to_30.5,All,tested_negative
-inf_to_99.5,-inf_to_6.5,-inf_to_27.35,-inf_to_14.5,All,-inf_to_0.5275,-inf_to_30.5,All,tested_negative
99.5_to_123.5,6.5_to_inf,27.35_to_inf,-inf_to_14.5,All,-inf_to_0.5275,30.5_to_inf,All,tested_negative
99.5_to_123.5,-inf_to_6.5,-inf_to_27.35,121.0_to_inf,All,0.5275_to_inf,30.5_to_inf,All,tested_negative
123.5_to_154.5,6.5_to_inf,27.35_to_inf,-inf_to_14.5,All,-inf_to_0.5275,30.5_to_inf,All,tested_negative
99.5_to_123.5,6.5_to_inf,27.35_to_inf,-inf_to_14.5,All,0.5275_to_inf,30.5_to_inf,All,tested_positive
-inf_to_99.5,-inf_to_6.5,27.35_to_inf,-inf_to_14.5,All,-inf_to_0.5275,-inf_to_30.5,All,tested_positive
99.5_to_123.5,-inf_to_6.5,27.35_to_inf,121.0_to_inf,All,0.5275_to_inf,30.5_to_inf,All,tested_positive
154.5_to_inf,-inf_to_6.5,27.35_to_inf,14.5_to_121.0,All,-inf_to_0.5275,-inf_to_30.5,All,tested_negative
123.5_to_154.5,6.5_to_inf,27.35_to_inf,-inf_to_14.5,All,0.5275_to_inf,30.5_to_inf,All,tested_negative
99.5_to_123.5,6.5_to_inf,-inf_to_27.35,-inf_to_14.5,All,-inf_to_0.5275,30.5_to_inf,All,tested_negative
154.5_to_inf,6.5_to_inf,27.35_to_inf,121.0_to_inf,All,0.5275_to_inf,30.5_to_inf,All,tested_positive
154.5_to_inf,6.5_to_inf,27.35_to_inf,-inf_to_14.5,All,-inf_to_0.5275,30.5_to_inf,All,tested_negative
154.5_to_inf,-inf_to_6.5,27.35_to_inf,-inf_to_14.5,All,0.5275_to_inf,-inf_to_30.5,All,tested_positive
123.5_to_154.5,-inf_to_6.5,27.35_to_inf,-inf_to_14.5,All,0.5275_to_inf,-inf_to_30.5,All,tested_negative
99.5_to_123.5,6.5_to_inf,27.35_to_inf,-inf_to_14.5,All,-inf_to_0.5275,30.5_to_inf,All,tested_positive
99.5_to_123.5,6.5_to_inf,-inf_to_27.35,-inf_to_14.5,All,-inf_to_0.5275,-inf_to_30.5,All,tested_negative
99.5_to_123.5,-inf_to_6.5,-inf_to_27.35,14.5_to_121.0,All,-inf_to_0.5275,-inf_to_30.5,All,tested_negative
99.5_to_123.5,-inf_to_6.5,-inf_to_27.35,14.5_to_121.0,All,-inf_to_0.5275,-inf_to_30.5,All,tested_negative
-inf_to_99.5,-inf_to_6.5,-inf_to_27.35,14.5_to_121.0,All,-inf_to_0.5275,-inf_to_30.5,All,tested_negative
154.5_to_inf,6.5_to_inf,27.35_to_inf,121.0_to_inf,All,-inf_to_0.5275,30.5_to_inf,All,tested_positive
123.5_to_154.5,6.5_to_inf,27.35_to_inf,121.0_to_inf,All,0.5275_to_inf,30.5_to_inf,All,tested_negative
-inf_to_99.5,-inf_to_6.5,-inf_to_27.35,-inf_to_14.5,All,-inf_to_0.5275,-inf_to_30.5,All,tested_negative
154.5_to_inf,6.5_to_inf,27.35_to_inf,121.0_to_inf,All,-inf_to_0.5275,30.5_to_inf,All,tested_positive
99.5_to_123.5,-inf_to_6.5,27.35_to_inf,14.5_to_121.0,All,0.5275_to_inf,30.5_to_inf,All,tested_negative
123.5_to_154.5,-inf_to_6.5,27.35_to_inf,-inf_to_14.5,All,0.5275_to_inf,30.5_to_inf,All,tested_negative
99.5_to_123.5,-inf_to_6.5,27.35_to_inf,121.0_to_inf,All,-inf_to_0.5275,-inf_to_30.5,All,tested_negative
-inf_to_99.5,-inf_to_6.5,-inf_to_27.35,-inf_to_14.5,All,-inf_to_0.5275,-inf_to_30.5,All,tested_negative
123.5_to_154.5,6.5_to_inf,27.35_to_inf,-inf_to_14.5,All,-inf_to_0.5275,30.5_to_inf,All,tested_positive
-inf_to_99.5,-inf_to_6.5,-inf_to_27.35,-inf_to_14.5,All,0.5275_to_inf,30.5_to_inf,All,tested_negative
123.5_to_154.5,-inf_to_6.5,-inf_to_27.35,121.0_to_inf,All,0.5275_to_inf,-inf_to_30.5,All,tested_negative
99.5_to_123.5,6.5_to_inf,27.35_to_inf,-inf_to_14.5,All,-inf_to_0.5275,30.5_to_inf,All,tested_positive
99.5_to_123.5,-inf_to_6.5,27.35_to_inf,-inf_to_14.5,All,0.5275_to_inf,30.5_to_inf,All,tested_positive
99.5_to_123.5,-inf_to_6.5,27.35_to_inf,-inf_to_14.5,All,0.5275_to_inf,30.5_to_inf,All,tested_negative
-inf_to_99.5,-inf_to_6.5,-inf_to_27.35,14.5_to_121.0,All,-inf_to_0.5275,-inf_to_30.5,All,tested_negative
123.5_to_154.5,-inf_to_6.5,27.35_to_inf,14.5_to_121.0,All,-inf_to_0.5275,-inf_to_30.5,All,tested_negative
99.5_to_123.5,-inf_to_6.5,27.35_to_inf,14.5_to_121.0,All,0.5275_to_inf,-inf_to_30.5,All,tested_positive
123.5_to_154.5,-inf_to_6.5,27.35_to_inf,121.0_to_inf,All,-inf_to_0.5275,-inf_to_30.5,All,tested_negative
123.5_to_154.5,6.5_to_inf,27.35_to_inf,-inf_to_14.5,All,0.5275_to_inf,30.5_to_inf,All,tested_positive
-inf_to_99.5,-inf_to_6.5,27.35_to_inf,-inf_to_14.5,All,-inf_to_0.5275,-inf_to_30.5,All,tested_negative
-inf_to_99.5,6.5_to_inf,27.35_to_inf,-inf_to_14.5,All,-inf_to_0.5275,30.5_to_inf,All,tested_negative
-inf_to_99.5,-inf_to_6.5,27.35_to_inf,-inf_to_14.5,All,-inf_to_0.5275,-inf_to_30.5,All,tested_negative
123.5_to_154.5,-inf_to_6.5,27.35_to_inf,-inf_to_14.5,All,-inf_to_0.5275,-inf_to_30.5,All,tested_positive
99.5_to_123.5,-inf_to_6.5,-inf_to_27.35,-inf_to_14.5,All,-inf_to_0.5275,-inf_to_30.5,All,tested_negative
99.5_to_123.5,-inf_to_6.5,-inf_to_27.35,-inf_to_14.5,All,-inf_to_0.5275,-inf_to_30.5,All,tested_negative
-inf_to_99.5,6.5_to_inf,27.35_to_inf,14.5_to_121.0,All,0.5275_to_inf,30.5_to_inf,All,tested_negative
123.5_to_154.5,-inf_to_6.5,27.35_to_inf,-inf_to_14.5,All,-inf_to_0.5275,30.5_to_inf,All,tested_positive
99.5_to_123.5,-inf_to_6.5,27.35_to_inf,121.0_to_inf,All,0.5275_to_inf,-inf_to_30.5,All,tested_negative
99.5_to_123.5,6.5_to_inf,27.35_to_inf,-inf_to_14.5,All,-inf_to_0.5275,30.5_to_inf,All,tested_negative
99.5_to_123.5,-inf_to_6.5,27.35_to_inf,14.5_to_121.0,All,-inf_to_0.5275,-inf_to_30.5,All,tested_negative
123.5_to_154.5,6.5_to_inf,27.35_to_inf,14.5_to_121.0,All,-inf_to_0.5275,30.5_to_inf,All,tested_positive
99.5_to_123.5,-inf_to_6.5,-inf_to_27.35,-inf_to_14.5,All,-inf_to_0.5275,-inf_to_30.5,All,tested_negative
-inf_to_99.5,-inf_to_6.5,-inf_to_27.35,-inf_to_14.5,All,-inf_to_0.5275,-inf_to_30.5,All,tested_negative
99.5_to_123.5,-inf_to_6.5,27.35_to_inf,121.0_to_inf,All,-inf_to_0.5275,30.5_to_inf,All,tested_negative
-inf_to_99.5,6.5_to_inf,27.35_to_inf,14.5_to_121.0,All,-inf_to_0.5275,30.5_to_inf,All,tested_negative
123.5_to_154.5,-inf_to_6.5,-inf_to_27.35,-inf_to_14.5,All,-inf_to_0.5275,30.5_to_inf,All,tested_positive
123.5_to_154.5,-inf_to_6.5,27.35_to_inf,121.0_to_inf,All,-inf_to_0.5275,30.5_to_inf,All,tested_negative
-inf_to_99.5,-inf_to_6.5,27.35_to_inf,-inf_to_14.5,All,-inf_to_0.5275,-inf_to_30.5,All,tested_negative
-inf_to_99.5,-inf_to_6.5,-inf_to_27.35,14.5_to_121.0,All,-inf_to_0.5275,-inf_to_30.5,All,tested_negative
99.5_to_123.5,-inf_to_6.5,27.35_to_inf,121.0_to_inf,All,-inf_to_0.5275,30.5_to_inf,All,tested_positive
154.5_to_inf,-inf_to_6.5,27.35_to_inf,-inf_to_14.5,All,0.5275_to_inf,30.5_to_inf,All,tested_positive
123.5_to_154.5,-inf_to_6.5,-inf_to_27.35,-inf_to_14.5,All,-inf_to_0.5275,-inf_to_30.5,All,tested_negative
123.5_to_154.5,-inf_to_6.5,-inf_to_27.35,-inf_to_14.5,All,-inf_to_0.5275,-inf_to_30.5,All,tested_negative
-inf_to_99.5,-inf_to_6.5,-inf_to_27.35,14.5_to_121.0,All,-inf_to_0.5275,-inf_to_30.5,All,tested_negative
-inf_to_99.5,-inf_to_6.5,27.35_to_inf,-inf_to_14.5,All,0.5275_to_inf,-inf_to_30.5,All,tested_negative
123.5_to_154.5,-inf_to_6.5,27.35_to_inf,121.0_to_inf,All,0.5275_to_inf,-inf_to_30.5,All,tested_negative
-inf_to_99.5,-inf_to_6.5,-inf_to_27.35,-inf_to_14.5,All,-inf_to_0.5275,-inf_to_30.5,All,tested_negative
-inf_to_99.5,-inf_to_6.5,27.35_to_inf,14.5_to_121.0,All,-inf_to_0.5275,-inf_to_30.5,All,tested_negative
-inf_to_99.5,-inf_to_6.5,27.35_to_inf,14.5_to_121.0,All,-inf_to_0.5275,-inf_to_30.5,All,tested_positive
154.5_to_inf,-inf_to_6.5,27.35_to_inf,121.0_to_inf,All,-inf_to_0.5275,-inf_to_30.5,All,tested_positive
154.5_to_inf,6.5_to_inf,27.35_to_inf,121.0_to_inf,All,0.5275_to_inf,30.5_to_inf,All,tested_positive
-inf_to_99.5,-inf_to_6.5,27.35_to_inf,14.5_to_121.0,All,-inf_to_0.5275,-inf_to_30.5,All,tested_negative
-inf_to_99.5,-inf_to_6.5,27.35_to_inf,-inf_to_14.5,All,-inf_to_0.5275,-inf_to_30.5,All,tested_negative
154.5_to_inf,6.5_to_inf,27.35_to_inf,121.0_to_inf,All,0.5275_to_inf,30.5_to_inf,All,tested_positive
123.5_to_154.5,-inf_to_6.5,27.35_to_inf,-inf_to_14.5,All,0.5275_to_inf,30.5_to_inf,All,tested_positive
123.5_to_154.5,-inf_to_6.5,27.35_to_inf,-inf_to_14.5,All,-inf_to_0.5275,30.5_to_inf,All,tested_positive
-inf_to_99.5,-inf_to_6.5,27.35_to_inf,-inf_to_14.5,All,0.5275_to_inf,-inf_to_30.5,All,tested_negative
-inf_to_99.5,-inf_to_6.5,27.35_to_inf,-inf_to_14.5,All,-inf_to_0.5275,-inf_to_30.5,All,tested_negative
-inf_to_99.5,-inf_to_6.5,-inf_to_27.35,14.5_to_121.0,All,-inf_to_0.5275,-inf_to_30.5,All,tested_negative
154.5_to_inf,-inf_to_6.5,27.35_to_inf,14.5_to_121.0,All,0.5275_to_inf,-inf_to_30.5,All,tested_positive
99.5_to_123.5,-inf_to_6.5,27.35_to_inf,-inf_to_14.5,All,-inf_to_0.5275,-inf_to_30.5,All,tested_negative
99.5_to_123.5,-inf_to_6.5,27.35_to_inf,14.5_to_121.0,All,-inf_to_0.5275,-inf_to_30.5,All,tested_negative
123.5_to_154.5,-inf_to_6.5,-inf_to_27.35,-inf_to_14.5,All,-inf_to_0.5275,30.5_to_inf,All,tested_negative
99.5_to_123.5,-inf_to_6.5,27.35_to_inf,-inf_to_14.5,All,-inf_to_0.5275,-inf_to_30.5,All,tested_positive
-inf_to_99.5,-inf_to_6.5,27.35_to_inf,14.5_to_121.0,All,-inf_to_0.5275,-inf_to_30.5,All,tested_positive
99.5_to_123.5,-inf_to_6.5,27.35_to_inf,121.0_to_inf,All,-inf_to_0.5275,-inf_to_30.5,All,tested_negative
99.5_to_123.5,-inf_to_6.5,27.35_to_inf,14.5_to_121.0,All,-inf_to_0.5275,-inf_to_30.5,All,tested_negative
99.5_to_123.5,-inf_to_6.5,27.35_to_inf,121.0_to_inf,All,-inf_to_0.5275,30.5_to_inf,All,tested_positive
99.5_to_123.5,-inf_to_6.5,27.35_to_inf,-inf_to_14.5,All,0.5275_to_inf,30.5_to_inf,All,tested_positive
154.5_to_inf,-inf_to_6.5,27.35_to_inf,121.0_to_inf,All,-inf_to_0.5275,30.5_to_inf,All,tested_positive
99.5_to_123.5,6.5_to_inf,27.35_to_inf,-inf_to_14.5,All,0.5275_to_inf,30.5_to_inf,All,tested_positive
154.5_to_inf,-inf_to_6.5,27.35_to_inf,121.0_to_inf,All,-inf_to_0.5275,-inf_to_30.5,All,tested_positive
-inf_to_99.5,6.5_to_inf,27.35_to_inf,-inf_to_14.5,All,-inf_to_0.5275,30.5_to_inf,All,tested_negative
-inf_to_99.5,-inf_to_6.5,-inf_to_27.35,14.5_to_121.0,All,0.5275_to_inf,-inf_to_30.5,All,tested_negative
123.5_to_154.5,-inf_to_6.5,27.35_to_inf,121.0_to_inf,All,-inf_to_0.5275,30.5_to_inf,All,tested_negative
99.5_to_123.5,-inf_to_6.5,27.35_to_inf,14.5_to_121.0,All,0.5275_to_inf,-inf_to_30.5,All,tested_negative
-inf_to_99.5,-inf_to_6.5,27.35_to_inf,14.5_to_121.0,All,0.5275_to_inf,-inf_to_30.5,All,tested_negative
99.5_to_123.5,-inf_to_6.5,27.35_to_inf,121.0_to_inf,All,-inf_to_0.5275,-inf_to_30.5,All,tested_negative
123.5_to_154.5,-inf_to_6.5,-inf_to_27.35,-inf_to_14.5,All,-inf_to_0.5275,30.5_to_inf,All,tested_negative
99.5_to_123.5,-inf_to_6.5,27.35_to_inf,-inf_to_14.5,All,-inf_to_0.5275,30.5_to_inf,All,tested_negative
99.5_to_123.5,-inf_to_6.5,27.35_to_inf,14.5_to_121.0,All,-inf_to_0.5275,-inf_to_30.5,All,tested_negative
99.5_to_123.5,6.5_to_inf,27.35_to_inf,-inf_to_14.5,All,-inf_to_0.5275,30.5_to_inf,All,tested_positive
123.5_to_154.5,-inf_to_6.5,27.35_to_inf,121.0_to_inf,All,-inf_to_0.5275,-inf_to_30.5,All,tested_negative
99.5_to_123.5,-inf_to_6.5,-inf_to_27.35,-inf_to_14.5,All,0.5275_to_inf,-inf_to_30.5,All,tested_negative
-inf_to_99.5,6.5_to_inf,27.35_to_inf,-inf_to_14.5,All,-inf_to_0.5275,30.5_to_inf,All,tested_negative
-inf_to_99.5,-inf_to_6.5,-inf_to_27.35,-inf_to_14.5,All,-inf_to_0.5275,-inf_to_30.5,All,tested_negative
123.5_to_154.5,-inf_to_6.5,27.35_to_inf,121.0_to_inf,All,-inf_to_0.5275,-inf_to_30.5,All,tested_negative
123.5_to_154.5,-inf_to_6.5,27.35_to_inf,121.0_to_inf,All,0.5275_to_inf,-inf_to_30.5,All,tested_negative
154.5_to_inf,6.5_to_inf,27.35_to_inf,-inf_to_14.5,All,-inf_to_0.5275,30.5_to_inf,All,tested_positive
123.5_to_154.5,6.5_to_inf,27.35_to_inf,-inf_to_14.5,All,-inf_to_0.5275,30.5_to_inf,All,tested_positive
-inf_to_99.5,-inf_to_6.5,-inf_to_27.35,14.5_to_121.0,All,0.5275_to_inf,-inf_to_30.5,All,tested_negative
99.5_to_123.5,-inf_to_6.5,-inf_to_27.35,121.0_to_inf,All,0.5275_to_inf,-inf_to_30.5,All,tested_negative
-inf_to_99.5,-inf_to_6.5,27.35_to_inf,14.5_to_121.0,All,-inf_to_0.5275,-inf_to_30.5,All,tested_negative
154.5_to_inf,6.5_to_inf,27.35_to_inf,14.5_to_121.0,All,0.5275_to_inf,30.5_to_inf,All,tested_positive
123.5_to_154.5,-inf_to_6.5,27.35_to_inf,-inf_to_14.5,All,-inf_to_0.5275,30.5_to_inf,All,tested_negative
99.5_to_123.5,6.5_to_inf,27.35_to_inf,14.5_to_121.0,All,-inf_to_0.5275,30.5_to_inf,All,tested_negative
99.5_to_123.5,-inf_to_6.5,27.35_to_inf,121.0_to_inf,All,-inf_to_0.5275,-inf_to_30.5,All,tested_negative
99.5_to_123.5,-inf_to_6.5,27.35_to_inf,-inf_to_14.5,All,-inf_to_0.5275,-inf_to_30.5,All,tested_negative
123.5_to_154.5,-inf_to_6.5,27.35_to_inf,-inf_to_14.5,All,0.5275_to_inf,30.5_to_inf,All,tested_positive
99.5_to_123.5,-inf_to_6.5,27.35_to_inf,121.0_to_inf,All,0.5275_to_inf,30.5_to_inf,All,tested_positive
123.5_to_154.5,-inf_to_6.5,27.35_to_inf,-inf_to_14.5,All,-inf_to_0.5275,-inf_to_30.5,All,tested_negative
99.5_to_123.5,-inf_to_6.5,27.35_to_inf,-inf_to_14.5,All,0.5275_to_inf,30.5_to_inf,All,tested_negative
99.5_to_123.5,-inf_to_6.5,27.35_to_inf,-inf_to_14.5,All,-inf_to_0.5275,-inf_to_30.5,All,tested_negative
99.5_to_123.5,-inf_to_6.5,27.35_to_inf,14.5_to_121.0,All,-inf_to_0.5275,-inf_to_30.5,All,tested_negative
99.5_to_123.5,-inf_to_6.5,27.35_to_inf,-inf_to_14.5,All,-inf_to_0.5275,30.5_to_inf,All,tested_positive
123.5_to_154.5,-inf_to_6.5,27.35_to_inf,121.0_to_inf,All,0.5275_to_inf,-inf_to_30.5,All,tested_positive
-inf_to_99.5,-inf_to_6.5,27.35_to_inf,-inf_to_14.5,All,0.5275_to_inf,-inf_to_30.5,All,tested_negative
-inf_to_99.5,-inf_to_6.5,27.35_to_inf,14.5_to_121.0,All,0.5275_to_inf,-inf_to_30.5,All,tested_negative
-inf_to_99.5,-inf_to_6.5,27.35_to_inf,14.5_to_121.0,All,-inf_to_0.5275,30.5_to_inf,All,tested_negative
154.5_to_inf,6.5_to_inf,27.35_to_inf,121.0_to_inf,All,0.5275_to_inf,30.5_to_inf,All,tested_positive
-inf_to_99.5,-inf_to_6.5,27.35_to_inf,-inf_to_14.5,All,-inf_to_0.5275,30.5_to_inf,All,tested_negative
123.5_to_154.5,-inf_to_6.5,27.35_to_inf,121.0_to_inf,All,-inf_to_0.5275,-inf_to_30.5,All,tested_positive
123.5_to_154.5,-inf_to_6.5,27.35_to_inf,-inf_to_14.5,All,-inf_to_0.5275,30.5_to_inf,All,tested_negative
123.5_to_154.5,-inf_to_6.5,27.35_to_inf,-inf_to_14.5,All,0.5275_to_inf,30.5_to_inf,All,tested_positive
-inf_to_99.5,-inf_to_6.5,-inf_to_27.35,-inf_to_14.5,All,-inf_to_0.5275,30.5_to_inf,All,tested_negative
99.5_to_123.5,-inf_to_6.5,27.35_to_inf,14.5_to_121.0,All,0.5275_to_inf,-inf_to_30.5,All,tested_negative
-inf_to_99.5,-inf_to_6.5,27.35_to_inf,14.5_to_121.0,All,-inf_to_0.5275,-inf_to_30.5,All,tested_negative
-inf_to_99.5,-inf_to_6.5,-inf_to_27.35,-inf_to_14.5,All,-inf_to_0.5275,-inf_to_30.5,All,tested_negative
123.5_to_154.5,-inf_to_6.5,27.35_to_inf,-inf_to_14.5,All,-inf_to_0.5275,30.5_to_inf,All,tested_negative
154.5_to_inf,6.5_to_inf,27.35_to_inf,-inf_to_14.5,All,0.5275_to_inf,30.5_to_inf,All,tested_positive
99.5_to_123.5,6.5_to_inf,27.35_to_inf,14.5_to_121.0,All,0.5275_to_inf,30.5_to_inf,All,tested_positive
123.5_to_154.5,-inf_to_6.5,27.35_to_inf,121.0_to_inf,All,-inf_to_0.5275,-inf_to_30.5,All,tested_positive
99.5_to_123.5,-inf_to_6.5,-inf_to_27.35,-inf_to_14.5,All,-inf_to_0.5275,-inf_to_30.5,All,tested_negative
99.5_to_123.5,6.5_to_inf,27.35_to_inf,14.5_to_121.0,All,-inf_to_0.5275,30.5_to_inf,All,tested_negative
154.5_to_inf,6.5_to_inf,27.35_to_inf,-inf_to_14.5,All,-inf_to_0.5275,30.5_to_inf,All,tested_positive
123.5_to_154.5,6.5_to_inf,27.35_to_inf,-inf_to_14.5,All,0.5275_to_inf,30.5_to_inf,All,tested_positive
99.5_to_123.5,-inf_to_6.5,-inf_to_27.35,-inf_to_14.5,All,-inf_to_0.5275,-inf_to_30.5,All,tested_negative
99.5_to_123.5,-inf_to_6.5,-inf_to_27.35,14.5_to_121.0,All,0.5275_to_inf,-inf_to_30.5,All,tested_positive
99.5_to_123.5,-inf_to_6.5,27.35_to_inf,14.5_to_121.0,All,0.5275_to_inf,-inf_to_30.5,All,tested_positive
123.5_to_154.5,-inf_to_6.5,27.35_to_inf,121.0_to_inf,All,-inf_to_0.5275,-inf_to_30.5,All,tested_positive
99.5_to_123.5,-inf_to_6.5,27.35_to_inf,-inf_to_14.5,All,0.5275_to_inf,-inf_to_30.5,All,tested_negative
123.5_to_154.5,-inf_to_6.5,27.35_to_inf,-inf_to_14.5,All,-inf_to_0.5275,-inf_to_30.5,All,tested_negative
99.5_to_123.5,-inf_to_6.5,-inf_to_27.35,-inf_to_14.5,All,0.5275_to_inf,30.5_to_inf,All,tested_negative
-inf_to_99.5,-inf_to_6.5,-inf_to_27.35,14.5_to_121.0,All,-inf_to_0.5275,-inf_to_30.5,All,tested_negative
99.5_to_123.5,-inf_to_6.5,27.35_to_inf,121.0_to_inf,All,-inf_to_0.5275,30.5_to_inf,All,tested_negative
154.5_to_inf,6.5_to_inf,27.35_to_inf,121.0_to_inf,All,0.5275_to_inf,30.5_to_inf,All,tested_positive
154.5_to_inf,-inf_to_6.5,27.35_to_inf,-inf_to_14.5,All,-inf_to_0.5275,30.5_to_inf,All,tested_positive
-inf_to_99.5,-inf_to_6.5,27.35_to_inf,14.5_to_121.0,All,-inf_to_0.5275,-inf_to_30.5,All,tested_negative
154.5_to_inf,6.5_to_inf,27.35_to_inf,-inf_to_14.5,All,-inf_to_0.5275,30.5_to_inf,All,tested_positive
-inf_to_99.5,-inf_to_6.5,27.35_to_inf,-inf_to_14.5,All,-inf_to_0.5275,-inf_to_30.5,All,tested_negative
123.5_to_154.5,-inf_to_6.5,27.35_to_inf,-inf_to_14.5,All,-inf_to_0.5275,-inf_to_30.5,All,tested_negative
154.5_to_inf,6.5_to_inf,27.35_to_inf,-inf_to_14.5,All,-inf_to_0.5275,30.5_to_inf,All,tested_negative
99.5_to_123.5,6.5_to_inf,27.35_to_inf,121.0_to_inf,All,-inf_to_0.5275,30.5_to_inf,All,tested_positive
123.5_to_154.5,6.5_to_inf,27.35_to_inf,121.0_to_inf,All,0.5275_to_inf,30.5_to_inf,All,tested_positive
99.5_to_123.5,-inf_to_6.5,27.35_to_inf,121.0_to_inf,All,-inf_to_0.5275,-inf_to_30.5,All,tested_positive
123.5_to_154.5,-inf_to_6.5,27.35_to_inf,14.5_to_121.0,All,-inf_to_0.5275,30.5_to_inf,All,tested_negative
99.5_to_123.5,-inf_to_6.5,27.35_to_inf,-inf_to_14.5,All,-inf_to_0.5275,30.5_to_inf,All,tested_positive
154.5_to_inf,-inf_to_6.5,27.35_to_inf,121.0_to_inf,All,0.5275_to_inf,-inf_to_30.5,All,tested_positive
154.5_to_inf,-inf_to_6.5,27.35_to_inf,-inf_to_14.5,All,0.5275_to_inf,30.5_to_inf,All,tested_positive
99.5_to_123.5,6.5_to_inf,-inf_to_27.35,-inf_to_14.5,All,-inf_to_0.5275,30.5_to_inf,All,tested_negative
123.5_to_154.5,6.5_to_inf,27.35_to_inf,121.0_to_inf,All,0.5275_to_inf,30.5_to_inf,All,tested_negative
99.5_to_123.5,-inf_to_6.5,-inf_to_27.35,14.5_to_121.0,All,0.5275_to_inf,-inf_to_30.5,All,tested_negative
-inf_to_99.5,-inf_to_6.5,27.35_to_inf,14.5_to_121.0,All,-inf_to_0.5275,-inf_to_30.5,All,tested_negative
99.5_to_123.5,-inf_to_6.5,27.35_to_inf,-inf_to_14.5,All,-inf_to_0.5275,-inf_to_30.5,All,tested_negative
154.5_to_inf,-inf_to_6.5,27.35_to_inf,-inf_to_14.5,All,0.5275_to_inf,-inf_to_30.5,All,tested_positive
154.5_to_inf,-inf_to_6.5,27.35_to_inf,121.0_to_inf,All,0.5275_to_inf,30.5_to_inf,All,tested_negative
99.5_to_123.5,-inf_to_6.5,27.35_to_inf,14.5_to_121.0,All,-inf_to_0.5275,-inf_to_30.5,All,tested_negative
123.5_to_154.5,-inf_to_6.5,27.35_to_inf,-inf_to_14.5,All,0.5275_to_inf,-inf_to_30.5,All,tested_positive
123.5_to_154.5,-inf_to_6.5,27.35_to_inf,121.0_to_inf,All,-inf_to_0.5275,30.5_to_inf,All,tested_positive
99.5_to_123.5,-inf_to_6.5,27.35_to_inf,-inf_to_14.5,All,-inf_to_0.5275,-inf_to_30.5,All,tested_negative
-inf_to_99.5,-inf_to_6.5,27.35_to_inf,14.5_to_121.0,All,-inf_to_0.5275,-inf_to_30.5,All,tested_negative
154.5_to_inf,-inf_to_6.5,27.35_to_inf,-inf_to_14.5,All,-inf_to_0.5275,-inf_to_30.5,All,tested_positive
154.5_to_inf,6.5_to_inf,27.35_to_inf,121.0_to_inf,All,0.5275_to_inf,30.5_to_inf,All,tested_positive
154.5_to_inf,-inf_to_6.5,27.35_to_inf,-inf_to_14.5,All,0.5275_to_inf,-inf_to_30.5,All,tested_positive
99.5_to_123.5,-inf_to_6.5,-inf_to_27.35,-inf_to_14.5,All,0.5275_to_inf,-inf_to_30.5,All,tested_negative
-inf_to_99.5,-inf_to_6.5,27.35_to_inf,-inf_to_14.5,All,-inf_to_0.5275,-inf_to_30.5,All,tested_negative
123.5_to_154.5,-inf_to_6.5,-inf_to_27.35,-inf_to_14.5,All,-inf_to_0.5275,-inf_to_30.5,All,tested_positive
123.5_to_154.5,-inf_to_6.5,27.35_to_inf,121.0_to_inf,All,-inf_to_0.5275,-inf_to_30.5,All,tested_negative
154.5_to_inf,6.5_to_inf,27.35_to_inf,-inf_to_14.5,All,0.5275_to_inf,30.5_to_inf,All,tested_positive
99.5_to_123.5,6.5_to_inf,27.35_to_inf,-inf_to_14.5,All,-inf_to_0.5275,30.5_to_inf,All,tested_negative
154.5_to_inf,-inf_to_6.5,27.35_to_inf,121.0_to_inf,All,-inf_to_0.5275,-inf_to_30.5,All,tested_negative
123.5_to_154.5,6.5_to_inf,27.35_to_inf,121.0_to_inf,All,-inf_to_0.5275,30.5_to_inf,All,tested_negative
99.5_to_123.5,-inf_to_6.5,27.35_to_inf,-inf_to_14.5,All,-inf_to_0.5275,-inf_to_30.5,All,tested_negative
99.5_to_123.5,6.5_to_inf,27.35_to_inf,-inf_to_14.5,All,-inf_to_0.5275,30.5_to_inf,All,tested_negative
123.5_to_154.5,-inf_to_6.5,27.35_to_inf,-inf_to_14.5,All,-inf_to_0.5275,-inf_to_30.5,All,tested_negative
-inf_to_99.5,-inf_to_6.5,-inf_to_27.35,14.5_to_121.0,All,-inf_to_0.5275,-inf_to_30.5,All,tested_negative
-inf_to_99.5,-inf_to_6.5,27.35_to_inf,-inf_to_14.5,All,-inf_to_0.5275,-inf_to_30.5,All,tested_negative
-inf_to_99.5,6.5_to_inf,27.35_to_inf,121.0_to_inf,All,0.5275_to_inf,30.5_to_inf,All,tested_positive
99.5_to_123.5,-inf_to_6.5,27.35_to_inf,-inf_to_14.5,All,0.5275_to_inf,-inf_to_30.5,All,tested_positive
99.5_to_123.5,-inf_to_6.5,27.35_to_inf,-inf_to_14.5,All,0.5275_to_inf,-inf_to_30.5,All,tested_negative
99.5_to_123.5,-inf_to_6.5,27.35_to_inf,-inf_to_14.5,All,-inf_to_0.5275,-inf_to_30.5,All,tested_negative
154.5_to_inf,-inf_to_6.5,-inf_to_27.35,121.0_to_inf,All,0.5275_to_inf,-inf_to_30.5,All,tested_negative
154.5_to_inf,6.5_to_inf,27.35_to_inf,121.0_to_inf,All,0.5275_to_inf,30.5_to_inf,All,tested_positive
154.5_to_inf,-inf_to_6.5,27.35_to_inf,121.0_to_inf,All,-inf_to_0.5275,30.5_to_inf,All,tested_negative
123.5_to_154.5,-inf_to_6.5,27.35_to_inf,-inf_to_14.5,All,0.5275_to_inf,-inf_to_30.5,All,tested_positive
-inf_to_99.5,-inf_to_6.5,27.35_to_inf,-inf_to_14.5,All,0.5275_to_inf,-inf_to_30.5,All,tested_negative
123.5_to_154.5,-inf_to_6.5,27.35_to_inf,-inf_to_14.5,All,-inf_to_0.5275,30.5_to_inf,All,tested_negative
-inf_to_99.5,-inf_to_6.5,27.35_to_inf,14.5_to_121.0,All,0.5275_to_inf,30.5_to_inf,All,tested_negative
123.5_to_154.5,-inf_to_6.5,27.35_to_inf,-inf_to_14.5,All,0.5275_to_inf,-inf_to_30.5,All,tested_positive
123.5_to_154.5,-inf_to_6.5,27.35_to_inf,-inf_to_14.5,All,0.5275_to_inf,-inf_to_30.5,All,tested_negative
99.5_to_123.5,-inf_to_6.5,-inf_to_27.35,-inf_to_14.5,All,-inf_to_0.5275,-inf_to_30.5,All,tested_negative
123.5_to_154.5,-inf_to_6.5,27.35_to_inf,-inf_to_14.5,All,-inf_to_0.5275,-inf_to_30.5,All,tested_positive
99.5_to_123.5,6.5_to_inf,27.35_to_inf,-inf_to_14.5,All,0.5275_to_inf,30.5_to_inf,All,tested_positive
99.5_to_123.5,-inf_to_6.5,-inf_to_27.35,14.5_to_121.0,All,-inf_to_0.5275,-inf_to_30.5,All,tested_negative
99.5_to_123.5,-inf_to_6.5,-inf_to_27.35,-inf_to_14.5,All,-inf_to_0.5275,30.5_to_inf,All,tested_negative
99.5_to_123.5,6.5_to_inf,27.35_to_inf,-inf_to_14.5,All,-inf_to_0.5275,30.5_to_inf,All,tested_negative
99.5_to_123.5,-inf_to_6.5,27.35_to_inf,14.5_to_121.0,All,0.5275_to_inf,-inf_to_30.5,All,tested_negative
99.5_to_123.5,6.5_to_inf,-inf_to_27.35,-inf_to_14.5,All,-inf_to_0.5275,-inf_to_30.5,All,tested_positive
99.5_to_123.5,-inf_to_6.5,27.35_to_inf,14.5_to_121.0,All,-inf_to_0.5275,-inf_to_30.5,All,tested_negative
99.5_to_123.5,-inf_to_6.5,-inf_to_27.35,-inf_to_14.5,All,0.5275_to_inf,30.5_to_inf,All,tested_negative
99.5_to_123.5,-inf_to_6.5,-inf_to_27.35,121.0_to_inf,All,0.5275_to_inf,-inf_to_30.5,All,tested_negative
123.5_to_154.5,-inf_to_6.5,27.35_to_inf,-inf_to_14.5,All,-inf_to_0.5275,-inf_to_30.5,All,tested_positive
123.5_to_154.5,6.5_to_inf,27.35_to_inf,121.0_to_inf,All,-inf_to_0.5275,30.5_to_inf,All,tested_negative
123.5_to_154.5,6.5_to_inf,27.35_to_inf,121.0_to_inf,All,-inf_to_0.5275,30.5_to_inf,All,tested_negative
154.5_to_inf,6.5_to_inf,27.35_to_inf,-inf_to_14.5,All,-inf_to_0.5275,30.5_to_inf,All,tested_positive
99.5_to_123.5,-inf_to_6.5,-inf_to_27.35,-inf_to_14.5,All,-inf_to_0.5275,30.5_to_inf,All,tested_positive
123.5_to_154.5,6.5_to_inf,-inf_to_27.35,121.0_to_inf,All,0.5275_to_inf,30.5_to_inf,All,tested_negative
99.5_to_123.5,-inf_to_6.5,27.35_to_inf,121.0_to_inf,All,0.5275_to_inf,-inf_to_30.5,All,tested_positive
-inf_to_99.5,-inf_to_6.5,-inf_to_27.35,14.5_to_121.0,All,-inf_to_0.5275,-inf_to_30.5,All,tested_negative
99.5_to_123.5,-inf_to_6.5,27.35_to_inf,14.5_to_121.0,All,-inf_to_0.5275,30.5_to_inf,All,tested_negative
-inf_to_99.5,-inf_to_6.5,27.35_to_inf,14.5_to_121.0,All,-inf_to_0.5275,-inf_to_30.5,All,tested_negative
99.5_to_123.5,-inf_to_6.5,27.35_to_inf,14.5_to_121.0,All,0.5275_to_inf,-inf_to_30.5,All,tested_positive
123.5_to_154.5,-inf_to_6.5,27.35_to_inf,121.0_to_inf,All,0.5275_to_inf,30.5_to_inf,All,tested_positive
123.5_to_154.5,-inf_to_6.5,27.35_to_inf,121.0_to_inf,All,0.5275_to_inf,-inf_to_30.5,All,tested_positive
154.5_to_inf,-inf_to_6.5,-inf_to_27.35,-inf_to_14.5,All,-inf_to_0.5275,30.5_to_inf,All,tested_negative
123.5_to_154.5,-inf_to_6.5,27.35_to_inf,14.5_to_121.0,All,0.5275_to_inf,-inf_to_30.5,All,tested_negative
123.5_to_154.5,-inf_to_6.5,27.35_to_inf,121.0_to_inf,All,-inf_to_0.5275,-inf_to_30.5,All,tested_positive
123.5_to_154.5,-inf_to_6.5,27.35_to_inf,121.0_to_inf,All,-inf_to_0.5275,-inf_to_30.5,All,tested_negative
99.5_to_123.5,6.5_to_inf,27.35_to_inf,121.0_to_inf,All,-inf_to_0.5275,30.5_to_inf,All,tested_positive
99.5_to_123.5,6.5_to_inf,-inf_to_27.35,-inf_to_14.5,All,0.5275_to_inf,30.5_to_inf,All,tested_negative
123.5_to_154.5,-inf_to_6.5,27.35_to_inf,121.0_to_inf,All,-inf_to_0.5275,-inf_to_30.5,All,tested_positive
-inf_to_99.5,-inf_to_6.5,27.35_to_inf,14.5_to_121.0,All,-inf_to_0.5275,30.5_to_inf,All,tested_negative
99.5_to_123.5,-inf_to_6.5,27.35_to_inf,-inf_to_14.5,All,-inf_to_0.5275,-inf_to_30.5,All,tested_positive
99.5_to_123.5,-inf_to_6.5,27.35_to_inf,14.5_to_121.0,All,-inf_to_0.5275,-inf_to_30.5,All,tested_negative
154.5_to_inf,6.5_to_inf,-inf_to_27.35,121.0_to_inf,All,-inf_to_0.5275,30.5_to_inf,All,tested_positive
123.5_to_154.5,-inf_to_6.5,-inf_to_27.35,121.0_to_inf,All,-inf_to_0.5275,-inf_to_30.5,All,tested_negative
123.5_to_154.5,-inf_to_6.5,27.35_to_inf,121.0_to_inf,All,0.5275_to_inf,-inf_to_30.5,All,tested_positive
123.5_to_154.5,-inf_to_6.5,27.35_to_inf,121.0_to_inf,All,0.5275_to_inf,-inf_to_30.5,All,tested_positive
-inf_to_99.5,-inf_to_6.5,-inf_to_27.35,-inf_to_14.5,All,-inf_to_0.5275,30.5_to_inf,All,tested_negative
99.5_to_123.5,-inf_to_6.5,27.35_to_inf,121.0_to_inf,All,0.5275_to_inf,-inf_to_30.5,All,tested_negative
154.5_to_inf,-inf_to_6.5,-inf_to_27.35,14.5_to_121.0,All,-inf_to_0.5275,-inf_to_30.5,All,tested_positive
99.5_to_123.5,-inf_to_6.5,27.35_to_inf,14.5_to_121.0,All,0.5275_to_inf,-inf_to_30.5,All,tested_negative
99.5_to_123.5,6.5_to_inf,27.35_to_inf,-inf_to_14.5,All,0.5275_to_inf,30.5_to_inf,All,tested_positive
99.5_to_123.5,-inf_to_6.5,27.35_to_inf,14.5_to_121.0,All,-inf_to_0.5275,-inf_to_30.5,All,tested_negative
-inf_to_99.5,-inf_to_6.5,-inf_to_27.35,14.5_to_121.0,All,-inf_to_0.5275,-inf_to_30.5,All,tested_negative
154.5_to_inf,-inf_to_6.5,27.35_to_inf,-inf_to_14.5,All,-inf_to_0.5275,-inf_to_30.5,All,tested_positive
99.5_to_123.5,-inf_to_6.5,27.35_to_inf,121.0_to_inf,All,-inf_to_0.5275,-inf_to_30.5,All,tested_negative
154.5_to_inf,-inf_to_6.5,-inf_to_27.35,-inf_to_14.5,All,-inf_to_0.5275,30.5_to_inf,All,tested_positive
123.5_to_154.5,-inf_to_6.5,27.35_to_inf,121.0_to_inf,All,-inf_to_0.5275,30.5_to_inf,All,tested_negative
99.5_to_123.5,-inf_to_6.5,27.35_to_inf,-inf_to_14.5,All,-inf_to_0.5275,-inf_to_30.5,All,tested_positive
123.5_to_154.5,-inf_to_6.5,27.35_to_inf,-inf_to_14.5,All,-inf_to_0.5275,30.5_to_inf,All,tested_positive
123.5_to_154.5,6.5_to_inf,-inf_to_27.35,14.5_to_121.0,All,0.5275_to_inf,30.5_to_inf,All,tested_positive
99.5_to_123.5,-inf_to_6.5,27.35_to_inf,-inf_to_14.5,All,-inf_to_0.5275,-inf_to_30.5,All,tested_negative
154.5_to_inf,-inf_to_6.5,-inf_to_27.35,121.0_to_inf,All,-inf_to_0.5275,-inf_to_30.5,All,tested_negative
99.5_to_123.5,-inf_to_6.5,27.35_to_inf,121.0_to_inf,All,0.5275_to_inf,-inf_to_30.5,All,tested_positive
154.5_to_inf,6.5_to_inf,27.35_to_inf,-inf_to_14.5,All,-inf_to_0.5275,30.5_to_inf,All,tested_negative
99.5_to_123.5,-inf_to_6.5,27.35_to_inf,14.5_to_121.0,All,-inf_to_0.5275,30.5_to_inf,All,tested_negative
-inf_to_99.5,-inf_to_6.5,27.35_to_inf,14.5_to_121.0,All,-inf_to_0.5275,-inf_to_30.5,All,tested_negative
154.5_to_inf,-inf_to_6.5,27.35_to_inf,-inf_to_14.5,All,-inf_to_0.5275,30.5_to_inf,All,tested_positive
99.5_to_123.5,6.5_to_inf,-inf_to_27.35,-inf_to_14.5,All,-inf_to_0.5275,30.5_to_inf,All,tested_negative
-inf_to_99.5,-inf_to_6.5,-inf_to_27.35,14.5_to_121.0,All,-inf_to_0.5275,-inf_to_30.5,All,tested_negative
154.5_to_inf,-inf_to_6.5,27.35_to_inf,121.0_to_inf,All,-inf_to_0.5275,-inf_to_30.5,All,tested_negative
99.5_to_123.5,-inf_to_6.5,27.35_to_inf,-inf_to_14.5,All,0.5275_to_inf,30.5_to_inf,All,tested_negative
99.5_to_123.5,-inf_to_6.5,27.35_to_inf,-inf_to_14.5,All,-inf_to_0.5275,30.5_to_inf,All,tested_positive
123.5_to_154.5,6.5_to_inf,27.35_to_inf,121.0_to_inf,All,0.5275_to_inf,30.5_to_inf,All,tested_positive
154.5_to_inf,6.5_to_inf,27.35_to_inf,-inf_to_14.5,All,-inf_to_0.5275,30.5_to_inf,All,tested_positive
-inf_to_99.5,-inf_to_6.5,-inf_to_27.35,14.5_to_121.0,All,0.5275_to_inf,30.5_to_inf,All,tested_negative
99.5_to_123.5,-inf_to_6.5,27.35_to_inf,-inf_to_14.5,All,-inf_to_0.5275,30.5_to_inf,All,tested_negative
-inf_to_99.5,6.5_to_inf,27.35_to_inf,-inf_to_14.5,All,-inf_to_0.5275,30.5_to_inf,All,tested_negative
123.5_to_154.5,6.5_to_inf,27.35_to_inf,14.5_to_121.0,All,-inf_to_0.5275,30.5_to_inf,All,tested_negative
123.5_to_154.5,-inf_to_6.5,27.35_to_inf,14.5_to_121.0,All,0.5275_to_inf,-inf_to_30.5,All,tested_negative
99.5_to_123.5,-inf_to_6.5,-inf_to_27.35,-inf_to_14.5,All,-inf_to_0.5275,-inf_to_30.5,All,tested_negative
-inf_to_99.5,-inf_to_6.5,-inf_to_27.35,14.5_to_121.0,All,-inf_to_0.5275,-inf_to_30.5,All,tested_negative
-inf_to_99.5,-inf_to_6.5,27.35_to_inf,-inf_to_14.5,All,-inf_to_0.5275,30.5_to_inf,All,tested_positive
-inf_to_99.5,-inf_to_6.5,27.35_to_inf,-inf_to_14.5,All,-inf_to_0.5275,-inf_to_30.5,All,tested_negative
123.5_to_154.5,-inf_to_6.5,27.35_to_inf,-inf_to_14.5,All,-inf_to_0.5275,-inf_to_30.5,All,tested_negative
-inf_to_99.5,-inf_to_6.5,27.35_to_inf,-inf_to_14.5,All,-inf_to_0.5275,30.5_to_inf,All,tested_negative
-inf_to_99.5,-inf_to_6.5,-inf_to_27.35,14.5_to_121.0,All,0.5275_to_inf,-inf_to_30.5,All,tested_negative
-inf_to_99.5,-inf_to_6.5,27.35_to_inf,-inf_to_14.5,All,0.5275_to_inf,-inf_to_30.5,All,tested_negative
154.5_to_inf,6.5_to_inf,27.35_to_inf,-inf_to_14.5,All,-inf_to_0.5275,30.5_to_inf,All,tested_positive
123.5_to_154.5,6.5_to_inf,27.35_to_inf,-inf_to_14.5,All,0.5275_to_inf,30.5_to_inf,All,tested_positive
-inf_to_99.5,6.5_to_inf,27.35_to_inf,14.5_to_121.0,All,-inf_to_0.5275,30.5_to_inf,All,tested_negative
154.5_to_inf,-inf_to_6.5,27.35_to_inf,121.0_to_inf,All,0.5275_to_inf,-inf_to_30.5,All,tested_positive
99.5_to_123.5,-inf_to_6.5,27.35_to_inf,-inf_to_14.5,All,-inf_to_0.5275,30.5_to_inf,All,tested_negative
123.5_to_154.5,-inf_to_6.5,27.35_to_inf,-inf_to_14.5,All,-inf_to_0.5275,30.5_to_inf,All,tested_positive
123.5_to_154.5,-inf_to_6.5,27.35_to_inf,121.0_to_inf,All,-inf_to_0.5275,-inf_to_30.5,All,tested_negative
-inf_to_99.5,-inf_to_6.5,27.35_to_inf,14.5_to_121.0,All,-inf_to_0.5275,-inf_to_30.5,All,tested_negative
123.5_to_154.5,-inf_to_6.5,27.35_to_inf,-inf_to_14.5,All,-inf_to_0.5275,-inf_to_30.5,All,tested_positive
99.5_to_123.5,-inf_to_6.5,-inf_to_27.35,-inf_to_14.5,All,-inf_to_0.5275,-inf_to_30.5,All,tested_negative
154.5_to_inf,-inf_to_6.5,27.35_to_inf,121.0_to_inf,All,0.5275_to_inf,-inf_to_30.5,All,tested_positive
99.5_to_123.5,-inf_to_6.5,-inf_to_27.35,14.5_to_121.0,All,0.5275_to_inf,-inf_to_30.5,All,tested_negative
-inf_to_99.5,-inf_to_6.5,27.35_to_inf,14.5_to_121.0,All,0.5275_to_inf,-inf_to_30.5,All,tested_negative
99.5_to_123.5,-inf_to_6.5,27.35_to_inf,14.5_to_121.0,All,-inf_to_0.5275,-inf_to_30.5,All,tested_negative
99.5_to_123.5,-inf_to_6.5,27.35_to_inf,121.0_to_inf,All,0.5275_to_inf,-inf_to_30.5,All,tested_negative
123.5_to_154.5,6.5_to_inf,27.35_to_inf,121.0_to_inf,All,0.5275_to_inf,30.5_to_inf,All,tested_positive
-inf_to_99.5,-inf_to_6.5,-inf_to_27.35,14.5_to_121.0,All,-inf_to_0.5275,-inf_to_30.5,All,tested_negative
-inf_to_99.5,-inf_to_6.5,27.35_to_inf,14.5_to_121.0,All,-inf_to_0.5275,-inf_to_30.5,All,tested_negative
154.5_to_inf,-inf_to_6.5,27.35_to_inf,-inf_to_14.5,All,-inf_to_0.5275,30.5_to_inf,All,tested_positive
-inf_to_99.5,-inf_to_6.5,27.35_to_inf,14.5_to_121.0,All,0.5275_to_inf,30.5_to_inf,All,tested_negative
99.5_to_123.5,-inf_to_6.5,27.35_to_inf,14.5_to_121.0,All,0.5275_to_inf,-inf_to_30.5,All,tested_negative
99.5_to_123.5,-inf_to_6.5,-inf_to_27.35,-inf_to_14.5,All,-inf_to_0.5275,-inf_to_30.5,All,tested_negative
99.5_to_123.5,-inf_to_6.5,-inf_to_27.35,121.0_to_inf,All,0.5275_to_inf,-inf_to_30.5,All,tested_negative
-inf_to_99.5,-inf_to_6.5,-inf_to_27.35,14.5_to_121.0,All,0.5275_to_inf,-inf_to_30.5,All,tested_negative
123.5_to_154.5,-inf_to_6.5,-inf_to_27.35,14.5_to_121.0,All,-inf_to_0.5275,-inf_to_30.5,All,tested_negative
99.5_to_123.5,-inf_to_6.5,-inf_to_27.35,14.5_to_121.0,All,-inf_to_0.5275,-inf_to_30.5,All,tested_negative
99.5_to_123.5,-inf_to_6.5,27.35_to_inf,-inf_to_14.5,All,0.5275_to_inf,30.5_to_inf,All,tested_positive
99.5_to_123.5,6.5_to_inf,27.35_to_inf,-inf_to_14.5,All,-inf_to_0.5275,30.5_to_inf,All,tested_positive
123.5_to_154.5,-inf_to_6.5,27.35_to_inf,121.0_to_inf,All,-inf_to_0.5275,30.5_to_inf,All,tested_positive
99.5_to_123.5,-inf_to_6.5,27.35_to_inf,14.5_to_121.0,All,0.5275_to_inf,-inf_to_30.5,All,tested_negative
99.5_to_123.5,-inf_to_6.5,27.35_to_inf,121.0_to_inf,All,-inf_to_0.5275,30.5_to_inf,All,tested_negative
154.5_to_inf,-inf_to_6.5,27.35_to_inf,-inf_to_14.5,All,-inf_to_0.5275,-inf_to_30.5,All,tested_positive
123.5_to_154.5,-inf_to_6.5,-inf_to_27.35,121.0_to_inf,All,-inf_to_0.5275,-inf_to_30.5,All,tested_negative
99.5_to_123.5,-inf_to_6.5,-inf_to_27.35,14.5_to_121.0,All,-inf_to_0.5275,30.5_to_inf,All,tested_negative
154.5_to_inf,-inf_to_6.5,27.35_to_inf,-inf_to_14.5,All,0.5275_to_inf,30.5_to_inf,All,tested_positive
123.5_to_154.5,-inf_to_6.5,27.35_to_inf,121.0_to_inf,All,0.5275_to_inf,-inf_to_30.5,All,tested_negative
-inf_to_99.5,-inf_to_6.5,-inf_to_27.35,14.5_to_121.0,All,0.5275_to_inf,30.5_to_inf,All,tested_negative
123.5_to_154.5,-inf_to_6.5,27.35_to_inf,-inf_to_14.5,All,-inf_to_0.5275,-inf_to_30.5,All,tested_positive
-inf_to_99.5,-inf_to_6.5,-inf_to_27.35,-inf_to_14.5,All,-inf_to_0.5275,-inf_to_30.5,All,tested_negative
154.5_to_inf,-inf_to_6.5,27.35_to_inf,-inf_to_14.5,All,-inf_to_0.5275,-inf_to_30.5,All,tested_positive
-inf_to_99.5,-inf_to_6.5,27.35_to_inf,-inf_to_14.5,All,-inf_to_0.5275,30.5_to_inf,All,tested_positive
123.5_to_154.5,-inf_to_6.5,-inf_to_27.35,-inf_to_14.5,All,-inf_to_0.5275,30.5_to_inf,All,tested_negative
123.5_to_154.5,-inf_to_6.5,27.35_to_inf,14.5_to_121.0,All,-inf_to_0.5275,30.5_to_inf,All,tested_positive
-inf_to_99.5,6.5_to_inf,27.35_to_inf,-inf_to_14.5,All,-inf_to_0.5275,30.5_to_inf,All,tested_negative
154.5_to_inf,-inf_to_6.5,27.35_to_inf,-inf_to_14.5,All,-inf_to_0.5275,30.5_to_inf,All,tested_positive
99.5_to_123.5,-inf_to_6.5,27.35_to_inf,121.0_to_inf,All,-inf_to_0.5275,-inf_to_30.5,All,tested_negative
99.5_to_123.5,-inf_to_6.5,27.35_to_inf,-inf_to_14.5,All,-inf_to_0.5275,30.5_to_inf,All,tested_positive
99.5_to_123.5,-inf_to_6.5,-inf_to_27.35,-inf_to_14.5,All,-inf_to_0.5275,-inf_to_30.5,All,tested_negative
154.5_to_inf,6.5_to_inf,-inf_to_27.35,-inf_to_14.5,All,0.5275_to_inf,30.5_to_inf,All,tested_positive
154.5_to_inf,-inf_to_6.5,27.35_to_inf,121.0_to_inf,All,0.5275_to_inf,-inf_to_30.5,All,tested_positive
99.5_to_123.5,-inf_to_6.5,27.35_to_inf,-inf_to_14.5,All,0.5275_to_inf,-inf_to_30.5,All,tested_negative
99.5_to_123.5,-inf_to_6.5,27.35_to_inf,121.0_to_inf,All,0.5275_to_inf,-inf_to_30.5,All,tested_negative
123.5_to_154.5,-inf_to_6.5,27.35_to_inf,121.0_to_inf,All,0.5275_to_inf,-inf_to_30.5,All,tested_negative
123.5_to_154.5,-inf_to_6.5,-inf_to_27.35,14.5_to_121.0,All,-inf_to_0.5275,-inf_to_30.5,All,tested_negative
123.5_to_154.5,-inf_to_6.5,27.35_to_inf,121.0_to_inf,All,0.5275_to_inf,-inf_to_30.5,All,tested_positive
123.5_to_154.5,-inf_to_6.5,27.35_to_inf,-inf_to_14.5,All,0.5275_to_inf,30.5_to_inf,All,tested_positive
-inf_to_99.5,-inf_to_6.5,-inf_to_27.35,-inf_to_14.5,All,0.5275_to_inf,-inf_to_30.5,All,tested_negative
123.5_to_154.5,-inf_to_6.5,-inf_to_27.35,14.5_to_121.0,All,-inf_to_0.5275,-inf_to_30.5,All,tested_positive
99.5_to_123.5,-inf_to_6.5,27.35_to_inf,121.0_to_inf,All,-inf_to_0.5275,-inf_to_30.5,All,tested_negative
-inf_to_99.5,-inf_to_6.5,-inf_to_27.35,14.5_to_121.0,All,0.5275_to_inf,-inf_to_30.5,All,tested_negative
99.5_to_123.5,-inf_to_6.5,27.35_to_inf,14.5_to_121.0,All,-inf_to_0.5275,-inf_to_30.5,All,tested_negative
99.5_to_123.5,-inf_to_6.5,27.35_to_inf,-inf_to_14.5,All,-inf_to_0.5275,-inf_to_30.5,All,tested_negative
123.5_to_154.5,6.5_to_inf,27.35_to_inf,121.0_to_inf,All,-inf_to_0.5275,30.5_to_inf,All,tested_positive
154.5_to_inf,-inf_to_6.5,27.35_to_inf,121.0_to_inf,All,-inf_to_0.5275,30.5_to_inf,All,tested_positive
-inf_to_99.5,-inf_to_6.5,-inf_to_27.35,-inf_to_14.5,All,-inf_to_0.5275,-inf_to_30.5,All,tested_negative
154.5_to_inf,-inf_to_6.5,27.35_to_inf,121.0_to_inf,All,-inf_to_0.5275,30.5_to_inf,All,tested_positive
123.5_to_154.5,-inf_to_6.5,27.35_to_inf,121.0_to_inf,All,-inf_to_0.5275,-inf_to_30.5,All,tested_negative
-inf_to_99.5,-inf_to_6.5,27.35_to_inf,121.0_to_inf,All,-inf_to_0.5275,30.5_to_inf,All,tested_positive
-inf_to_99.5,-inf_to_6.5,-inf_to_27.35,-inf_to_14.5,All,-inf_to_0.5275,-inf_to_30.5,All,tested_negative
-inf_to_99.5,-inf_to_6.5,27.35_to_inf,14.5_to_121.0,All,0.5275_to_inf,30.5_to_inf,All,tested_negative
123.5_to_154.5,-inf_to_6.5,-inf_to_27.35,-inf_to_14.5,All,-inf_to_0.5275,-inf_to_30.5,All,tested_negative
-inf_to_99.5,-inf_to_6.5,-inf_to_27.35,-inf_to_14.5,All,0.5275_to_inf,30.5_to_inf,All,tested_negative
123.5_to_154.5,6.5_to_inf,27.35_to_inf,-inf_to_14.5,All,-inf_to_0.5275,30.5_to_inf,All,tested_negative
-inf_to_99.5,-inf_to_6.5,-inf_to_27.35,-inf_to_14.5,All,-inf_to_0.5275,-inf_to_30.5,All,tested_negative
99.5_to_123.5,-inf_to_6.5,27.35_to_inf,-inf_to_14.5,All,0.5275_to_inf,30.5_to_inf,All,tested_negative
154.5_to_inf,-inf_to_6.5,27.35_to_inf,-inf_to_14.5,All,-inf_to_0.5275,30.5_to_inf,All,tested_positive
-inf_to_99.5,-inf_to_6.5,27.35_to_inf,14.5_to_121.0,All,-inf_to_0.5275,-inf_to_30.5,All,tested_negative
99.5_to_123.5,-inf_to_6.5,27.35_to_inf,14.5_to_121.0,All,-inf_to_0.5275,-inf_to_30.5,All,tested_negative
99.5_to_123.5,6.5_to_inf,27.35_to_inf,-inf_to_14.5,All,0.5275_to_inf,30.5_to_inf,All,tested_positive
154.5_to_inf,-inf_to_6.5,27.35_to_inf,-inf_to_14.5,All,0.5275_to_inf,-inf_to_30.5,All,tested_positive
99.5_to_123.5,-inf_to_6.5,-inf_to_27.35,14.5_to_121.0,All,0.5275_to_inf,-inf_to_30.5,All,tested_negative
-inf_to_99.5,-inf_to_6.5,27.35_to_inf,14.5_to_121.0,All,-inf_to_0.5275,-inf_to_30.5,All,tested_negative
99.5_to_123.5,-inf_to_6.5,27.35_to_inf,14.5_to_121.0,All,-inf_to_0.5275,-inf_to_30.5,All,tested_negative
-inf_to_99.5,-inf_to_6.5,-inf_to_27.35,14.5_to_121.0,All,-inf_to_0.5275,-inf_to_30.5,All,tested_negative
123.5_to_154.5,-inf_to_6.5,27.35_to_inf,-inf_to_14.5,All,0.5275_to_inf,-inf_to_30.5,All,tested_positive
99.5_to_123.5,-inf_to_6.5,-inf_to_27.35,-inf_to_14.5,All,0.5275_to_inf,30.5_to_inf,All,tested_negative
99.5_to_123.5,-inf_to_6.5,27.35_to_inf,14.5_to_121.0,All,-inf_to_0.5275,-inf_to_30.5,All,tested_negative
154.5_to_inf,6.5_to_inf,27.35_to_inf,-inf_to_14.5,All,-inf_to_0.5275,30.5_to_inf,All,tested_positive
123.5_to_154.5,-inf_to_6.5,-inf_to_27.35,-inf_to_14.5,All,0.5275_to_inf,30.5_to_inf,All,tested_negative
-inf_to_99.5,-inf_to_6.5,27.35_to_inf,14.5_to_121.0,All,-inf_to_0.5275,-inf_to_30.5,All,tested_negative
123.5_to_154.5,6.5_to_inf,-inf_to_27.35,14.5_to_121.0,All,-inf_to_0.5275,30.5_to_inf,All,tested_negative
99.5_to_123.5,6.5_to_inf,-inf_to_27.35,14.5_to_121.0,All,0.5275_to_inf,30.5_to_inf,All,tested_negative
-inf_to_99.5,-inf_to_6.5,-inf_to_27.35,-inf_to_14.5,All,-inf_to_0.5275,-inf_to_30.5,All,tested_negative
-inf_to_99.5,6.5_to_inf,27.35_to_inf,14.5_to_121.0,All,0.5275_to_inf,30.5_to_inf,All,tested_negative
-inf_to_99.5,-inf_to_6.5,27.35_to_inf,-inf_to_14.5,All,-inf_to_0.5275,30.5_to_inf,All,tested_negative
99.5_to_123.5,6.5_to_inf,-inf_to_27.35,-inf_to_14.5,All,0.5275_to_inf,30.5_to_inf,All,tested_negative
123.5_to_154.5,-inf_to_6.5,-inf_to_27.35,14.5_to_121.0,All,-inf_to_0.5275,-inf_to_30.5,All,tested_negative
-inf_to_99.5,-inf_to_6.5,27.35_to_inf,14.5_to_121.0,All,-inf_to_0.5275,-inf_to_30.5,All,tested_negative
-inf_to_99.5,-inf_to_6.5,27.35_to_inf,14.5_to_121.0,All,0.5275_to_inf,-inf_to_30.5,All,tested_negative
99.5_to_123.5,6.5_to_inf,27.35_to_inf,-inf_to_14.5,All,-inf_to_0.5275,30.5_to_inf,All,tested_positive
123.5_to_154.5,-inf_to_6.5,27.35_to_inf,121.0_to_inf,All,0.5275_to_inf,-inf_to_30.5,All,tested_negative
123.5_to_154.5,-inf_to_6.5,27.35_to_inf,-inf_to_14.5,All,0.5275_to_inf,-inf_to_30.5,All,tested_negative
123.5_to_154.5,-inf_to_6.5,27.35_to_inf,-inf_to_14.5,All,-inf_to_0.5275,-inf_to_30.5,All,tested_negative
99.5_to_123.5,-inf_to_6.5,27.35_to_inf,-inf_to_14.5,All,-inf_to_0.5275,-inf_to_30.5,All,tested_negative
123.5_to_154.5,6.5_to_inf,27.35_to_inf,-inf_to_14.5,All,-inf_to_0.5275,30.5_to_inf,All,tested_negative
99.5_to_123.5,-inf_to_6.5,27.35_to_inf,-inf_to_14.5,All,-inf_to_0.5275,-inf_to_30.5,All,tested_negative
123.5_to_154.5,-inf_to_6.5,-inf_to_27.35,-inf_to_14.5,All,-inf_to_0.5275,30.5_to_inf,All,tested_negative
99.5_to_123.5,-inf_to_6.5,27.35_to_inf,121.0_to_inf,All,0.5275_to_inf,-inf_to_30.5,All,tested_positive
99.5_to_123.5,6.5_to_inf,-inf_to_27.35,14.5_to_121.0,All,-inf_to_0.5275,30.5_to_inf,All,tested_negative
123.5_to_154.5,6.5_to_inf,-inf_to_27.35,14.5_to_121.0,All,-inf_to_0.5275,30.5_to_inf,All,tested_negative
123.5_to_154.5,-inf_to_6.5,27.35_to_inf,-inf_to_14.5,All,-inf_to_0.5275,30.5_to_inf,All,tested_negative
154.5_to_inf,-inf_to_6.5,27.35_to_inf,121.0_to_inf,All,-inf_to_0.5275,30.5_to_inf,All,tested_positive
99.5_to_123.5,-inf_to_6.5,27.35_to_inf,-inf_to_14.5,All,-inf_to_0.5275,-inf_to_30.5,All,tested_negative
123.5_to_154.5,-inf_to_6.5,27.35_to_inf,-inf_to_14.5,All,0.5275_to_inf,30.5_to_inf,All,tested_positive
123.5_to_154.5,-inf_to_6.5,27.35_to_inf,121.0_to_inf,All,-inf_to_0.5275,-inf_to_30.5,All,tested_positive
123.5_to_154.5,-inf_to_6.5,27.35_to_inf,121.0_to_inf,All,0.5275_to_inf,-inf_to_30.5,All,tested_negative
154.5_to_inf,-inf_to_6.5,27.35_to_inf,121.0_to_inf,All,0.5275_to_inf,30.5_to_inf,All,tested_negative
-inf_to_99.5,-inf_to_6.5,-inf_to_27.35,-inf_to_14.5,All,-inf_to_0.5275,-inf_to_30.5,All,tested_negative
154.5_to_inf,6.5_to_inf,-inf_to_27.35,-inf_to_14.5,All,0.5275_to_inf,30.5_to_inf,All,tested_negative
-inf_to_99.5,-inf_to_6.5,27.35_to_inf,14.5_to_121.0,All,0.5275_to_inf,-inf_to_30.5,All,tested_negative
-inf_to_99.5,-inf_to_6.5,27.35_to_inf,-inf_to_14.5,All,-inf_to_0.5275,30.5_to_inf,All,tested_negative
-inf_to_99.5,-inf_to_6.5,27.35_to_inf,-inf_to_14.5,All,-inf_to_0.5275,30.5_to_inf,All,tested_negative
123.5_to_154.5,-inf_to_6.5,27.35_to_inf,121.0_to_inf,All,0.5275_to_inf,30.5_to_inf,All,tested_positive
-inf_to_99.5,-inf_to_6.5,-inf_to_27.35,-inf_to_14.5,All,-inf_to_0.5275,-inf_to_30.5,All,tested_negative
154.5_to_inf,-inf_to_6.5,-inf_to_27.35,-inf_to_14.5,All,-inf_to_0.5275,30.5_to_inf,All,tested_negative
99.5_to_123.5,-inf_to_6.5,-inf_to_27.35,-inf_to_14.5,All,-inf_to_0.5275,-inf_to_30.5,All,tested_negative
-inf_to_99.5,-inf_to_6.5,27.35_to_inf,14.5_to_121.0,All,0.5275_to_inf,-inf_to_30.5,All,tested_negative
154.5_to_inf,6.5_to_inf,-inf_to_27.35,121.0_to_inf,All,-inf_to_0.5275,30.5_to_inf,All,tested_positive
123.5_to_154.5,-inf_to_6.5,27.35_to_inf,121.0_to_inf,All,0.5275_to_inf,30.5_to_inf,All,tested_negative
99.5_to_123.5,-inf_to_6.5,-inf_to_27.35,14.5_to_121.0,All,-inf_to_0.5275,-inf_to_30.5,All,tested_negative
-inf_to_99.5,-inf_to_6.5,27.35_to_inf,-inf_to_14.5,All,-inf_to_0.5275,-inf_to_30.5,All,tested_negative
-inf_to_99.5,-inf_to_6.5,27.35_to_inf,-inf_to_14.5,All,0.5275_to_inf,30.5_to_inf,All,tested_positive
-inf_to_99.5,6.5_to_inf,27.35_to_inf,14.5_to_121.0,All,0.5275_to_inf,30.5_to_inf,All,tested_negative
-inf_to_99.5,-inf_to_6.5,27.35_to_inf,-inf_to_14.5,All,-inf_to_0.5275,30.5_to_inf,All,tested_negative
-inf_to_99.5,6.5_to_inf,27.35_to_inf,-inf_to_14.5,All,-inf_to_0.5275,30.5_to_inf,All,tested_negative
154.5_to_inf,-inf_to_6.5,27.35_to_inf,14.5_to_121.0,All,-inf_to_0.5275,30.5_to_inf,All,tested_positive
123.5_to_154.5,-inf_to_6.5,27.35_to_inf,121.0_to_inf,All,0.5275_to_inf,-inf_to_30.5,All,tested_negative
-inf_to_99.5,-inf_to_6.5,27.35_to_inf,14.5_to_121.0,All,0.5275_to_inf,-inf_to_30.5,All,tested_negative
99.5_to_123.5,6.5_to_inf,-inf_to_27.35,-inf_to_14.5,All,-inf_to_0.5275,30.5_to_inf,All,tested_negative
-inf_to_99.5,6.5_to_inf,27.35_to_inf,-inf_to_14.5,All,-inf_to_0.5275,30.5_to_inf,All,tested_positive
123.5_to_154.5,-inf_to_6.5,-inf_to_27.35,121.0_to_inf,All,-inf_to_0.5275,-inf_to_30.5,All,tested_negative
-inf_to_99.5,6.5_to_inf,-inf_to_27.35,-inf_to_14.5,All,-inf_to_0.5275,30.5_to_inf,All,tested_negative
-inf_to_99.5,-inf_to_6.5,-inf_to_27.35,-inf_to_14.5,All,-inf_to_0.5275,-inf_to_30.5,All,tested_negative
-inf_to_99.5,-inf_to_6.5,-inf_to_27.35,14.5_to_121.0,All,-inf_to_0.5275,-inf_to_30.5,All,tested_negative
154.5_to_inf,-inf_to_6.5,27.35_to_inf,14.5_to_121.0,All,-inf_to_0.5275,-inf_to_30.5,All,tested_positive
123.5_to_154.5,6.5_to_inf,27.35_to_inf,121.0_to_inf,All,0.5275_to_inf,30.5_to_inf,All,tested_positive
123.5_to_154.5,6.5_to_inf,27.35_to_inf,-inf_to_14.5,All,-inf_to_0.5275,30.5_to_inf,All,tested_negative
-inf_to_99.5,6.5_to_inf,27.35_to_inf,-inf_to_14.5,All,-inf_to_0.5275,30.5_to_inf,All,tested_negative
123.5_to_154.5,-inf_to_6.5,-inf_to_27.35,121.0_to_inf,All,0.5275_to_inf,30.5_to_inf,All,tested_negative
-inf_to_99.5,-inf_to_6.5,-inf_to_27.35,14.5_to_121.0,All,-inf_to_0.5275,-inf_to_30.5,All,tested_negative
99.5_to_123.5,-inf_to_6.5,-inf_to_27.35,-inf_to_14.5,All,-inf_to_0.5275,-inf_to_30.5,All,tested_negative
123.5_to_154.5,6.5_to_inf,27.35_to_inf,-inf_to_14.5,All,0.5275_to_inf,30.5_to_inf,All,tested_positive
123.5_to_154.5,-inf_to_6.5,27.35_to_inf,-inf_to_14.5,All,-inf_to_0.5275,-inf_to_30.5,All,tested_negative
-inf_to_99.5,-inf_to_6.5,-inf_to_27.35,-inf_to_14.5,All,-inf_to_0.5275,-inf_to_30.5,All,tested_negative
-inf_to_99.5,-inf_to_6.5,-inf_to_27.35,14.5_to_121.0,All,-inf_to_0.5275,-inf_to_30.5,All,tested_negative
99.5_to_123.5,-inf_to_6.5,-inf_to_27.35,14.5_to_121.0,All,-inf_to_0.5275,-inf_to_30.5,All,tested_negative
99.5_to_123.5,-inf_to_6.5,27.35_to_inf,121.0_to_inf,All,-inf_to_0.5275,-inf_to_30.5,All,tested_negative
99.5_to_123.5,-inf_to_6.5,27.35_to_inf,14.5_to_121.0,All,0.5275_to_inf,-inf_to_30.5,All,tested_negative
99.5_to_123.5,-inf_to_6.5,27.35_to_inf,-inf_to_14.5,All,0.5275_to_inf,-inf_to_30.5,All,tested_negative
-inf_to_99.5,-inf_to_6.5,27.35_to_inf,14.5_to_121.0,All,0.5275_to_inf,-inf_to_30.5,All,tested_negative
-inf_to_99.5,-inf_to_6.5,27.35_to_inf,-inf_to_14.5,All,-inf_to_0.5275,30.5_to_inf,All,tested_negative
-inf_to_99.5,-inf_to_6.5,27.35_to_inf,14.5_to_121.0,All,0.5275_to_inf,-inf_to_30.5,All,tested_negative
123.5_to_154.5,-inf_to_6.5,27.35_to_inf,-inf_to_14.5,All,-inf_to_0.5275,-inf_to_30.5,All,tested_positive
99.5_to_123.5,-inf_to_6.5,27.35_to_inf,-inf_to_14.5,All,-inf_to_0.5275,30.5_to_inf,All,tested_negative
-inf_to_99.5,-inf_to_6.5,-inf_to_27.35,-inf_to_14.5,All,0.5275_to_inf,30.5_to_inf,All,tested_negative
123.5_to_154.5,-inf_to_6.5,27.35_to_inf,121.0_to_inf,All,0.5275_to_inf,30.5_to_inf,All,tested_positive
99.5_to_123.5,6.5_to_inf,27.35_to_inf,121.0_to_inf,All,0.5275_to_inf,30.5_to_inf,All,tested_positive
123.5_to_154.5,-inf_to_6.5,27.35_to_inf,121.0_to_inf,All,0.5275_to_inf,-inf_to_30.5,All,tested_positive
-inf_to_99.5,6.5_to_inf,27.35_to_inf,-inf_to_14.5,All,0.5275_to_inf,30.5_to_inf,All,tested_positive
-inf_to_99.5,-inf_to_6.5,27.35_to_inf,14.5_to_121.0,All,-inf_to_0.5275,-inf_to_30.5,All,tested_negative
-inf_to_99.5,-inf_to_6.5,27.35_to_inf,14.5_to_121.0,All,-inf_to_0.5275,-inf_to_30.5,All,tested_negative
154.5_to_inf,6.5_to_inf,27.35_to_inf,121.0_to_inf,All,-inf_to_0.5275,30.5_to_inf,All,tested_positive
154.5_to_inf,-inf_to_6.5,27.35_to_inf,121.0_to_inf,All,0.5275_to_inf,30.5_to_inf,All,tested_positive
123.5_to_154.5,-inf_to_6.5,27.35_to_inf,121.0_to_inf,All,-inf_to_0.5275,-inf_to_30.5,All,tested_negative
154.5_to_inf,-inf_to_6.5,27.35_to_inf,14.5_to_121.0,All,-inf_to_0.5275,30.5_to_inf,All,tested_negative
154.5_to_inf,-inf_to_6.5,27.35_to_inf,-inf_to_14.5,All,0.5275_to_inf,30.5_to_inf,All,tested_negative
99.5_to_123.5,-inf_to_6.5,27.35_to_inf,-inf_to_14.5,All,-inf_to_0.5275,-inf_to_30.5,All,tested_negative
-inf_to_99.5,-inf_to_6.5,27.35_to_inf,14.5_to_121.0,All,0.5275_to_inf,-inf_to_30.5,All,tested_negative
99.5_to_123.5,-inf_to_6.5,27.35_to_inf,-inf_to_14.5,All,-inf_to_0.5275,30.5_to_inf,All,tested_negative
-inf_to_99.5,-inf_to_6.5,27.35_to_inf,14.5_to_121.0,All,-inf_to_0.5275,-inf_to_30.5,All,tested_negative
-inf_to_99.5,-inf_to_6.5,27.35_to_inf,14.5_to_121.0,All,-inf_to_0.5275,-inf_to_30.5,All,tested_negative
123.5_to_154.5,6.5_to_inf,-inf_to_27.35,121.0_to_inf,All,-inf_to_0.5275,30.5_to_inf,All,tested_negative
-inf_to_99.5,-inf_to_6.5,27.35_to_inf,-inf_to_14.5,All,-inf_to_0.5275,-inf_to_30.5,All,tested_negative
99.5_to_123.5,6.5_to_inf,27.35_to_inf,-inf_to_14.5,All,-inf_to_0.5275,30.5_to_inf,All,tested_negative
99.5_to_123.5,6.5_to_inf,27.35_to_inf,-inf_to_14.5,All,-inf_to_0.5275,30.5_to_inf,All,tested_negative
-inf_to_99.5,6.5_to_inf,27.35_to_inf,-inf_to_14.5,All,-inf_to_0.5275,30.5_to_inf,All,tested_negative
123.5_to_154.5,-inf_to_6.5,27.35_to_inf,-inf_to_14.5,All,-inf_to_0.5275,30.5_to_inf,All,tested_positive
154.5_to_inf,-inf_to_6.5,27.35_to_inf,121.0_to_inf,All,-inf_to_0.5275,-inf_to_30.5,All,tested_positive
-inf_to_99.5,-inf_to_6.5,27.35_to_inf,14.5_to_121.0,All,-inf_to_0.5275,-inf_to_30.5,All,tested_negative
-inf_to_99.5,-inf_to_6.5,-inf_to_27.35,14.5_to_121.0,All,-inf_to_0.5275,30.5_to_inf,All,tested_negative
-inf_to_99.5,-inf_to_6.5,27.35_to_inf,-inf_to_14.5,All,0.5275_to_inf,-inf_to_30.5,All,tested_negative
-inf_to_99.5,-inf_to_6.5,27.35_to_inf,121.0_to_inf,All,-inf_to_0.5275,30.5_to_inf,All,tested_negative
99.5_to_123.5,-inf_to_6.5,27.35_to_inf,121.0_to_inf,All,-inf_to_0.5275,30.5_to_inf,All,tested_positive
-inf_to_99.5,-inf_to_6.5,27.35_to_inf,-inf_to_14.5,All,-inf_to_0.5275,30.5_to_inf,All,tested_negative
99.5_to_123.5,-inf_to_6.5,27.35_to_inf,14.5_to_121.0,All,-inf_to_0.5275,-inf_to_30.5,All,tested_negative
-inf_to_99.5,-inf_to_6.5,27.35_to_inf,14.5_to_121.0,All,-inf_to_0.5275,-inf_to_30.5,All,tested_negative
123.5_to_154.5,-inf_to_6.5,27.35_to_inf,121.0_to_inf,All,0.5275_to_inf,-inf_to_30.5,All,tested_negative
99.5_to_123.5,-inf_to_6.5,-inf_to_27.35,121.0_to_inf,All,0.5275_to_inf,30.5_to_inf,All,tested_negative
99.5_to_123.5,-inf_to_6.5,27.35_to_inf,-inf_to_14.5,All,0.5275_to_inf,-inf_to_30.5,All,tested_positive
123.5_to_154.5,6.5_to_inf,-inf_to_27.35,-inf_to_14.5,All,-inf_to_0.5275,30.5_to_inf,All,tested_negative
154.5_to_inf,-inf_to_6.5,27.35_to_inf,-inf_to_14.5,All,0.5275_to_inf,30.5_to_inf,All,tested_positive
123.5_to_154.5,-inf_to_6.5,27.35_to_inf,-inf_to_14.5,All,-inf_to_0.5275,-inf_to_30.5,All,tested_positive
99.5_to_123.5,-inf_to_6.5,-inf_to_27.35,-inf_to_14.5,All,-inf_to_0.5275,-inf_to_30.5,All,tested_negative
99.5_to_123.5,6.5_to_inf,-inf_to_27.35,-inf_to_14.5,All,-inf_to_0.5275,30.5_to_inf,All,tested_negative
99.5_to_123.5,6.5_to_inf,27.35_to_inf,-inf_to_14.5,All,-inf_to_0.5275,30.5_to_inf,All,tested_negative
123.5_to_154.5,6.5_to_inf,27.35_to_inf,121.0_to_inf,All,0.5275_to_inf,30.5_to_inf,All,tested_positive
-inf_to_99.5,-inf_to_6.5,-inf_to_27.35,-inf_to_14.5,All,-inf_to_0.5275,-inf_to_30.5,All,tested_negative
123.5_to_154.5,6.5_to_inf,27.35_to_inf,-inf_to_14.5,All,-inf_to_0.5275,30.5_to_inf,All,tested_positive
99.5_to_123.5,-inf_to_6.5,-inf_to_27.35,-inf_to_14.5,All,-inf_to_0.5275,-inf_to_30.5,All,tested_negative
-inf_to_99.5,-inf_to_6.5,-inf_to_27.35,-inf_to_14.5,All,-inf_to_0.5275,-inf_to_30.5,All,tested_negative
99.5_to_123.5,6.5_to_inf,27.35_to_inf,-inf_to_14.5,All,0.5275_to_inf,30.5_to_inf,All,tested_positive
99.5_to_123.5,-inf_to_6.5,27.35_to_inf,121.0_to_inf,All,-inf_to_0.5275,-inf_to_30.5,All,tested_negative
123.5_to_154.5,-inf_to_6.5,27.35_to_inf,-inf_to_14.5,All,-inf_to_0.5275,30.5_to_inf,All,tested_positive
-inf_to_99.5,-inf_to_6.5,27.35_to_inf,14.5_to_121.0,All,0.5275_to_inf,-inf_to_30.5,All,tested_negative
99.5_to_123.5,-inf_to_6.5,27.35_to_inf,121.0_to_inf,All,0.5275_to_inf,30.5_to_inf,All,tested_negative
154.5_to_inf,-inf_to_6.5,27.35_to_inf,121.0_to_inf,All,0.5275_to_inf,-inf_to_30.5,All,tested_positive
-inf_to_99.5,-inf_to_6.5,27.35_to_inf,-inf_to_14.5,All,-inf_to_0.5275,30.5_to_inf,All,tested_negative
-inf_to_99.5,-inf_to_6.5,27.35_to_inf,14.5_to_121.0,All,0.5275_to_inf,-inf_to_30.5,All,tested_negative
154.5_to_inf,-inf_to_6.5,27.35_to_inf,-inf_to_14.5,All,-inf_to_0.5275,30.5_to_inf,All,tested_positive
99.5_to_123.5,-inf_to_6.5,-inf_to_27.35,14.5_to_121.0,All,-inf_to_0.5275,-inf_to_30.5,All,tested_negative
99.5_to_123.5,-inf_to_6.5,-inf_to_27.35,-inf_to_14.5,All,-inf_to_0.5275,-inf_to_30.5,All,tested_negative
-inf_to_99.5,-inf_to_6.5,-inf_to_27.35,-inf_to_14.5,All,-inf_to_0.5275,-inf_to_30.5,All,tested_negative
123.5_to_154.5,-inf_to_6.5,27.35_to_inf,-inf_to_14.5,All,-inf_to_0.5275,-inf_to_30.5,All,tested_negative
123.5_to_154.5,6.5_to_inf,27.35_to_inf,121.0_to_inf,All,0.5275_to_inf,30.5_to_inf,All,tested_positive
154.5_to_inf,-inf_to_6.5,27.35_to_inf,-inf_to_14.5,All,-inf_to_0.5275,30.5_to_inf,All,tested_positive
123.5_to_154.5,-inf_to_6.5,27.35_to_inf,-inf_to_14.5,All,-inf_to_0.5275,-inf_to_30.5,All,tested_negative
154.5_to_inf,-inf_to_6.5,27.35_to_inf,121.0_to_inf,All,0.5275_to_inf,-inf_to_30.5,All,tested_positive
-inf_to_99.5,-inf_to_6.5,-inf_to_27.35,14.5_to_121.0,All,-inf_to_0.5275,-inf_to_30.5,All,tested_negative
99.5_to_123.5,-inf_to_6.5,-inf_to_27.35,121.0_to_inf,All,-inf_to_0.5275,-inf_to_30.5,All,tested_negative
99.5_to_123.5,-inf_to_6.5,27.35_to_inf,121.0_to_inf,All,-inf_to_0.5275,-inf_to_30.5,All,tested_negative
154.5_to_inf,-inf_to_6.5,27.35_to_inf,121.0_to_inf,All,0.5275_to_inf,30.5_to_inf,All,tested_positive
154.5_to_inf,6.5_to_inf,27.35_to_inf,121.0_to_inf,All,0.5275_to_inf,30.5_to_inf,All,tested_positive
99.5_to_123.5,-inf_to_6.5,27.35_to_inf,-inf_to_14.5,All,0.5275_to_inf,-inf_to_30.5,All,tested_negative
123.5_to_154.5,6.5_to_inf,27.35_to_inf,121.0_to_inf,All,0.5275_to_inf,30.5_to_inf,All,tested_positive
99.5_to_123.5,-inf_to_6.5,-inf_to_27.35,-inf_to_14.5,All,-inf_to_0.5275,-inf_to_30.5,All,tested_negative
99.5_to_123.5,-inf_to_6.5,27.35_to_inf,-inf_to_14.5,All,-inf_to_0.5275,-inf_to_30.5,All,tested_negative
-inf_to_99.5,-inf_to_6.5,-inf_to_27.35,14.5_to_121.0,All,-inf_to_0.5275,-inf_to_30.5,All,tested_negative
99.5_to_123.5,6.5_to_inf,27.35_to_inf,-inf_to_14.5,All,0.5275_to_inf,30.5_to_inf,All,tested_positive
99.5_to_123.5,-inf_to_6.5,27.35_to_inf,-inf_to_14.5,All,-inf_to_0.5275,-inf_to_30.5,All,tested_positive
99.5_to_123.5,-inf_to_6.5,27.35_to_inf,121.0_to_inf,All,-inf_to_0.5275,-inf_to_30.5,All,tested_negative
-inf_to_99.5,-inf_to_6.5,-inf_to_27.35,-inf_to_14.5,All,0.5275_to_inf,-inf_to_30.5,All,tested_negative
154.5_to_inf,-inf_to_6.5,27.35_to_inf,-inf_to_14.5,All,0.5275_to_inf,30.5_to_inf,All,tested_negative
-inf_to_99.5,-inf_to_6.5,27.35_to_inf,14.5_to_121.0,All,-inf_to_0.5275,-inf_to_30.5,All,tested_negative
99.5_to_123.5,-inf_to_6.5,27.35_to_inf,-inf_to_14.5,All,-inf_to_0.5275,-inf_to_30.5,All,tested_negative
-inf_to_99.5,-inf_to_6.5,27.35_to_inf,14.5_to_121.0,All,-inf_to_0.5275,-inf_to_30.5,All,tested_negative
123.5_to_154.5,-inf_to_6.5,27.35_to_inf,-inf_to_14.5,All,-inf_to_0.5275,-inf_to_30.5,All,tested_negative
123.5_to_154.5,-inf_to_6.5,27.35_to_inf,-inf_to_14.5,All,-inf_to_0.5275,30.5_to_inf,All,tested_negative
-inf_to_99.5,-inf_to_6.5,-inf_to_27.35,-inf_to_14.5,All,-inf_to_0.5275,-inf_to_30.5,All,tested_negative
99.5_to_123.5,6.5_to_inf,27.35_to_inf,-inf_to_14.5,All,0.5275_to_inf,30.5_to_inf,All,tested_positive
99.5_to_123.5,-inf_to_6.5,27.35_to_inf,14.5_to_121.0,All,-inf_to_0.5275,-inf_to_30.5,All,tested_negative
99.5_to_123.5,-inf_to_6.5,-inf_to_27.35,-inf_to_14.5,All,-inf_to_0.5275,-inf_to_30.5,All,tested_negative
-inf_to_99.5,6.5_to_inf,-inf_to_27.35,-inf_to_14.5,All,-inf_to_0.5275,30.5_to_inf,All,tested_negative
99.5_to_123.5,6.5_to_inf,27.35_to_inf,-inf_to_14.5,All,-inf_to_0.5275,30.5_to_inf,All,tested_positive
99.5_to_123.5,-inf_to_6.5,27.35_to_inf,-inf_to_14.5,All,-inf_to_0.5275,30.5_to_inf,All,tested_negative
-inf_to_99.5,-inf_to_6.5,27.35_to_inf,14.5_to_121.0,All,0.5275_to_inf,-inf_to_30.5,All,tested_negative
-inf_to_99.5,6.5_to_inf,27.35_to_inf,14.5_to_121.0,All,0.5275_to_inf,30.5_to_inf,All,tested_positive
99.5_to_123.5,-inf_to_6.5,-inf_to_27.35,14.5_to_121.0,All,-inf_to_0.5275,-inf_to_30.5,All,tested_negative
99.5_to_123.5,-inf_to_6.5,27.35_to_inf,14.5_to_121.0,All,0.5275_to_inf,-inf_to_30.5,All,tested_negative
123.5_to_154.5,-inf_to_6.5,27.35_to_inf,-inf_to_14.5,All,-inf_to_0.5275,-inf_to_30.5,All,tested_negative
123.5_to_154.5,-inf_to_6.5,27.35_to_inf,-inf_to_14.5,All,-inf_to_0.5275,30.5_to_inf,All,tested_positive
-inf_to_99.5,-inf_to_6.5,27.35_to_inf,-inf_to_14.5,All,0.5275_to_inf,30.5_to_inf,All,tested_negative
99.5_to_123.5,-inf_to_6.5,27.35_to_inf,121.0_to_inf,All,0.5275_to_inf,-inf_to_30.5,All,tested_negative
154.5_to_inf,-inf_to_6.5,27.35_to_inf,121.0_to_inf,All,-inf_to_0.5275,-inf_to_30.5,All,tested_negative
154.5_to_inf,-inf_to_6.5,-inf_to_27.35,121.0_to_inf,All,-inf_to_0.5275,30.5_to_inf,All,tested_positive
154.5_to_inf,-inf_to_6.5,27.35_to_inf,121.0_to_inf,All,-inf_to_0.5275,-inf_to_30.5,All,tested_positive
123.5_to_154.5,6.5_to_inf,27.35_to_inf,121.0_to_inf,All,-inf_to_0.5275,30.5_to_inf,All,tested_positive
-inf_to_99.5,-inf_to_6.5,-inf_to_27.35,14.5_to_121.0,All,-inf_to_0.5275,-inf_to_30.5,All,tested_negative
99.5_to_123.5,-inf_to_6.5,27.35_to_inf,14.5_to_121.0,All,-inf_to_0.5275,-inf_to_30.5,All,tested_negative
99.5_to_123.5,-inf_to_6.5,27.35_to_inf,14.5_to_121.0,All,-inf_to_0.5275,-inf_to_30.5,All,tested_negative
99.5_to_123.5,-inf_to_6.5,-inf_to_27.35,-inf_to_14.5,All,-inf_to_0.5275,-inf_to_30.5,All,tested_negative
99.5_to_123.5,-inf_to_6.5,27.35_to_inf,121.0_to_inf,All,-inf_to_0.5275,-inf_to_30.5,All,tested_negative
154.5_to_inf,-inf_to_6.5,27.35_to_inf,121.0_to_inf,All,-inf_to_0.5275,-inf_to_30.5,All,tested_positive
99.5_to_123.5,-inf_to_6.5,-inf_to_27.35,14.5_to_121.0,All,-inf_to_0.5275,-inf_to_30.5,All,tested_negative
99.5_to_123.5,-inf_to_6.5,27.35_to_inf,121.0_to_inf,All,0.5275_to_inf,30.5_to_inf,All,tested_negative
123.5_to_154.5,6.5_to_inf,27.35_to_inf,-inf_to_14.5,All,-inf_to_0.5275,30.5_to_inf,All,tested_negative
-inf_to_99.5,-inf_to_6.5,27.35_to_inf,14.5_to_121.0,All,0.5275_to_inf,-inf_to_30.5,All,tested_positive
154.5_to_inf,6.5_to_inf,27.35_to_inf,-inf_to_14.5,All,-inf_to_0.5275,30.5_to_inf,All,tested_negative
154.5_to_inf,-inf_to_6.5,27.35_to_inf,-inf_to_14.5,All,0.5275_to_inf,-inf_to_30.5,All,tested_positive
154.5_to_inf,6.5_to_inf,27.35_to_inf,121.0_to_inf,All,-inf_to_0.5275,30.5_to_inf,All,tested_positive
123.5_to_154.5,6.5_to_inf,27.35_to_inf,121.0_to_inf,All,0.5275_to_inf,30.5_to_inf,All,tested_positive
99.5_to_123.5,-inf_to_6.5,27.35_to_inf,-inf_to_14.5,All,-inf_to_0.5275,30.5_to_inf,All,tested_positive
99.5_to_123.5,-inf_to_6.5,27.35_to_inf,121.0_to_inf,All,-inf_to_0.5275,-inf_to_30.5,All,tested_negative
123.5_to_154.5,-inf_to_6.5,27.35_to_inf,-inf_to_14.5,All,-inf_to_0.5275,30.5_to_inf,All,tested_positive
99.5_to_123.5,6.5_to_inf,27.35_to_inf,-inf_to_14.5,All,-inf_to_0.5275,30.5_to_inf,All,tested_positive
-inf_to_99.5,-inf_to_6.5,27.35_to_inf,121.0_to_inf,All,-inf_to_0.5275,30.5_to_inf,All,tested_negative
123.5_to_154.5,6.5_to_inf,27.35_to_inf,14.5_to_121.0,All,-inf_to_0.5275,30.5_to_inf,All,tested_negative
154.5_to_inf,-inf_to_6.5,27.35_to_inf,121.0_to_inf,All,0.5275_to_inf,30.5_to_inf,All,tested_negative
-inf_to_99.5,-inf_to_6.5,-inf_to_27.35,-inf_to_14.5,All,0.5275_to_inf,-inf_to_30.5,All,tested_negative
-inf_to_99.5,6.5_to_inf,27.35_to_inf,-inf_to_14.5,All,0.5275_to_inf,30.5_to_inf,All,tested_negative
154.5_to_inf,-inf_to_6.5,27.35_to_inf,-inf_to_14.5,All,-inf_to_0.5275,30.5_to_inf,All,tested_positive
154.5_to_inf,6.5_to_inf,-inf_to_27.35,-inf_to_14.5,All,-inf_to_0.5275,30.5_to_inf,All,tested_positive
-inf_to_99.5,-inf_to_6.5,27.35_to_inf,-inf_to_14.5,All,-inf_to_0.5275,-inf_to_30.5,All,tested_negative
99.5_to_123.5,-inf_to_6.5,27.35_to_inf,-inf_to_14.5,All,-inf_to_0.5275,-inf_to_30.5,All,tested_positive
99.5_to_123.5,-inf_to_6.5,-inf_to_27.35,121.0_to_inf,All,0.5275_to_inf,-inf_to_30.5,All,tested_negative
-inf_to_99.5,-inf_to_6.5,-inf_to_27.35,14.5_to_121.0,All,-inf_to_0.5275,-inf_to_30.5,All,tested_negative
154.5_to_inf,-inf_to_6.5,27.35_to_inf,-inf_to_14.5,All,-inf_to_0.5275,-inf_to_30.5,All,tested_positive
-inf_to_99.5,-inf_to_6.5,27.35_to_inf,14.5_to_121.0,All,-inf_to_0.5275,-inf_to_30.5,All,tested_negative
123.5_to_154.5,-inf_to_6.5,27.35_to_inf,-inf_to_14.5,All,0.5275_to_inf,-inf_to_30.5,All,tested_positive
123.5_to_154.5,-inf_to_6.5,-inf_to_27.35,-inf_to_14.5,All,0.5275_to_inf,30.5_to_inf,All,tested_negative
123.5_to_154.5,-inf_to_6.5,27.35_to_inf,121.0_to_inf,All,0.5275_to_inf,-inf_to_30.5,All,tested_negative
123.5_to_154.5,-inf_to_6.5,-inf_to_27.35,-inf_to_14.5,All,-inf_to_0.5275,-inf_to_30.5,All,tested_negative
99.5_to_123.5,-inf_to_6.5,27.35_to_inf,-inf_to_14.5,All,-inf_to_0.5275,-inf_to_30.5,All,tested_negative
123.5_to_154.5,-inf_to_6.5,-inf_to_27.35,121.0_to_inf,All,0.5275_to_inf,-inf_to_30.5,All,tested_negative
123.5_to_154.5,-inf_to_6.5,27.35_to_inf,121.0_to_inf,All,-inf_to_0.5275,30.5_to_inf,All,tested_positive
99.5_to_123.5,6.5_to_inf,-inf_to_27.35,-inf_to_14.5,All,0.5275_to_inf,30.5_to_inf,All,tested_negative
99.5_to_123.5,-inf_to_6.5,27.35_to_inf,14.5_to_121.0,All,0.5275_to_inf,-inf_to_30.5,All,tested_negative
-inf_to_99.5,-inf_to_6.5,-inf_to_27.35,-inf_to_14.5,All,-inf_to_0.5275,-inf_to_30.5,All,tested_negative
123.5_to_154.5,6.5_to_inf,27.35_to_inf,121.0_to_inf,All,-inf_to_0.5275,30.5_to_inf,All,tested_positive
154.5_to_inf,-inf_to_6.5,27.35_to_inf,121.0_to_inf,All,-inf_to_0.5275,30.5_to_inf,All,tested_positive
-inf_to_99.5,-inf_to_6.5,-inf_to_27.35,-inf_to_14.5,All,-inf_to_0.5275,-inf_to_30.5,All,tested_negative
123.5_to_154.5,-inf_to_6.5,27.35_to_inf,121.0_to_inf,All,0.5275_to_inf,-inf_to_30.5,All,tested_negative
99.5_to_123.5,-inf_to_6.5,27.35_to_inf,-inf_to_14.5,All,0.5275_to_inf,-inf_to_30.5,All,tested_negative
99.5_to_123.5,-inf_to_6.5,27.35_to_inf,121.0_to_inf,All,-inf_to_0.5275,-inf_to_30.5,All,tested_negative
123.5_to_154.5,-inf_to_6.5,27.35_to_inf,-inf_to_14.5,All,0.5275_to_inf,30.5_to_inf,All,tested_positive
154.5_to_inf,-inf_to_6.5,27.35_to_inf,-inf_to_14.5,All,0.5275_to_inf,30.5_to_inf,All,tested_positive
123.5_to_154.5,-inf_to_6.5,27.35_to_inf,-inf_to_14.5,All,-inf_to_0.5275,30.5_to_inf,All,tested_negative
99.5_to_123.5,-inf_to_6.5,27.35_to_inf,14.5_to_121.0,All,-inf_to_0.5275,-inf_to_30.5,All,tested_negative
-inf_to_99.5,-inf_to_6.5,27.35_to_inf,-inf_to_14.5,All,-inf_to_0.5275,-inf_to_30.5,All,tested_negative
99.5_to_123.5,6.5_to_inf,-inf_to_27.35,-inf_to_14.5,All,-inf_to_0.5275,-inf_to_30.5,All,tested_positive
123.5_to_154.5,-inf_to_6.5,27.35_to_inf,121.0_to_inf,All,-inf_to_0.5275,-inf_to_30.5,All,tested_negative
154.5_to_inf,6.5_to_inf,27.35_to_inf,-inf_to_14.5,All,-inf_to_0.5275,30.5_to_inf,All,tested_positive
-inf_to_99.5,-inf_to_6.5,27.35_to_inf,121.0_to_inf,All,0.5275_to_inf,-inf_to_30.5,All,tested_positive
154.5_to_inf,-inf_to_6.5,27.35_to_inf,121.0_to_inf,All,-inf_to_0.5275,-inf_to_30.5,All,tested_negative
123.5_to_154.5,-inf_to_6.5,-inf_to_27.35,121.0_to_inf,All,-inf_to_0.5275,-inf_to_30.5,All,tested_negative
99.5_to_123.5,-inf_to_6.5,27.35_to_inf,-inf_to_14.5,All,-inf_to_0.5275,30.5_to_inf,All,tested_negative
154.5_to_inf,6.5_to_inf,27.35_to_inf,121.0_to_inf,All,0.5275_to_inf,30.5_to_inf,All,tested_positive
154.5_to_inf,-inf_to_6.5,27.35_to_inf,121.0_to_inf,All,0.5275_to_inf,30.5_to_inf,All,tested_positive
-inf_to_99.5,6.5_to_inf,-inf_to_27.35,-inf_to_14.5,All,0.5275_to_inf,30.5_to_inf,All,tested_negative
99.5_to_123.5,-inf_to_6.5,27.35_to_inf,121.0_to_inf,All,-inf_to_0.5275,-inf_to_30.5,All,tested_negative
-inf_to_99.5,-inf_to_6.5,27.35_to_inf,-inf_to_14.5,All,-inf_to_0.5275,30.5_to_inf,All,tested_positive
-inf_to_99.5,-inf_to_6.5,27.35_to_inf,-inf_to_14.5,All,-inf_to_0.5275,30.5_to_inf,All,tested_negative
99.5_to_123.5,-inf_to_6.5,27.35_to_inf,121.0_to_inf,All,-inf_to_0.5275,-inf_to_30.5,All,tested_negative
123.5_to_154.5,-inf_to_6.5,27.35_to_inf,121.0_to_inf,All,-inf_to_0.5275,30.5_to_inf,All,tested_positive
99.5_to_123.5,-inf_to_6.5,27.35_to_inf,14.5_to_121.0,All,-inf_to_0.5275,30.5_to_inf,All,tested_negative
99.5_to_123.5,-inf_to_6.5,27.35_to_inf,-inf_to_14.5,All,-inf_to_0.5275,30.5_to_inf,All,tested_negative
99.5_to_123.5,-inf_to_6.5,27.35_to_inf,-inf_to_14.5,All,-inf_to_0.5275,30.5_to_inf,All,tested_negative
99.5_to_123.5,-inf_to_6.5,27.35_to_inf,121.0_to_inf,All,-inf_to_0.5275,-inf_to_30.5,All,tested_negative
123.5_to_154.5,-inf_to_6.5,27.35_to_inf,-inf_to_14.5,All,-inf_to_0.5275,-inf_to_30.5,All,tested_negative
154.5_to_inf,-inf_to_6.5,-inf_to_27.35,-inf_to_14.5,All,-inf_to_0.5275,-inf_to_30.5,All,tested_negative
-inf_to_99.5,-inf_to_6.5,27.35_to_inf,-inf_to_14.5,All,-inf_to_0.5275,-inf_to_30.5,All,tested_negative
123.5_to_154.5,-inf_to_6.5,27.35_to_inf,14.5_to_121.0,All,-inf_to_0.5275,30.5_to_inf,All,tested_positive
154.5_to_inf,-inf_to_6.5,27.35_to_inf,14.5_to_121.0,All,0.5275_to_inf,-inf_to_30.5,All,tested_positive
99.5_to_123.5,-inf_to_6.5,27.35_to_inf,121.0_to_inf,All,-inf_to_0.5275,-inf_to_30.5,All,tested_negative
-inf_to_99.5,-inf_to_6.5,27.35_to_inf,-inf_to_14.5,All,-inf_to_0.5275,-inf_to_30.5,All,tested_negative
123.5_to_154.5,-inf_to_6.5,27.35_to_inf,14.5_to_121.0,All,-inf_to_0.5275,-inf_to_30.5,All,tested_negative
-inf_to_99.5,6.5_to_inf,27.35_to_inf,-inf_to_14.5,All,0.5275_to_inf,30.5_to_inf,All,tested_negative
-inf_to_99.5,-inf_to_6.5,27.35_to_inf,121.0_to_inf,All,-inf_to_0.5275,-inf_to_30.5,All,tested_negative
99.5_to_123.5,-inf_to_6.5,27.35_to_inf,-inf_to_14.5,All,-inf_to_0.5275,30.5_to_inf,All,tested_positive
99.5_to_123.5,6.5_to_inf,27.35_to_inf,121.0_to_inf,All,0.5275_to_inf,30.5_to_inf,All,tested_positive
99.5_to_123.5,-inf_to_6.5,27.35_to_inf,14.5_to_121.0,All,-inf_to_0.5275,-inf_to_30.5,All,tested_negative
99.5_to_123.5,-inf_to_6.5,27.35_to_inf,14.5_to_121.0,All,-inf_to_0.5275,-inf_to_30.5,All,tested_negative
123.5_to_154.5,6.5_to_inf,27.35_to_inf,-inf_to_14.5,All,0.5275_to_inf,30.5_to_inf,All,tested_positive
99.5_to_123.5,6.5_to_inf,27.35_to_inf,14.5_to_121.0,All,-inf_to_0.5275,30.5_to_inf,All,tested_negative
-inf_to_99.5,-inf_to_6.5,27.35_to_inf,14.5_to_121.0,All,0.5275_to_inf,30.5_to_inf,All,tested_negative
154.5_to_inf,-inf_to_6.5,27.35_to_inf,121.0_to_inf,All,-inf_to_0.5275,30.5_to_inf,All,tested_positive
154.5_to_inf,-inf_to_6.5,-inf_to_27.35,-inf_to_14.5,All,-inf_to_0.5275,30.5_to_inf,All,tested_positive
123.5_to_154.5,-inf_to_6.5,27.35_to_inf,-inf_to_14.5,All,0.5275_to_inf,-inf_to_30.5,All,tested_positive
99.5_to_123.5,-inf_to_6.5,27.35_to_inf,14.5_to_121.0,All,-inf_to_0.5275,-inf_to_30.5,All,tested_negative
99.5_to_123.5,-inf_to_6.5,-inf_to_27.35,-inf_to_14.5,All,-inf_to_0.5275,-inf_to_30.5,All,tested_negative
154.5_to_inf,-inf_to_6.5,27.35_to_inf,121.0_to_inf,All,-inf_to_0.5275,-inf_to_30.5,All,tested_positive
123.5_to_154.5,6.5_to_inf,27.35_to_inf,-inf_to_14.5,All,-inf_to_0.5275,30.5_to_inf,All,tested_positive
123.5_to_154.5,-inf_to_6.5,27.35_to_inf,14.5_to_121.0,All,0.5275_to_inf,30.5_to_inf,All,tested_positive
123.5_to_154.5,6.5_to_inf,27.35_to_inf,-inf_to_14.5,All,-inf_to_0.5275,30.5_to_inf,All,tested_negative
99.5_to_123.5,-inf_to_6.5,27.35_to_inf,-inf_to_14.5,All,-inf_to_0.5275,30.5_to_inf,All,tested_positive
99.5_to_123.5,-inf_to_6.5,27.35_to_inf,-inf_to_14.5,All,-inf_to_0.5275,-inf_to_30.5,All,tested_negative
154.5_to_inf,-inf_to_6.5,27.35_to_inf,-inf_to_14.5,All,-inf_to_0.5275,30.5_to_inf,All,tested_positive
-inf_to_99.5,-inf_to_6.5,27.35_to_inf,14.5_to_121.0,All,0.5275_to_inf,-inf_to_30.5,All,tested_negative
154.5_to_inf,6.5_to_inf,27.35_to_inf,-inf_to_14.5,All,-inf_to_0.5275,30.5_to_inf,All,tested_positive
-inf_to_99.5,6.5_to_inf,-inf_to_27.35,-inf_to_14.5,All,-inf_to_0.5275,30.5_to_inf,All,tested_negative
99.5_to_123.5,6.5_to_inf,27.35_to_inf,121.0_to_inf,All,-inf_to_0.5275,30.5_to_inf,All,tested_negative
99.5_to_123.5,-inf_to_6.5,27.35_to_inf,-inf_to_14.5,All,-inf_to_0.5275,-inf_to_30.5,All,tested_negative
99.5_to_123.5,-inf_to_6.5,-inf_to_27.35,14.5_to_121.0,All,-inf_to_0.5275,-inf_to_30.5,All,tested_negative
123.5_to_154.5,-inf_to_6.5,27.35_to_inf,-inf_to_14.5,All,-inf_to_0.5275,30.5_to_inf,All,tested_positive
-inf_to_99.5,-inf_to_6.5,27.35_to_inf,-inf_to_14.5,All,-inf_to_0.5275,-inf_to_30.5,All,tested_negative
