plas,preg,mass,insu,skin,pedi,age,pres,class
127.5_to_159.5,-inf_to_6.5,29.85_to_inf,-inf_to_14.5,31.5_to_inf,-inf_to_0.7185,28.5_to_inf,All,tested_positive
-inf_to_99.5,-inf_to_6.5,-inf_to_29.85,-inf_to_14.5,-inf_to_31.5,-inf_to_0.7185,28.5_to_inf,All,tested_negative
159.5_to_inf,6.5_to_inf,-inf_to_29.85,-inf_to_14.5,-inf_to_31.5,-inf_to_0.7185,28.5_to_inf,All,tested_positive
-inf_to_99.5,-inf_to_6.5,-inf_to_29.85,14.5_to_121.0,-inf_to_31.5,-inf_to_0.7185,-inf_to_28.5,All,tested_negative
127.5_to_159.5,-inf_to_6.5,29.85_to_inf,121.0_to_inf,31.5_to_inf,0.7185_to_inf,28.5_to_inf,All,tested_positive
99.5_to_127.5,-inf_to_6.5,-inf_to_29.85,-inf_to_14.5,-inf_to_31.5,-inf_to_0.7185,28.5_to_inf,All,tested_negative
159.5_to_inf,-inf_to_6.5,29.85_to_inf,121.0_to_inf,31.5_to_inf,-inf_to_0.7185,28.5_to_inf,All,tested_positive
99.5_to_127.5,6.5_to_inf,-inf_to_29.85,-inf_to_14.5,-inf_to_31.5,-inf_to_0.7185,28.5_to_inf,All,tested_positive
99.5_to_127.5,-inf_to_6.5,29.85_to_inf,-inf_to_14.5,-inf_to_31.5,-inf_to_0.7185,28.5_to_inf,All,tested_negative
159.5_to_inf,6.5_to_inf,29.85_to_inf,-inf_to_14.5,-inf_to_31.5,-inf_to_0.7185,28.5_to_inf,All,tested_positive
127.5_to_159.5,6.5_to_inf,-inf_to_29.85,-inf_to_14.5,-inf_to_31.5,0.7185_to_inf,28.5_to_inf,All,tested_negative
159.5_to_inf,-inf_to_6.5,29.85_to_inf,121.0_to_inf,-inf_to_31.5,-inf_to_0.7185,28.5_to_inf,All,tested_positive
159.5_to_inf,-inf_to_6.5,-inf_to_29.85,121.0_to_inf,-inf_to_31.5,-inf_to_0.7185,28.5_to_inf,All,tested_positive
99.5_to_127.5,6.5_to_inf,29.85_to_inf,-inf_to_14.5,-inf_to_31.5,-inf_to_0.7185,28.5_to_inf,All,tested_positive
99.5_to_127.5,-inf_to_6.5,29.85_to_inf,121.0_to_inf,31.5_to_inf,-inf_to_0.7185,28.5_to_inf,All,tested_positive
99.5_to_127.5,6.5_to_inf,-inf_to_29.85,-inf_to_14.5,-inf_to_31.5,-inf_to_0.7185,28.5_to_inf,All,tested_positive
99.5_to_127.5,-inf_to_6.5,29.85_to_inf,14.5_to_121.0,31.5_to_inf,-inf_to_0.7185,28.5_to_inf,All,tested_negative
99.5_to_127.5,-inf_to_6.5,29.85_to_inf,121.0_to_inf,31.5_to_inf,-inf_to_0.7185,-inf_to_28.5,All,tested_negative
-inf_to_99.5,6.5_to_inf,29.85_to_inf,-inf_to_14.5,-inf_to_31.5,-inf_to_0.7185,28.5_to_inf,All,tested_negative
159.5_to_inf,6.5_to_inf,29.85_to_inf,-inf_to_14.5,-inf_to_31.5,-inf_to_0.7185,28.5_to_inf,All,tested_positive
99.5_to_127.5,6.5_to_inf,-inf_to_29.85,-inf_to_14.5,31.5_to_inf,-inf_to_0.7185,28.5_to_inf,All,tested_positive
127.5_to_159.5,6.5_to_inf,29.85_to_inf,121.0_to_inf,31.5_to_inf,-inf_to_0.7185,28.5_to_inf,All,tested_positive
99.5_to_127.5,6.5_to_inf,29.85_to_inf,14.5_to_121.0,-inf_to_31.5,-inf_to_0.7185,28.5_to_inf,All,tested_positive
127.5_to_159.5,6.5_to_inf,29.85_to_inf,-inf_to_14.5,-inf_to_31.5,-inf_to_0.7185,28.5_to_inf,All,tested_positive
-inf_to_99.5,-inf_to_6.5,-inf_to_29.85,121.0_to_inf,-inf_to_31.5,-inf_to_0.7185,-inf_to_28.5,All,tested_negative
127.5_to_159.5,6.5_to_inf,-inf_to_29.85,14.5_to_121.0,-inf_to_31.5,-inf_to_0.7185,28.5_to_inf,All,tested_negative
99.5_to_127.5,-inf_to_6.5,29.85_to_inf,-inf_to_14.5,-inf_to_31.5,-inf_to_0.7185,28.5_to_inf,All,tested_negative
99.5_to_127.5,-inf_to_6.5,29.85_to_inf,-inf_to_14.5,-inf_to_31.5,-inf_to_0.7185,28.5_to_inf,All,tested_negative
127.5_to_159.5,-inf_to_6.5,29.85_to_inf,121.0_to_inf,31.5_to_inf,0.7185_to_inf,-inf_to_28.5,All,tested_positive
-inf_to_99.5,-inf_to_6.5,-inf_to_29.85,-inf_to_14.5,-inf_to_31.5,-inf_to_0.7185,-inf_to_28.5,All,tested_negative
99.5_to_127.5,6.5_to_inf,-inf_to_29.85,-inf_to_14.5,-inf_to_31.5,-inf_to_0.7185,28.5_to_inf,All,tested_negative
127.5_to_159.5,6.5_to_inf,29.85_to_inf,-inf_to_14.5,-inf_to_31.5,-inf_to_0.7185,28.5_to_inf,All,tested_negative
99.5_to_127.5,6.5_to_inf,29.85_to_inf,-inf_to_14.5,31.5_to_inf,-inf_to_0.7185,28.5_to_inf,All,tested_positive
-inf_to_99.5,-inf_to_6.5,29.85_to_inf,-inf_to_14.5,31.5_to_inf,-inf_to_0.7185,-inf_to_28.5,All,tested_positive
99.5_to_127.5,-inf_to_6.5,29.85_to_inf,121.0_to_inf,31.5_to_inf,0.7185_to_inf,28.5_to_inf,All,tested_positive
159.5_to_inf,-inf_to_6.5,29.85_to_inf,14.5_to_121.0,-inf_to_31.5,-inf_to_0.7185,-inf_to_28.5,All,tested_negative
99.5_to_127.5,6.5_to_inf,-inf_to_29.85,-inf_to_14.5,-inf_to_31.5,-inf_to_0.7185,28.5_to_inf,All,tested_negative
159.5_to_inf,6.5_to_inf,29.85_to_inf,121.0_to_inf,-inf_to_31.5,0.7185_to_inf,28.5_to_inf,All,tested_positive
127.5_to_159.5,6.5_to_inf,-inf_to_29.85,-inf_to_14.5,-inf_to_31.5,-inf_to_0.7185,28.5_to_inf,All,tested_negative
159.5_to_inf,-inf_to_6.5,29.85_to_inf,-inf_to_14.5,31.5_to_inf,0.7185_to_inf,-inf_to_28.5,All,tested_positive
127.5_to_159.5,-inf_to_6.5,-inf_to_29.85,-inf_to_14.5,-inf_to_31.5,-inf_to_0.7185,28.5_to_inf,All,tested_negative
-inf_to_99.5,-inf_to_6.5,-inf_to_29.85,-inf_to_14.5,-inf_to_31.5,-inf_to_0.7185,-inf_to_28.5,All,tested_negative
99.5_to_127.5,6.5_to_inf,29.85_to_inf,-inf_to_14.5,31.5_to_inf,-inf_to_0.7185,28.5_to_inf,All,tested_positive
99.5_to_127.5,6.5_to_inf,-inf_to_29.85,-inf_to_14.5,-inf_to_31.5,-inf_to_0.7185,-inf_to_28.5,All,tested_negative
99.5_to_127.5,-inf_to_6.5,-inf_to_29.85,14.5_to_121.0,-inf_to_31.5,-inf_to_0.7185,-inf_to_28.5,All,tested_negative
99.5_to_127.5,-inf_to_6.5,-inf_to_29.85,14.5_to_121.0,-inf_to_31.5,-inf_to_0.7185,-inf_to_28.5,All,tested_negative
-inf_to_99.5,-inf_to_6.5,-inf_to_29.85,14.5_to_121.0,-inf_to_31.5,-inf_to_0.7185,28.5_to_inf,All,tested_negative
159.5_to_inf,6.5_to_inf,29.85_to_inf,121.0_to_inf,31.5_to_inf,-inf_to_0.7185,28.5_to_inf,All,tested_positive
127.5_to_159.5,6.5_to_inf,29.85_to_inf,121.0_to_inf,31.5_to_inf,-inf_to_0.7185,28.5_to_inf,All,tested_negative
-inf_to_99.5,-inf_to_6.5,-inf_to_29.85,-inf_to_14.5,-inf_to_31.5,-inf_to_0.7185,-inf_to_28.5,All,tested_negative
159.5_to_inf,6.5_to_inf,29.85_to_inf,121.0_to_inf,31.5_to_inf,-inf_to_0.7185,28.5_to_inf,All,tested_positive
99.5_to_127.5,-inf_to_6.5,29.85_to_inf,14.5_to_121.0,31.5_to_inf,0.7185_to_inf,28.5_to_inf,All,tested_negative
127.5_to_159.5,-inf_to_6.5,29.85_to_inf,-inf_to_14.5,-inf_to_31.5,0.7185_to_inf,28.5_to_inf,All,tested_negative
99.5_to_127.5,-inf_to_6.5,29.85_to_inf,121.0_to_inf,31.5_to_inf,-inf_to_0.7185,-inf_to_28.5,All,tested_negative
-inf_to_99.5,-inf_to_6.5,-inf_to_29.85,-inf_to_14.5,-inf_to_31.5,-inf_to_0.7185,-inf_to_28.5,All,tested_negative
127.5_to_159.5,6.5_to_inf,29.85_to_inf,-inf_to_14.5,-inf_to_31.5,-inf_to_0.7185,28.5_to_inf,All,tested_positive
-inf_to_99.5,-inf_to_6.5,-inf_to_29.85,-inf_to_14.5,-inf_to_31.5,-inf_to_0.7185,28.5_to_inf,All,tested_negative
127.5_to_159.5,-inf_to_6.5,-inf_to_29.85,121.0_to_inf,31.5_to_inf,-inf_to_0.7185,-inf_to_28.5,All,tested_negative
-inf_to_99.5,-inf_to_6.5,-inf_to_29.85,-inf_to_14.5,-inf_to_31.5,-inf_to_0.7185,28.5_to_inf,All,tested_negative
99.5_to_127.5,-inf_to_6.5,29.85_to_inf,-inf_to_14.5,-inf_to_31.5,0.7185_to_inf,28.5_to_inf,All,tested_positive
99.5_to_127.5,-inf_to_6.5,29.85_to_inf,-inf_to_14.5,-inf_to_31.5,0.7185_to_inf,28.5_to_inf,All,tested_negative
-inf_to_99.5,-inf_to_6.5,-inf_to_29.85,14.5_to_121.0,-inf_to_31.5,-inf_to_0.7185,-inf_to_28.5,All,tested_negative
127.5_to_159.5,-inf_to_6.5,-inf_to_29.85,14.5_to_121.0,-inf_to_31.5,-inf_to_0.7185,-inf_to_28.5,All,tested_negative
99.5_to_127.5,-inf_to_6.5,29.85_to_inf,14.5_to_121.0,-inf_to_31.5,0.7185_to_inf,-inf_to_28.5,All,tested_positive
127.5_to_159.5,-inf_to_6.5,-inf_to_29.85,121.0_to_inf,31.5_to_inf,-inf_to_0.7185,-inf_to_28.5,All,tested_negative
99.5_to_127.5,6.5_to_inf,29.85_to_inf,-inf_to_14.5,-inf_to_31.5,-inf_to_0.7185,28.5_to_inf,All,tested_positive
127.5_to_159.5,-inf_to_6.5,29.85_to_inf,121.0_to_inf,-inf_to_31.5,-inf_to_0.7185,-inf_to_28.5,All,tested_negative
-inf_to_99.5,-inf_to_6.5,29.85_to_inf,-inf_to_14.5,-inf_to_31.5,-inf_to_0.7185,-inf_to_28.5,All,tested_negative
-inf_to_99.5,-inf_to_6.5,-inf_to_29.85,-inf_to_14.5,-inf_to_31.5,-inf_to_0.7185,-inf_to_28.5,All,tested_negative
-inf_to_99.5,6.5_to_inf,29.85_to_inf,-inf_to_14.5,-inf_to_31.5,-inf_to_0.7185,28.5_to_inf,All,tested_negative
-inf_to_99.5,-inf_to_6.5,29.85_to_inf,-inf_to_14.5,31.5_to_inf,-inf_to_0.7185,-inf_to_28.5,All,tested_negative
127.5_to_159.5,-inf_to_6.5,29.85_to_inf,-inf_to_14.5,-inf_to_31.5,-inf_to_0.7185,-inf_to_28.5,All,tested_positive
99.5_to_127.5,-inf_to_6.5,-inf_to_29.85,-inf_to_14.5,-inf_to_31.5,-inf_to_0.7185,-inf_to_28.5,All,tested_negative
99.5_to_127.5,-inf_to_6.5,-inf_to_29.85,-inf_to_14.5,-inf_to_31.5,-inf_to_0.7185,-inf_to_28.5,All,tested_negative
-inf_to_99.5,-inf_to_6.5,-inf_to_29.85,-inf_to_14.5,-inf_to_31.5,-inf_to_0.7185,-inf_to_28.5,All,tested_negative
-inf_to_99.5,6.5_to_inf,-inf_to_29.85,14.5_to_121.0,-inf_to_31.5,0.7185_to_inf,28.5_to_inf,All,tested_negative
99.5_to_127.5,-inf_to_6.5,-inf_to_29.85,-inf_to_14.5,-inf_to_31.5,-inf_to_0.7185,-inf_to_28.5,All,tested_negative
127.5_to_159.5,-inf_to_6.5,29.85_to_inf,-inf_to_14.5,-inf_to_31.5,-inf_to_0.7185,28.5_to_inf,All,tested_positive
99.5_to_127.5,-inf_to_6.5,29.85_to_inf,121.0_to_inf,-inf_to_31.5,-inf_to_0.7185,-inf_to_28.5,All,tested_negative
99.5_to_127.5,6.5_to_inf,29.85_to_inf,-inf_to_14.5,31.5_to_inf,-inf_to_0.7185,28.5_to_inf,All,tested_negative
99.5_to_127.5,-inf_to_6.5,29.85_to_inf,14.5_to_121.0,-inf_to_31.5,-inf_to_0.7185,-inf_to_28.5,All,tested_negative
99.5_to_127.5,-inf_to_6.5,-inf_to_29.85,-inf_to_14.5,-inf_to_31.5,-inf_to_0.7185,-inf_to_28.5,All,tested_negative
-inf_to_99.5,-inf_to_6.5,-inf_to_29.85,-inf_to_14.5,-inf_to_31.5,-inf_to_0.7185,-inf_to_28.5,All,tested_negative
99.5_to_127.5,-inf_to_6.5,29.85_to_inf,121.0_to_inf,-inf_to_31.5,-inf_to_0.7185,28.5_to_inf,All,tested_negative
-inf_to_99.5,6.5_to_inf,29.85_to_inf,14.5_to_121.0,31.5_to_inf,-inf_to_0.7185,28.5_to_inf,All,tested_negative
127.5_to_159.5,-inf_to_6.5,-inf_to_29.85,-inf_to_14.5,-inf_to_31.5,-inf_to_0.7185,28.5_to_inf,All,tested_positive
127.5_to_159.5,-inf_to_6.5,-inf_to_29.85,14.5_to_121.0,-inf_to_31.5,0.7185_to_inf,-inf_to_28.5,All,tested_negative
127.5_to_159.5,-inf_to_6.5,29.85_to_inf,121.0_to_inf,-inf_to_31.5,-inf_to_0.7185,28.5_to_inf,All,tested_negative
-inf_to_99.5,-inf_to_6.5,29.85_to_inf,-inf_to_14.5,-inf_to_31.5,-inf_to_0.7185,-inf_to_28.5,All,tested_negative
-inf_to_99.5,-inf_to_6.5,-inf_to_29.85,14.5_to_121.0,-inf_to_31.5,-inf_to_0.7185,-inf_to_28.5,All,tested_negative
-inf_to_99.5,-inf_to_6.5,-inf_to_29.85,14.5_to_121.0,-inf_to_31.5,-inf_to_0.7185,-inf_to_28.5,All,tested_negative
99.5_to_127.5,-inf_to_6.5,29.85_to_inf,121.0_to_inf,31.5_to_inf,-inf_to_0.7185,28.5_to_inf,All,tested_positive
159.5_to_inf,-inf_to_6.5,29.85_to_inf,-inf_to_14.5,-inf_to_31.5,0.7185_to_inf,28.5_to_inf,All,tested_positive
127.5_to_159.5,-inf_to_6.5,-inf_to_29.85,-inf_to_14.5,-inf_to_31.5,-inf_to_0.7185,-inf_to_28.5,All,tested_negative
99.5_to_127.5,-inf_to_6.5,-inf_to_29.85,-inf_to_14.5,-inf_to_31.5,-inf_to_0.7185,-inf_to_28.5,All,tested_negative
-inf_to_99.5,-inf_to_6.5,-inf_to_29.85,14.5_to_121.0,-inf_to_31.5,-inf_to_0.7185,-inf_to_28.5,All,tested_negative
-inf_to_99.5,-inf_to_6.5,29.85_to_inf,-inf_to_14.5,-inf_to_31.5,0.7185_to_inf,-inf_to_28.5,All,tested_negative
99.5_to_127.5,-inf_to_6.5,-inf_to_29.85,121.0_to_inf,-inf_to_31.5,0.7185_to_inf,-inf_to_28.5,All,tested_negative
-inf_to_99.5,-inf_to_6.5,-inf_to_29.85,-inf_to_14.5,-inf_to_31.5,-inf_to_0.7185,-inf_to_28.5,All,tested_negative
127.5_to_159.5,-inf_to_6.5,-inf_to_29.85,121.0_to_inf,-inf_to_31.5,-inf_to_0.7185,28.5_to_inf,All,tested_negative
-inf_to_99.5,-inf_to_6.5,29.85_to_inf,14.5_to_121.0,-inf_to_31.5,-inf_to_0.7185,-inf_to_28.5,All,tested_negative
-inf_to_99.5,-inf_to_6.5,29.85_to_inf,14.5_to_121.0,-inf_to_31.5,-inf_to_0.7185,-inf_to_28.5,All,tested_positive
159.5_to_inf,-inf_to_6.5,29.85_to_inf,121.0_to_inf,31.5_to_inf,-inf_to_0.7185,-inf_to_28.5,All,tested_positive
127.5_to_159.5,6.5_to_inf,29.85_to_inf,121.0_to_inf,-inf_to_31.5,-inf_to_0.7185,28.5_to_inf,All,tested_positive
-inf_to_99.5,-inf_to_6.5,29.85_to_inf,14.5_to_121.0,31.5_to_inf,-inf_to_0.7185,-inf_to_28.5,All,tested_negative
-inf_to_99.5,-inf_to_6.5,29.85_to_inf,-inf_to_14.5,-inf_to_31.5,-inf_to_0.7185,-inf_to_28.5,All,tested_negative
159.5_to_inf,6.5_to_inf,29.85_to_inf,121.0_to_inf,31.5_to_inf,-inf_to_0.7185,28.5_to_inf,All,tested_positive
127.5_to_159.5,-inf_to_6.5,29.85_to_inf,-inf_to_14.5,-inf_to_31.5,-inf_to_0.7185,28.5_to_inf,All,tested_positive
99.5_to_127.5,-inf_to_6.5,29.85_to_inf,-inf_to_14.5,-inf_to_31.5,-inf_to_0.7185,28.5_to_inf,All,tested_positive
-inf_to_99.5,-inf_to_6.5,29.85_to_inf,-inf_to_14.5,-inf_to_31.5,-inf_to_0.7185,-inf_to_28.5,All,tested_negative
-inf_to_99.5,-inf_to_6.5,-inf_to_29.85,-inf_to_14.5,-inf_to_31.5,-inf_to_0.7185,-inf_to_28.5,All,tested_negative
-inf_to_99.5,-inf_to_6.5,-inf_to_29.85,14.5_to_121.0,-inf_to_31.5,-inf_to_0.7185,-inf_to_28.5,All,tested_negative
159.5_to_inf,-inf_to_6.5,29.85_to_inf,14.5_to_121.0,31.5_to_inf,0.7185_to_inf,-inf_to_28.5,All,tested_positive
99.5_to_127.5,-inf_to_6.5,29.85_to_inf,-inf_to_14.5,31.5_to_inf,-inf_to_0.7185,-inf_to_28.5,All,tested_negative
127.5_to_159.5,-inf_to_6.5,-inf_to_29.85,-inf_to_14.5,-inf_to_31.5,-inf_to_0.7185,28.5_to_inf,All,tested_negative
99.5_to_127.5,-inf_to_6.5,29.85_to_inf,-inf_to_14.5,-inf_to_31.5,-inf_to_0.7185,-inf_to_28.5,All,tested_positive
-inf_to_99.5,-inf_to_6.5,29.85_to_inf,14.5_to_121.0,31.5_to_inf,-inf_to_0.7185,-inf_to_28.5,All,tested_positive
99.5_to_127.5,-inf_to_6.5,29.85_to_inf,121.0_to_inf,-inf_to_31.5,-inf_to_0.7185,28.5_to_inf,All,tested_negative
99.5_to_127.5,-inf_to_6.5,29.85_to_inf,121.0_to_inf,-inf_to_31.5,-inf_to_0.7185,28.5_to_inf,All,tested_positive
99.5_to_127.5,-inf_to_6.5,-inf_to_29.85,-inf_to_14.5,-inf_to_31.5,0.7185_to_inf,28.5_to_inf,All,tested_positive
159.5_to_inf,-inf_to_6.5,-inf_to_29.85,121.0_to_inf,-inf_to_31.5,-inf_to_0.7185,28.5_to_inf,All,tested_positive
99.5_to_127.5,6.5_to_inf,29.85_to_inf,-inf_to_14.5,-inf_to_31.5,0.7185_to_inf,28.5_to_inf,All,tested_positive
159.5_to_inf,-inf_to_6.5,29.85_to_inf,121.0_to_inf,31.5_to_inf,-inf_to_0.7185,28.5_to_inf,All,tested_positive
-inf_to_99.5,6.5_to_inf,29.85_to_inf,-inf_to_14.5,-inf_to_31.5,-inf_to_0.7185,28.5_to_inf,All,tested_negative
-inf_to_99.5,-inf_to_6.5,-inf_to_29.85,14.5_to_121.0,-inf_to_31.5,-inf_to_0.7185,-inf_to_28.5,All,tested_negative
99.5_to_127.5,-inf_to_6.5,29.85_to_inf,14.5_to_121.0,-inf_to_31.5,-inf_to_0.7185,-inf_to_28.5,All,tested_negative
-inf_to_99.5,-inf_to_6.5,-inf_to_29.85,14.5_to_121.0,-inf_to_31.5,-inf_to_0.7185,-inf_to_28.5,All,tested_negative
127.5_to_159.5,-inf_to_6.5,29.85_to_inf,-inf_to_14.5,-inf_to_31.5,-inf_to_0.7185,28.5_to_inf,All,tested_negative
99.5_to_127.5,-inf_to_6.5,29.85_to_inf,121.0_to_inf,-inf_to_31.5,-inf_to_0.7185,-inf_to_28.5,All,tested_negative
127.5_to_159.5,-inf_to_6.5,-inf_to_29.85,-inf_to_14.5,-inf_to_31.5,-inf_to_0.7185,28.5_to_inf,All,tested_negative
99.5_to_127.5,-inf_to_6.5,29.85_to_inf,-inf_to_14.5,-inf_to_31.5,-inf_to_0.7185,28.5_to_inf,All,tested_negative
99.5_to_127.5,-inf_to_6.5,29.85_to_inf,14.5_to_121.0,-inf_to_31.5,-inf_to_0.7185,-inf_to_28.5,All,tested_negative
99.5_to_127.5,6.5_to_inf,29.85_to_inf,-inf_to_14.5,-inf_to_31.5,-inf_to_0.7185,28.5_to_inf,All,tested_positive
127.5_to_159.5,-inf_to_6.5,29.85_to_inf,121.0_to_inf,-inf_to_31.5,-inf_to_0.7185,-inf_to_28.5,All,tested_negative
99.5_to_127.5,-inf_to_6.5,-inf_to_29.85,-inf_to_14.5,-inf_to_31.5,-inf_to_0.7185,-inf_to_28.5,All,tested_negative
-inf_to_99.5,6.5_to_inf,29.85_to_inf,-inf_to_14.5,31.5_to_inf,-inf_to_0.7185,28.5_to_inf,All,tested_negative
99.5_to_127.5,-inf_to_6.5,29.85_to_inf,14.5_to_121.0,31.5_to_inf,0.7185_to_inf,28.5_to_inf,All,tested_negative
127.5_to_159.5,-inf_to_6.5,29.85_to_inf,-inf_to_14.5,-inf_to_31.5,-inf_to_0.7185,28.5_to_inf,All,tested_negative
-inf_to_99.5,-inf_to_6.5,-inf_to_29.85,-inf_to_14.5,-inf_to_31.5,-inf_to_0.7185,-inf_to_28.5,All,tested_negative
127.5_to_159.5,-inf_to_6.5,29.85_to_inf,121.0_to_inf,31.5_to_inf,-inf_to_0.7185,-inf_to_28.5,All,tested_negative
99.5_to_127.5,-inf_to_6.5,-inf_to_29.85,-inf_to_14.5,-inf_to_31.5,-inf_to_0.7185,28.5_to_inf,All,tested_negative
127.5_to_159.5,6.5_to_inf,29.85_to_inf,121.0_to_inf,-inf_to_31.5,0.7185_to_inf,28.5_to_inf,All,tested_positive
127.5_to_159.5,-inf_to_6.5,29.85_to_inf,121.0_to_inf,31.5_to_inf,-inf_to_0.7185,-inf_to_28.5,All,tested_negative
159.5_to_inf,6.5_to_inf,29.85_to_inf,-inf_to_14.5,-inf_to_31.5,-inf_to_0.7185,28.5_to_inf,All,tested_positive
127.5_to_159.5,6.5_to_inf,29.85_to_inf,-inf_to_14.5,31.5_to_inf,-inf_to_0.7185,28.5_to_inf,All,tested_positive
-inf_to_99.5,-inf_to_6.5,-inf_to_29.85,14.5_to_121.0,-inf_to_31.5,-inf_to_0.7185,-inf_to_28.5,All,tested_negative
99.5_to_127.5,-inf_to_6.5,-inf_to_29.85,121.0_to_inf,-inf_to_31.5,0.7185_to_inf,-inf_to_28.5,All,tested_negative
-inf_to_99.5,-inf_to_6.5,-inf_to_29.85,14.5_to_121.0,-inf_to_31.5,-inf_to_0.7185,-inf_to_28.5,All,tested_negative
159.5_to_inf,6.5_to_inf,29.85_to_inf,14.5_to_121.0,31.5_to_inf,0.7185_to_inf,28.5_to_inf,All,tested_positive
127.5_to_159.5,-inf_to_6.5,-inf_to_29.85,-inf_to_14.5,31.5_to_inf,-inf_to_0.7185,28.5_to_inf,All,tested_negative
99.5_to_127.5,6.5_to_inf,29.85_to_inf,14.5_to_121.0,31.5_to_inf,-inf_to_0.7185,28.5_to_inf,All,tested_negative
99.5_to_127.5,-inf_to_6.5,29.85_to_inf,121.0_to_inf,31.5_to_inf,-inf_to_0.7185,-inf_to_28.5,All,tested_negative
99.5_to_127.5,-inf_to_6.5,-inf_to_29.85,-inf_to_14.5,-inf_to_31.5,-inf_to_0.7185,-inf_to_28.5,All,tested_negative
127.5_to_159.5,-inf_to_6.5,29.85_to_inf,-inf_to_14.5,-inf_to_31.5,0.7185_to_inf,28.5_to_inf,All,tested_positive
99.5_to_127.5,-inf_to_6.5,29.85_to_inf,121.0_to_inf,-inf_to_31.5,0.7185_to_inf,28.5_to_inf,All,tested_positive
127.5_to_159.5,-inf_to_6.5,29.85_to_inf,-inf_to_14.5,-inf_to_31.5,-inf_to_0.7185,-inf_to_28.5,All,tested_negative
99.5_to_127.5,-inf_to_6.5,-inf_to_29.85,-inf_to_14.5,-inf_to_31.5,-inf_to_0.7185,28.5_to_inf,All,tested_negative
99.5_to_127.5,-inf_to_6.5,29.85_to_inf,-inf_to_14.5,-inf_to_31.5,-inf_to_0.7185,28.5_to_inf,All,tested_positive
127.5_to_159.5,-inf_to_6.5,29.85_to_inf,121.0_to_inf,-inf_to_31.5,-inf_to_0.7185,28.5_to_inf,All,tested_positive
-inf_to_99.5,-inf_to_6.5,-inf_to_29.85,-inf_to_14.5,-inf_to_31.5,0.7185_to_inf,-inf_to_28.5,All,tested_negative
-inf_to_99.5,-inf_to_6.5,29.85_to_inf,14.5_to_121.0,31.5_to_inf,-inf_to_0.7185,-inf_to_28.5,All,tested_negative
-inf_to_99.5,-inf_to_6.5,-inf_to_29.85,14.5_to_121.0,-inf_to_31.5,-inf_to_0.7185,28.5_to_inf,All,tested_negative
159.5_to_inf,6.5_to_inf,29.85_to_inf,121.0_to_inf,31.5_to_inf,0.7185_to_inf,28.5_to_inf,All,tested_positive
-inf_to_99.5,-inf_to_6.5,29.85_to_inf,-inf_to_14.5,-inf_to_31.5,-inf_to_0.7185,28.5_to_inf,All,tested_negative
127.5_to_159.5,-inf_to_6.5,29.85_to_inf,121.0_to_inf,31.5_to_inf,-inf_to_0.7185,-inf_to_28.5,All,tested_positive
127.5_to_159.5,-inf_to_6.5,29.85_to_inf,-inf_to_14.5,-inf_to_31.5,-inf_to_0.7185,28.5_to_inf,All,tested_negative
127.5_to_159.5,-inf_to_6.5,29.85_to_inf,-inf_to_14.5,-inf_to_31.5,0.7185_to_inf,28.5_to_inf,All,tested_positive
-inf_to_99.5,-inf_to_6.5,-inf_to_29.85,-inf_to_14.5,-inf_to_31.5,-inf_to_0.7185,28.5_to_inf,All,tested_negative
99.5_to_127.5,-inf_to_6.5,29.85_to_inf,14.5_to_121.0,-inf_to_31.5,0.7185_to_inf,-inf_to_28.5,All,tested_negative
-inf_to_99.5,-inf_to_6.5,-inf_to_29.85,14.5_to_121.0,-inf_to_31.5,-inf_to_0.7185,-inf_to_28.5,All,tested_negative
-inf_to_99.5,-inf_to_6.5,-inf_to_29.85,-inf_to_14.5,-inf_to_31.5,-inf_to_0.7185,-inf_to_28.5,All,tested_negative
127.5_to_159.5,-inf_to_6.5,-inf_to_29.85,-inf_to_14.5,-inf_to_31.5,-inf_to_0.7185,28.5_to_inf,All,tested_negative
159.5_to_inf,6.5_to_inf,29.85_to_inf,-inf_to_14.5,-inf_to_31.5,0.7185_to_inf,28.5_to_inf,All,tested_positive
159.5_to_inf,6.5_to_inf,29.85_to_inf,121.0_to_inf,31.5_to_inf,-inf_to_0.7185,28.5_to_inf,All,tested_positive
127.5_to_159.5,-inf_to_6.5,29.85_to_inf,14.5_to_121.0,31.5_to_inf,0.7185_to_inf,28.5_to_inf,All,tested_positive
99.5_to_127.5,6.5_to_inf,-inf_to_29.85,14.5_to_121.0,31.5_to_inf,-inf_to_0.7185,28.5_to_inf,All,tested_positive
127.5_to_159.5,-inf_to_6.5,29.85_to_inf,121.0_to_inf,31.5_to_inf,-inf_to_0.7185,-inf_to_28.5,All,tested_positive
99.5_to_127.5,-inf_to_6.5,-inf_to_29.85,-inf_to_14.5,-inf_to_31.5,-inf_to_0.7185,-inf_to_28.5,All,tested_negative
99.5_to_127.5,6.5_to_inf,29.85_to_inf,14.5_to_121.0,31.5_to_inf,-inf_to_0.7185,28.5_to_inf,All,tested_negative
127.5_to_159.5,6.5_to_inf,29.85_to_inf,-inf_to_14.5,-inf_to_31.5,-inf_to_0.7185,28.5_to_inf,All,tested_positive
-inf_to_99.5,6.5_to_inf,-inf_to_29.85,-inf_to_14.5,-inf_to_31.5,-inf_to_0.7185,28.5_to_inf,All,tested_negative
127.5_to_159.5,-inf_to_6.5,29.85_to_inf,121.0_to_inf,31.5_to_inf,-inf_to_0.7185,28.5_to_inf,All,tested_positive
99.5_to_127.5,-inf_to_6.5,-inf_to_29.85,-inf_to_14.5,-inf_to_31.5,-inf_to_0.7185,-inf_to_28.5,All,tested_negative
99.5_to_127.5,-inf_to_6.5,-inf_to_29.85,14.5_to_121.0,-inf_to_31.5,-inf_to_0.7185,-inf_to_28.5,All,tested_positive
99.5_to_127.5,-inf_to_6.5,29.85_to_inf,14.5_to_121.0,31.5_to_inf,0.7185_to_inf,-inf_to_28.5,All,tested_positive
127.5_to_159.5,-inf_to_6.5,29.85_to_inf,121.0_to_inf,-inf_to_31.5,-inf_to_0.7185,28.5_to_inf,All,tested_positive
127.5_to_159.5,-inf_to_6.5,29.85_to_inf,-inf_to_14.5,-inf_to_31.5,-inf_to_0.7185,-inf_to_28.5,All,tested_negative
99.5_to_127.5,-inf_to_6.5,-inf_to_29.85,-inf_to_14.5,-inf_to_31.5,0.7185_to_inf,28.5_to_inf,All,tested_negative
-inf_to_99.5,-inf_to_6.5,-inf_to_29.85,14.5_to_121.0,-inf_to_31.5,-inf_to_0.7185,-inf_to_28.5,All,tested_negative
99.5_to_127.5,-inf_to_6.5,29.85_to_inf,121.0_to_inf,31.5_to_inf,-inf_to_0.7185,28.5_to_inf,All,tested_negative
99.5_to_127.5,-inf_to_6.5,-inf_to_29.85,-inf_to_14.5,-inf_to_31.5,-inf_to_0.7185,-inf_to_28.5,All,tested_negative
159.5_to_inf,6.5_to_inf,29.85_to_inf,121.0_to_inf,-inf_to_31.5,-inf_to_0.7185,28.5_to_inf,All,tested_positive
159.5_to_inf,-inf_to_6.5,29.85_to_inf,-inf_to_14.5,-inf_to_31.5,-inf_to_0.7185,28.5_to_inf,All,tested_positive
-inf_to_99.5,-inf_to_6.5,29.85_to_inf,14.5_to_121.0,-inf_to_31.5,-inf_to_0.7185,-inf_to_28.5,All,tested_negative
159.5_to_inf,6.5_to_inf,29.85_to_inf,-inf_to_14.5,31.5_to_inf,-inf_to_0.7185,28.5_to_inf,All,tested_positive
-inf_to_99.5,-inf_to_6.5,-inf_to_29.85,-inf_to_14.5,-inf_to_31.5,-inf_to_0.7185,-inf_to_28.5,All,tested_negative
127.5_to_159.5,-inf_to_6.5,29.85_to_inf,-inf_to_14.5,31.5_to_inf,-inf_to_0.7185,-inf_to_28.5,All,tested_negative
159.5_to_inf,6.5_to_inf,29.85_to_inf,-inf_to_14.5,-inf_to_31.5,-inf_to_0.7185,28.5_to_inf,All,tested_negative
127.5_to_159.5,-inf_to_6.5,29.85_to_inf,121.0_to_inf,-inf_to_31.5,-inf_to_0.7185,-inf_to_28.5,All,tested_positive
99.5_to_127.5,6.5_to_inf,29.85_to_inf,121.0_to_inf,31.5_to_inf,-inf_to_0.7185,28.5_to_inf,All,tested_positive
99.5_to_127.5,-inf_to_6.5,29.85_to_inf,121.0_to_inf,31.5_to_inf,-inf_to_0.7185,-inf_to_28.5,All,tested_positive
99.5_to_127.5,-inf_to_6.5,29.85_to_inf,14.5_to_121.0,-inf_to_31.5,-inf_to_0.7185,28.5_to_inf,All,tested_negative
-inf_to_99.5,-inf_to_6.5,-inf_to_29.85,-inf_to_14.5,-inf_to_31.5,0.7185_to_inf,28.5_to_inf,All,tested_positive
99.5_to_127.5,-inf_to_6.5,29.85_to_inf,-inf_to_14.5,-inf_to_31.5,-inf_to_0.7185,28.5_to_inf,All,tested_positive
159.5_to_inf,-inf_to_6.5,29.85_to_inf,121.0_to_inf,-inf_to_31.5,0.7185_to_inf,-inf_to_28.5,All,tested_positive
127.5_to_159.5,-inf_to_6.5,29.85_to_inf,-inf_to_14.5,-inf_to_31.5,0.7185_to_inf,28.5_to_inf,All,tested_positive
99.5_to_127.5,6.5_to_inf,-inf_to_29.85,-inf_to_14.5,-inf_to_31.5,-inf_to_0.7185,28.5_to_inf,All,tested_negative
127.5_to_159.5,6.5_to_inf,-inf_to_29.85,121.0_to_inf,31.5_to_inf,-inf_to_0.7185,28.5_to_inf,All,tested_negative
99.5_to_127.5,-inf_to_6.5,-inf_to_29.85,14.5_to_121.0,-inf_to_31.5,-inf_to_0.7185,-inf_to_28.5,All,tested_negative
99.5_to_127.5,-inf_to_6.5,29.85_to_inf,-inf_to_14.5,-inf_to_31.5,-inf_to_0.7185,-inf_to_28.5,All,tested_negative
159.5_to_inf,-inf_to_6.5,29.85_to_inf,-inf_to_14.5,31.5_to_inf,-inf_to_0.7185,-inf_to_28.5,All,tested_positive
159.5_to_inf,-inf_to_6.5,29.85_to_inf,121.0_to_inf,31.5_to_inf,0.7185_to_inf,28.5_to_inf,All,tested_negative
99.5_to_127.5,-inf_to_6.5,29.85_to_inf,14.5_to_121.0,-inf_to_31.5,-inf_to_0.7185,-inf_to_28.5,All,tested_negative
127.5_to_159.5,-inf_to_6.5,29.85_to_inf,-inf_to_14.5,-inf_to_31.5,-inf_to_0.7185,-inf_to_28.5,All,tested_positive
-inf_to_99.5,-inf_to_6.5,-inf_to_29.85,14.5_to_121.0,-inf_to_31.5,-inf_to_0.7185,-inf_to_28.5,All,tested_negative
99.5_to_127.5,-inf_to_6.5,29.85_to_inf,-inf_to_14.5,-inf_to_31.5,-inf_to_0.7185,28.5_to_inf,All,tested_negative
-inf_to_99.5,-inf_to_6.5,-inf_to_29.85,14.5_to_121.0,-inf_to_31.5,-inf_to_0.7185,-inf_to_28.5,All,tested_negative
159.5_to_inf,-inf_to_6.5,29.85_to_inf,-inf_to_14.5,-inf_to_31.5,-inf_to_0.7185,-inf_to_28.5,All,tested_positive
159.5_to_inf,6.5_to_inf,29.85_to_inf,121.0_to_inf,-inf_to_31.5,-inf_to_0.7185,28.5_to_inf,All,tested_positive
159.5_to_inf,-inf_to_6.5,29.85_to_inf,-inf_to_14.5,-inf_to_31.5,-inf_to_0.7185,-inf_to_28.5,All,tested_positive
159.5_to_inf,6.5_to_inf,29.85_to_inf,-inf_to_14.5,-inf_to_31.5,0.7185_to_inf,28.5_to_inf,All,tested_positive
99.5_to_127.5,-inf_to_6.5,-inf_to_29.85,-inf_to_14.5,-inf_to_31.5,-inf_to_0.7185,-inf_to_28.5,All,tested_negative
-inf_to_99.5,-inf_to_6.5,-inf_to_29.85,-inf_to_14.5,-inf_to_31.5,-inf_to_0.7185,-inf_to_28.5,All,tested_negative
-inf_to_99.5,-inf_to_6.5,29.85_to_inf,14.5_to_121.0,31.5_to_inf,-inf_to_0.7185,-inf_to_28.5,All,tested_negative
127.5_to_159.5,-inf_to_6.5,-inf_to_29.85,-inf_to_14.5,-inf_to_31.5,-inf_to_0.7185,-inf_to_28.5,All,tested_positive
99.5_to_127.5,-inf_to_6.5,-inf_to_29.85,121.0_to_inf,-inf_to_31.5,0.7185_to_inf,28.5_to_inf,All,tested_positive
159.5_to_inf,6.5_to_inf,29.85_to_inf,-inf_to_14.5,-inf_to_31.5,0.7185_to_inf,28.5_to_inf,All,tested_positive
99.5_to_127.5,6.5_to_inf,29.85_to_inf,-inf_to_14.5,-inf_to_31.5,-inf_to_0.7185,28.5_to_inf,All,tested_negative
159.5_to_inf,-inf_to_6.5,29.85_to_inf,121.0_to_inf,31.5_to_inf,-inf_to_0.7185,-inf_to_28.5,All,tested_negative
99.5_to_127.5,-inf_to_6.5,29.85_to_inf,-inf_to_14.5,-inf_to_31.5,-inf_to_0.7185,-inf_to_28.5,All,tested_negative
99.5_to_127.5,6.5_to_inf,29.85_to_inf,-inf_to_14.5,-inf_to_31.5,-inf_to_0.7185,28.5_to_inf,All,tested_negative
127.5_to_159.5,-inf_to_6.5,-inf_to_29.85,-inf_to_14.5,-inf_to_31.5,-inf_to_0.7185,-inf_to_28.5,All,tested_negative
-inf_to_99.5,-inf_to_6.5,-inf_to_29.85,14.5_to_121.0,-inf_to_31.5,-inf_to_0.7185,-inf_to_28.5,All,tested_negative
-inf_to_99.5,-inf_to_6.5,29.85_to_inf,-inf_to_14.5,31.5_to_inf,-inf_to_0.7185,-inf_to_28.5,All,tested_negative
-inf_to_99.5,6.5_to_inf,-inf_to_29.85,121.0_to_inf,-inf_to_31.5,0.7185_to_inf,28.5_to_inf,All,tested_positive
99.5_to_127.5,-inf_to_6.5,29.85_to_inf,-inf_to_14.5,31.5_to_inf,-inf_to_0.7185,-inf_to_28.5,All,tested_positive
99.5_to_127.5,-inf_to_6.5,29.85_to_inf,-inf_to_14.5,31.5_to_inf,-inf_to_0.7185,28.5_to_inf,All,tested_negative
99.5_to_127.5,-inf_to_6.5,-inf_to_29.85,-inf_to_14.5,-inf_to_31.5,-inf_to_0.7185,-inf_to_28.5,All,tested_negative
159.5_to_inf,-inf_to_6.5,-inf_to_29.85,121.0_to_inf,-inf_to_31.5,-inf_to_0.7185,-inf_to_28.5,All,tested_negative
127.5_to_159.5,6.5_to_inf,29.85_to_inf,121.0_to_inf,-inf_to_31.5,0.7185_to_inf,28.5_to_inf,All,tested_positive
127.5_to_159.5,-inf_to_6.5,29.85_to_inf,-inf_to_14.5,-inf_to_31.5,0.7185_to_inf,-inf_to_28.5,All,tested_positive
-inf_to_99.5,-inf_to_6.5,29.85_to_inf,-inf_to_14.5,31.5_to_inf,-inf_to_0.7185,-inf_to_28.5,All,tested_negative
127.5_to_159.5,-inf_to_6.5,29.85_to_inf,-inf_to_14.5,-inf_to_31.5,-inf_to_0.7185,28.5_to_inf,All,tested_negative
99.5_to_127.5,-inf_to_6.5,29.85_to_inf,-inf_to_14.5,-inf_to_31.5,-inf_to_0.7185,28.5_to_inf,All,tested_positive
-inf_to_99.5,-inf_to_6.5,29.85_to_inf,14.5_to_121.0,-inf_to_31.5,0.7185_to_inf,28.5_to_inf,All,tested_negative
127.5_to_159.5,-inf_to_6.5,29.85_to_inf,-inf_to_14.5,31.5_to_inf,0.7185_to_inf,-inf_to_28.5,All,tested_negative
99.5_to_127.5,-inf_to_6.5,-inf_to_29.85,-inf_to_14.5,-inf_to_31.5,-inf_to_0.7185,-inf_to_28.5,All,tested_negative
99.5_to_127.5,6.5_to_inf,29.85_to_inf,-inf_to_14.5,31.5_to_inf,0.7185_to_inf,28.5_to_inf,All,tested_positive
99.5_to_127.5,-inf_to_6.5,-inf_to_29.85,14.5_to_121.0,31.5_to_inf,-inf_to_0.7185,-inf_to_28.5,All,tested_negative
99.5_to_127.5,-inf_to_6.5,-inf_to_29.85,-inf_to_14.5,-inf_to_31.5,-inf_to_0.7185,28.5_to_inf,All,tested_negative
-inf_to_99.5,-inf_to_6.5,29.85_to_inf,14.5_to_121.0,31.5_to_inf,-inf_to_0.7185,-inf_to_28.5,All,tested_negative
99.5_to_127.5,6.5_to_inf,29.85_to_inf,-inf_to_14.5,-inf_to_31.5,-inf_to_0.7185,28.5_to_inf,All,tested_negative
99.5_to_127.5,-inf_to_6.5,29.85_to_inf,14.5_to_121.0,31.5_to_inf,-inf_to_0.7185,-inf_to_28.5,All,tested_negative
99.5_to_127.5,6.5_to_inf,-inf_to_29.85,-inf_to_14.5,-inf_to_31.5,-inf_to_0.7185,28.5_to_inf,All,tested_positive
99.5_to_127.5,-inf_to_6.5,-inf_to_29.85,14.5_to_121.0,-inf_to_31.5,-inf_to_0.7185,-inf_to_28.5,All,tested_negative
99.5_to_127.5,-inf_to_6.5,-inf_to_29.85,-inf_to_14.5,-inf_to_31.5,0.7185_to_inf,28.5_to_inf,All,tested_negative
99.5_to_127.5,-inf_to_6.5,-inf_to_29.85,121.0_to_inf,-inf_to_31.5,0.7185_to_inf,-inf_to_28.5,All,tested_negative
127.5_to_159.5,-inf_to_6.5,29.85_to_inf,-inf_to_14.5,-inf_to_31.5,-inf_to_0.7185,-inf_to_28.5,All,tested_positive
127.5_to_159.5,6.5_to_inf,29.85_to_inf,121.0_to_inf,-inf_to_31.5,-inf_to_0.7185,28.5_to_inf,All,tested_negative
127.5_to_159.5,6.5_to_inf,29.85_to_inf,121.0_to_inf,-inf_to_31.5,-inf_to_0.7185,28.5_to_inf,All,tested_negative
159.5_to_inf,6.5_to_inf,29.85_to_inf,-inf_to_14.5,-inf_to_31.5,-inf_to_0.7185,28.5_to_inf,All,tested_positive
99.5_to_127.5,-inf_to_6.5,-inf_to_29.85,-inf_to_14.5,-inf_to_31.5,-inf_to_0.7185,28.5_to_inf,All,tested_positive
127.5_to_159.5,6.5_to_inf,-inf_to_29.85,121.0_to_inf,-inf_to_31.5,-inf_to_0.7185,28.5_to_inf,All,tested_negative
127.5_to_159.5,-inf_to_6.5,29.85_to_inf,121.0_to_inf,31.5_to_inf,-inf_to_0.7185,28.5_to_inf,All,tested_negative
99.5_to_127.5,-inf_to_6.5,29.85_to_inf,121.0_to_inf,31.5_to_inf,0.7185_to_inf,28.5_to_inf,All,tested_positive
-inf_to_99.5,-inf_to_6.5,-inf_to_29.85,14.5_to_121.0,-inf_to_31.5,-inf_to_0.7185,-inf_to_28.5,All,tested_negative
99.5_to_127.5,-inf_to_6.5,29.85_to_inf,14.5_to_121.0,31.5_to_inf,-inf_to_0.7185,28.5_to_inf,All,tested_negative
-inf_to_99.5,-inf_to_6.5,29.85_to_inf,14.5_to_121.0,-inf_to_31.5,-inf_to_0.7185,-inf_to_28.5,All,tested_negative
99.5_to_127.5,-inf_to_6.5,29.85_to_inf,14.5_to_121.0,-inf_to_31.5,0.7185_to_inf,-inf_to_28.5,All,tested_positive
127.5_to_159.5,-inf_to_6.5,29.85_to_inf,121.0_to_inf,31.5_to_inf,0.7185_to_inf,28.5_to_inf,All,tested_positive
127.5_to_159.5,-inf_to_6.5,29.85_to_inf,121.0_to_inf,31.5_to_inf,-inf_to_0.7185,-inf_to_28.5,All,tested_positive
127.5_to_159.5,-inf_to_6.5,29.85_to_inf,14.5_to_121.0,-inf_to_31.5,-inf_to_0.7185,-inf_to_28.5,All,tested_negative
99.5_to_127.5,6.5_to_inf,29.85_to_inf,121.0_to_inf,-inf_to_31.5,-inf_to_0.7185,28.5_to_inf,All,tested_positive
99.5_to_127.5,6.5_to_inf,-inf_to_29.85,-inf_to_14.5,-inf_to_31.5,0.7185_to_inf,28.5_to_inf,All,tested_negative
159.5_to_inf,-inf_to_6.5,29.85_to_inf,-inf_to_14.5,-inf_to_31.5,0.7185_to_inf,28.5_to_inf,All,tested_positive
127.5_to_159.5,-inf_to_6.5,29.85_to_inf,121.0_to_inf,31.5_to_inf,-inf_to_0.7185,-inf_to_28.5,All,tested_positive
-inf_to_99.5,-inf_to_6.5,29.85_to_inf,14.5_to_121.0,31.5_to_inf,-inf_to_0.7185,28.5_to_inf,All,tested_negative
99.5_to_127.5,-inf_to_6.5,29.85_to_inf,-inf_to_14.5,-inf_to_31.5,-inf_to_0.7185,-inf_to_28.5,All,tested_positive
127.5_to_159.5,-inf_to_6.5,-inf_to_29.85,-inf_to_14.5,-inf_to_31.5,-inf_to_0.7185,28.5_to_inf,All,tested_negative
99.5_to_127.5,-inf_to_6.5,29.85_to_inf,14.5_to_121.0,31.5_to_inf,-inf_to_0.7185,28.5_to_inf,All,tested_negative
159.5_to_inf,6.5_to_inf,-inf_to_29.85,121.0_to_inf,-inf_to_31.5,-inf_to_0.7185,28.5_to_inf,All,tested_positive
127.5_to_159.5,-inf_to_6.5,-inf_to_29.85,121.0_to_inf,-inf_to_31.5,-inf_to_0.7185,-inf_to_28.5,All,tested_negative
127.5_to_159.5,-inf_to_6.5,29.85_to_inf,121.0_to_inf,-inf_to_31.5,0.7185_to_inf,-inf_to_28.5,All,tested_positive
99.5_to_127.5,-inf_to_6.5,29.85_to_inf,121.0_to_inf,-inf_to_31.5,0.7185_to_inf,28.5_to_inf,All,tested_positive
-inf_to_99.5,-inf_to_6.5,-inf_to_29.85,-inf_to_14.5,-inf_to_31.5,-inf_to_0.7185,28.5_to_inf,All,tested_negative
99.5_to_127.5,-inf_to_6.5,29.85_to_inf,121.0_to_inf,31.5_to_inf,-inf_to_0.7185,-inf_to_28.5,All,tested_negative
99.5_to_127.5,-inf_to_6.5,-inf_to_29.85,14.5_to_121.0,-inf_to_31.5,-inf_to_0.7185,-inf_to_28.5,All,tested_negative
99.5_to_127.5,6.5_to_inf,29.85_to_inf,-inf_to_14.5,-inf_to_31.5,0.7185_to_inf,28.5_to_inf,All,tested_positive
99.5_to_127.5,-inf_to_6.5,29.85_to_inf,14.5_to_121.0,-inf_to_31.5,-inf_to_0.7185,-inf_to_28.5,All,tested_negative
-inf_to_99.5,-inf_to_6.5,-inf_to_29.85,14.5_to_121.0,-inf_to_31.5,-inf_to_0.7185,28.5_to_inf,All,tested_negative
159.5_to_inf,-inf_to_6.5,29.85_to_inf,-inf_to_14.5,-inf_to_31.5,-inf_to_0.7185,28.5_to_inf,All,tested_positive
99.5_to_127.5,-inf_to_6.5,29.85_to_inf,121.0_to_inf,31.5_to_inf,-inf_to_0.7185,-inf_to_28.5,All,tested_negative
159.5_to_inf,-inf_to_6.5,-inf_to_29.85,-inf_to_14.5,-inf_to_31.5,-inf_to_0.7185,28.5_to_inf,All,tested_positive
127.5_to_159.5,-inf_to_6.5,-inf_to_29.85,121.0_to_inf,-inf_to_31.5,-inf_to_0.7185,28.5_to_inf,All,tested_negative
99.5_to_127.5,-inf_to_6.5,29.85_to_inf,-inf_to_14.5,-inf_to_31.5,-inf_to_0.7185,-inf_to_28.5,All,tested_positive
127.5_to_159.5,6.5_to_inf,-inf_to_29.85,14.5_to_121.0,31.5_to_inf,0.7185_to_inf,28.5_to_inf,All,tested_positive
99.5_to_127.5,-inf_to_6.5,29.85_to_inf,-inf_to_14.5,31.5_to_inf,-inf_to_0.7185,-inf_to_28.5,All,tested_negative
127.5_to_159.5,-inf_to_6.5,-inf_to_29.85,121.0_to_inf,-inf_to_31.5,-inf_to_0.7185,-inf_to_28.5,All,tested_negative
99.5_to_127.5,-inf_to_6.5,29.85_to_inf,121.0_to_inf,31.5_to_inf,-inf_to_0.7185,28.5_to_inf,All,tested_positive
159.5_to_inf,6.5_to_inf,29.85_to_inf,-inf_to_14.5,-inf_to_31.5,-inf_to_0.7185,28.5_to_inf,All,tested_negative
99.5_to_127.5,-inf_to_6.5,29.85_to_inf,14.5_to_121.0,31.5_to_inf,-inf_to_0.7185,-inf_to_28.5,All,tested_positive
99.5_to_127.5,-inf_to_6.5,29.85_to_inf,14.5_to_121.0,31.5_to_inf,-inf_to_0.7185,28.5_to_inf,All,tested_negative
99.5_to_127.5,6.5_to_inf,-inf_to_29.85,-inf_to_14.5,-inf_to_31.5,0.7185_to_inf,28.5_to_inf,All,tested_negative
-inf_to_99.5,-inf_to_6.5,29.85_to_inf,14.5_to_121.0,-inf_to_31.5,-inf_to_0.7185,-inf_to_28.5,All,tested_negative
159.5_to_inf,-inf_to_6.5,29.85_to_inf,-inf_to_14.5,-inf_to_31.5,-inf_to_0.7185,28.5_to_inf,All,tested_positive
99.5_to_127.5,6.5_to_inf,-inf_to_29.85,-inf_to_14.5,-inf_to_31.5,-inf_to_0.7185,28.5_to_inf,All,tested_negative
-inf_to_99.5,-inf_to_6.5,-inf_to_29.85,14.5_to_121.0,-inf_to_31.5,-inf_to_0.7185,-inf_to_28.5,All,tested_negative
159.5_to_inf,-inf_to_6.5,29.85_to_inf,121.0_to_inf,31.5_to_inf,-inf_to_0.7185,-inf_to_28.5,All,tested_negative
99.5_to_127.5,-inf_to_6.5,29.85_to_inf,-inf_to_14.5,-inf_to_31.5,0.7185_to_inf,28.5_to_inf,All,tested_negative
99.5_to_127.5,-inf_to_6.5,29.85_to_inf,-inf_to_14.5,-inf_to_31.5,-inf_to_0.7185,28.5_to_inf,All,tested_positive
127.5_to_159.5,6.5_to_inf,29.85_to_inf,121.0_to_inf,31.5_to_inf,0.7185_to_inf,28.5_to_inf,All,tested_positive
159.5_to_inf,6.5_to_inf,29.85_to_inf,-inf_to_14.5,-inf_to_31.5,-inf_to_0.7185,28.5_to_inf,All,tested_positive
127.5_to_159.5,-inf_to_6.5,-inf_to_29.85,14.5_to_121.0,-inf_to_31.5,-inf_to_0.7185,-inf_to_28.5,All,tested_negative
-inf_to_99.5,-inf_to_6.5,-inf_to_29.85,14.5_to_121.0,-inf_to_31.5,-inf_to_0.7185,28.5_to_inf,All,tested_negative
-inf_to_99.5,-inf_to_6.5,29.85_to_inf,-inf_to_14.5,31.5_to_inf,-inf_to_0.7185,-inf_to_28.5,All,tested_negative
99.5_to_127.5,-inf_to_6.5,29.85_to_inf,-inf_to_14.5,-inf_to_31.5,-inf_to_0.7185,28.5_to_inf,All,tested_negative
-inf_to_99.5,6.5_to_inf,29.85_to_inf,-inf_to_14.5,-inf_to_31.5,-inf_to_0.7185,28.5_to_inf,All,tested_negative
99.5_to_127.5,6.5_to_inf,29.85_to_inf,14.5_to_121.0,31.5_to_inf,-inf_to_0.7185,28.5_to_inf,All,tested_negative
127.5_to_159.5,-inf_to_6.5,-inf_to_29.85,14.5_to_121.0,-inf_to_31.5,-inf_to_0.7185,-inf_to_28.5,All,tested_negative
99.5_to_127.5,-inf_to_6.5,-inf_to_29.85,-inf_to_14.5,-inf_to_31.5,-inf_to_0.7185,-inf_to_28.5,All,tested_negative
-inf_to_99.5,-inf_to_6.5,-inf_to_29.85,14.5_to_121.0,-inf_to_31.5,-inf_to_0.7185,-inf_to_28.5,All,tested_negative
-inf_to_99.5,-inf_to_6.5,29.85_to_inf,-inf_to_14.5,31.5_to_inf,-inf_to_0.7185,28.5_to_inf,All,tested_positive
-inf_to_99.5,-inf_to_6.5,29.85_to_inf,-inf_to_14.5,-inf_to_31.5,-inf_to_0.7185,28.5_to_inf,All,tested_negative
127.5_to_159.5,-inf_to_6.5,29.85_to_inf,-inf_to_14.5,-inf_to_31.5,-inf_to_0.7185,28.5_to_inf,All,tested_negative
-inf_to_99.5,-inf_to_6.5,29.85_to_inf,-inf_to_14.5,-inf_to_31.5,-inf_to_0.7185,28.5_to_inf,All,tested_negative
-inf_to_99.5,-inf_to_6.5,-inf_to_29.85,14.5_to_121.0,-inf_to_31.5,-inf_to_0.7185,-inf_to_28.5,All,tested_negative
-inf_to_99.5,-inf_to_6.5,29.85_to_inf,-inf_to_14.5,-inf_to_31.5,-inf_to_0.7185,-inf_to_28.5,All,tested_negative
99.5_to_127.5,-inf_to_6.5,29.85_to_inf,121.0_to_inf,31.5_to_inf,0.7185_to_inf,-inf_to_28.5,All,tested_positive
127.5_to_159.5,6.5_to_inf,29.85_to_inf,-inf_to_14.5,-inf_to_31.5,-inf_to_0.7185,28.5_to_inf,All,tested_positive
-inf_to_99.5,6.5_to_inf,29.85_to_inf,14.5_to_121.0,31.5_to_inf,-inf_to_0.7185,28.5_to_inf,All,tested_negative
159.5_to_inf,-inf_to_6.5,29.85_to_inf,121.0_to_inf,31.5_to_inf,0.7185_to_inf,28.5_to_inf,All,tested_positive
159.5_to_inf,-inf_to_6.5,29.85_to_inf,121.0_to_inf,31.5_to_inf,-inf_to_0.7185,28.5_to_inf,All,tested_positive
127.5_to_159.5,-inf_to_6.5,-inf_to_29.85,-inf_to_14.5,-inf_to_31.5,-inf_to_0.7185,28.5_to_inf,All,tested_negative
99.5_to_127.5,-inf_to_6.5,29.85_to_inf,-inf_to_14.5,31.5_to_inf,-inf_to_0.7185,28.5_to_inf,All,tested_negative
127.5_to_159.5,-inf_to_6.5,29.85_to_inf,-inf_to_14.5,-inf_to_31.5,-inf_to_0.7185,28.5_to_inf,All,tested_positive
127.5_to_159.5,-inf_to_6.5,29.85_to_inf,121.0_to_inf,-inf_to_31.5,-inf_to_0.7185,28.5_to_inf,All,tested_negative
-inf_to_99.5,-inf_to_6.5,29.85_to_inf,14.5_to_121.0,-inf_to_31.5,-inf_to_0.7185,28.5_to_inf,All,tested_negative
99.5_to_127.5,-inf_to_6.5,-inf_to_29.85,-inf_to_14.5,-inf_to_31.5,-inf_to_0.7185,28.5_to_inf,All,tested_positive
-inf_to_99.5,-inf_to_6.5,-inf_to_29.85,14.5_to_121.0,-inf_to_31.5,-inf_to_0.7185,-inf_to_28.5,All,tested_negative
127.5_to_159.5,-inf_to_6.5,29.85_to_inf,121.0_to_inf,-inf_to_31.5,-inf_to_0.7185,28.5_to_inf,All,tested_positive
159.5_to_inf,-inf_to_6.5,29.85_to_inf,121.0_to_inf,31.5_to_inf,0.7185_to_inf,-inf_to_28.5,All,tested_positive
-inf_to_99.5,-inf_to_6.5,29.85_to_inf,14.5_to_121.0,-inf_to_31.5,-inf_to_0.7185,-inf_to_28.5,All,tested_negative
99.5_to_127.5,-inf_to_6.5,29.85_to_inf,14.5_to_121.0,31.5_to_inf,-inf_to_0.7185,-inf_to_28.5,All,tested_negative
99.5_to_127.5,-inf_to_6.5,29.85_to_inf,121.0_to_inf,31.5_to_inf,0.7185_to_inf,-inf_to_28.5,All,tested_negative
127.5_to_159.5,6.5_to_inf,29.85_to_inf,121.0_to_inf,31.5_to_inf,-inf_to_0.7185,28.5_to_inf,All,tested_positive
-inf_to_99.5,-inf_to_6.5,-inf_to_29.85,14.5_to_121.0,-inf_to_31.5,-inf_to_0.7185,-inf_to_28.5,All,tested_negative
-inf_to_99.5,-inf_to_6.5,29.85_to_inf,14.5_to_121.0,31.5_to_inf,-inf_to_0.7185,-inf_to_28.5,All,tested_negative
127.5_to_159.5,-inf_to_6.5,29.85_to_inf,-inf_to_14.5,-inf_to_31.5,-inf_to_0.7185,28.5_to_inf,All,tested_positive
-inf_to_99.5,-inf_to_6.5,29.85_to_inf,14.5_to_121.0,31.5_to_inf,0.7185_to_inf,28.5_to_inf,All,tested_negative
99.5_to_127.5,-inf_to_6.5,29.85_to_inf,14.5_to_121.0,-inf_to_31.5,0.7185_to_inf,-inf_to_28.5,All,tested_negative
99.5_to_127.5,-inf_to_6.5,-inf_to_29.85,-inf_to_14.5,-inf_to_31.5,-inf_to_0.7185,-inf_to_28.5,All,tested_negative
-inf_to_99.5,-inf_to_6.5,-inf_to_29.85,14.5_to_121.0,-inf_to_31.5,0.7185_to_inf,-inf_to_28.5,All,tested_negative
99.5_to_127.5,-inf_to_6.5,-inf_to_29.85,14.5_to_121.0,-inf_to_31.5,-inf_to_0.7185,-inf_to_28.5,All,tested_negative
99.5_to_127.5,-inf_to_6.5,-inf_to_29.85,14.5_to_121.0,-inf_to_31.5,-inf_to_0.7185,-inf_to_28.5,All,tested_negative
99.5_to_127.5,-inf_to_6.5,29.85_to_inf,-inf_to_14.5,-inf_to_31.5,-inf_to_0.7185,28.5_to_inf,All,tested_positive
99.5_to_127.5,6.5_to_inf,29.85_to_inf,-inf_to_14.5,31.5_to_inf,-inf_to_0.7185,28.5_to_inf,All,tested_positive
127.5_to_159.5,-inf_to_6.5,29.85_to_inf,121.0_to_inf,-inf_to_31.5,-inf_to_0.7185,28.5_to_inf,All,tested_positive
99.5_to_127.5,-inf_to_6.5,29.85_to_inf,14.5_to_121.0,-inf_to_31.5,0.7185_to_inf,-inf_to_28.5,All,tested_negative
99.5_to_127.5,-inf_to_6.5,29.85_to_inf,121.0_to_inf,-inf_to_31.5,-inf_to_0.7185,28.5_to_inf,All,tested_negative
159.5_to_inf,-inf_to_6.5,29.85_to_inf,-inf_to_14.5,-inf_to_31.5,-inf_to_0.7185,-inf_to_28.5,All,tested_positive
127.5_to_159.5,-inf_to_6.5,-inf_to_29.85,121.0_to_inf,-inf_to_31.5,-inf_to_0.7185,-inf_to_28.5,All,tested_negative
99.5_to_127.5,-inf_to_6.5,-inf_to_29.85,14.5_to_121.0,-inf_to_31.5,-inf_to_0.7185,28.5_to_inf,All,tested_negative
127.5_to_159.5,-inf_to_6.5,29.85_to_inf,-inf_to_14.5,-inf_to_31.5,0.7185_to_inf,28.5_to_inf,All,tested_positive
99.5_to_127.5,-inf_to_6.5,-inf_to_29.85,121.0_to_inf,-inf_to_31.5,0.7185_to_inf,-inf_to_28.5,All,tested_negative
-inf_to_99.5,-inf_to_6.5,-inf_to_29.85,14.5_to_121.0,31.5_to_inf,0.7185_to_inf,28.5_to_inf,All,tested_negative
127.5_to_159.5,-inf_to_6.5,29.85_to_inf,-inf_to_14.5,31.5_to_inf,-inf_to_0.7185,-inf_to_28.5,All,tested_positive
-inf_to_99.5,-inf_to_6.5,-inf_to_29.85,-inf_to_14.5,-inf_to_31.5,-inf_to_0.7185,-inf_to_28.5,All,tested_negative
159.5_to_inf,-inf_to_6.5,29.85_to_inf,-inf_to_14.5,-inf_to_31.5,-inf_to_0.7185,-inf_to_28.5,All,tested_positive
-inf_to_99.5,-inf_to_6.5,29.85_to_inf,-inf_to_14.5,-inf_to_31.5,-inf_to_0.7185,28.5_to_inf,All,tested_positive
127.5_to_159.5,-inf_to_6.5,29.85_to_inf,14.5_to_121.0,31.5_to_inf,-inf_to_0.7185,28.5_to_inf,All,tested_positive
-inf_to_99.5,6.5_to_inf,29.85_to_inf,-inf_to_14.5,-inf_to_31.5,-inf_to_0.7185,28.5_to_inf,All,tested_negative
159.5_to_inf,-inf_to_6.5,29.85_to_inf,-inf_to_14.5,-inf_to_31.5,-inf_to_0.7185,28.5_to_inf,All,tested_positive
99.5_to_127.5,-inf_to_6.5,29.85_to_inf,121.0_to_inf,31.5_to_inf,-inf_to_0.7185,-inf_to_28.5,All,tested_negative
99.5_to_127.5,-inf_to_6.5,-inf_to_29.85,-inf_to_14.5,-inf_to_31.5,-inf_to_0.7185,-inf_to_28.5,All,tested_negative
159.5_to_inf,6.5_to_inf,-inf_to_29.85,-inf_to_14.5,-inf_to_31.5,0.7185_to_inf,28.5_to_inf,All,tested_positive
159.5_to_inf,-inf_to_6.5,29.85_to_inf,121.0_to_inf,31.5_to_inf,-inf_to_0.7185,-inf_to_28.5,All,tested_positive
99.5_to_127.5,-inf_to_6.5,29.85_to_inf,-inf_to_14.5,31.5_to_inf,-inf_to_0.7185,-inf_to_28.5,All,tested_negative
99.5_to_127.5,-inf_to_6.5,29.85_to_inf,121.0_to_inf,-inf_to_31.5,-inf_to_0.7185,-inf_to_28.5,All,tested_negative
127.5_to_159.5,-inf_to_6.5,29.85_to_inf,121.0_to_inf,-inf_to_31.5,0.7185_to_inf,-inf_to_28.5,All,tested_negative
127.5_to_159.5,-inf_to_6.5,-inf_to_29.85,14.5_to_121.0,-inf_to_31.5,-inf_to_0.7185,-inf_to_28.5,All,tested_negative
127.5_to_159.5,-inf_to_6.5,29.85_to_inf,121.0_to_inf,31.5_to_inf,-inf_to_0.7185,-inf_to_28.5,All,tested_positive
159.5_to_inf,-inf_to_6.5,29.85_to_inf,121.0_to_inf,31.5_to_inf,-inf_to_0.7185,-inf_to_28.5,All,tested_positive
-inf_to_99.5,-inf_to_6.5,-inf_to_29.85,-inf_to_14.5,-inf_to_31.5,0.7185_to_inf,-inf_to_28.5,All,tested_negative
127.5_to_159.5,-inf_to_6.5,29.85_to_inf,-inf_to_14.5,31.5_to_inf,-inf_to_0.7185,28.5_to_inf,All,tested_positive
-inf_to_99.5,-inf_to_6.5,-inf_to_29.85,-inf_to_14.5,-inf_to_31.5,-inf_to_0.7185,-inf_to_28.5,All,tested_negative
-inf_to_99.5,-inf_to_6.5,-inf_to_29.85,14.5_to_121.0,-inf_to_31.5,-inf_to_0.7185,-inf_to_28.5,All,tested_negative
99.5_to_127.5,-inf_to_6.5,29.85_to_inf,-inf_to_14.5,-inf_to_31.5,-inf_to_0.7185,-inf_to_28.5,All,tested_negative
127.5_to_159.5,6.5_to_inf,29.85_to_inf,121.0_to_inf,31.5_to_inf,-inf_to_0.7185,28.5_to_inf,All,tested_positive
159.5_to_inf,-inf_to_6.5,29.85_to_inf,121.0_to_inf,31.5_to_inf,-inf_to_0.7185,28.5_to_inf,All,tested_positive
-inf_to_99.5,-inf_to_6.5,-inf_to_29.85,-inf_to_14.5,-inf_to_31.5,-inf_to_0.7185,-inf_to_28.5,All,tested_negative
159.5_to_inf,-inf_to_6.5,29.85_to_inf,121.0_to_inf,-inf_to_31.5,-inf_to_0.7185,28.5_to_inf,All,tested_positive
127.5_to_159.5,-inf_to_6.5,29.85_to_inf,121.0_to_inf,31.5_to_inf,-inf_to_0.7185,-inf_to_28.5,All,tested_negative
-inf_to_99.5,-inf_to_6.5,-inf_to_29.85,-inf_to_14.5,-inf_to_31.5,-inf_to_0.7185,-inf_to_28.5,All,tested_negative
-inf_to_99.5,-inf_to_6.5,29.85_to_inf,14.5_to_121.0,-inf_to_31.5,-inf_to_0.7185,28.5_to_inf,All,tested_negative
-inf_to_99.5,-inf_to_6.5,29.85_to_inf,14.5_to_121.0,-inf_to_31.5,-inf_to_0.7185,-inf_to_28.5,All,tested_negative
127.5_to_159.5,-inf_to_6.5,-inf_to_29.85,-inf_to_14.5,-inf_to_31.5,-inf_to_0.7185,28.5_to_inf,All,tested_negative
-inf_to_99.5,-inf_to_6.5,-inf_to_29.85,-inf_to_14.5,-inf_to_31.5,0.7185_to_inf,28.5_to_inf,All,tested_negative
127.5_to_159.5,-inf_to_6.5,29.85_to_inf,-inf_to_14.5,-inf_to_31.5,-inf_to_0.7185,28.5_to_inf,All,tested_positive
127.5_to_159.5,-inf_to_6.5,29.85_to_inf,-inf_to_14.5,-inf_to_31.5,-inf_to_0.7185,-inf_to_28.5,All,tested_negative
-inf_to_99.5,-inf_to_6.5,-inf_to_29.85,-inf_to_14.5,-inf_to_31.5,-inf_to_0.7185,-inf_to_28.5,All,tested_negative
99.5_to_127.5,-inf_to_6.5,29.85_to_inf,-inf_to_14.5,-inf_to_31.5,0.7185_to_inf,28.5_to_inf,All,tested_negative
159.5_to_inf,-inf_to_6.5,29.85_to_inf,-inf_to_14.5,-inf_to_31.5,-inf_to_0.7185,28.5_to_inf,All,tested_positive
-inf_to_99.5,-inf_to_6.5,29.85_to_inf,14.5_to_121.0,-inf_to_31.5,-inf_to_0.7185,-inf_to_28.5,All,tested_negative
99.5_to_127.5,-inf_to_6.5,29.85_to_inf,14.5_to_121.0,-inf_to_31.5,-inf_to_0.7185,-inf_to_28.5,All,tested_negative
99.5_to_127.5,6.5_to_inf,29.85_to_inf,-inf_to_14.5,-inf_to_31.5,0.7185_to_inf,28.5_to_inf,All,tested_positive
99.5_to_127.5,-inf_to_6.5,-inf_to_29.85,-inf_to_14.5,-inf_to_31.5,-inf_to_0.7185,28.5_to_inf,All,tested_positive
159.5_to_inf,-inf_to_6.5,29.85_to_inf,-inf_to_14.5,31.5_to_inf,0.7185_to_inf,-inf_to_28.5,All,tested_positive
-inf_to_99.5,-inf_to_6.5,29.85_to_inf,14.5_to_121.0,31.5_to_inf,-inf_to_0.7185,-inf_to_28.5,All,tested_negative
99.5_to_127.5,-inf_to_6.5,29.85_to_inf,14.5_to_121.0,31.5_to_inf,-inf_to_0.7185,-inf_to_28.5,All,tested_positive
99.5_to_127.5,-inf_to_6.5,29.85_to_inf,14.5_to_121.0,-inf_to_31.5,-inf_to_0.7185,-inf_to_28.5,All,tested_negative
-inf_to_99.5,-inf_to_6.5,-inf_to_29.85,14.5_to_121.0,-inf_to_31.5,-inf_to_0.7185,-inf_to_28.5,All,tested_negative
127.5_to_159.5,-inf_to_6.5,-inf_to_29.85,-inf_to_14.5,-inf_to_31.5,-inf_to_0.7185,-inf_to_28.5,All,tested_positive
-inf_to_99.5,-inf_to_6.5,29.85_to_inf,121.0_to_inf,31.5_to_inf,-inf_to_0.7185,-inf_to_28.5,All,tested_negative
99.5_to_127.5,-inf_to_6.5,29.85_to_inf,14.5_to_121.0,-inf_to_31.5,-inf_to_0.7185,-inf_to_28.5,All,tested_negative
159.5_to_inf,6.5_to_inf,29.85_to_inf,-inf_to_14.5,-inf_to_31.5,-inf_to_0.7185,28.5_to_inf,All,tested_positive
127.5_to_159.5,-inf_to_6.5,-inf_to_29.85,-inf_to_14.5,-inf_to_31.5,-inf_to_0.7185,28.5_to_inf,All,tested_negative
-inf_to_99.5,-inf_to_6.5,29.85_to_inf,14.5_to_121.0,-inf_to_31.5,-inf_to_0.7185,-inf_to_28.5,All,tested_negative
127.5_to_159.5,6.5_to_inf,29.85_to_inf,121.0_to_inf,31.5_to_inf,0.7185_to_inf,28.5_to_inf,All,tested_positive
127.5_to_159.5,6.5_to_inf,-inf_to_29.85,14.5_to_121.0,31.5_to_inf,-inf_to_0.7185,28.5_to_inf,All,tested_negative
99.5_to_127.5,6.5_to_inf,-inf_to_29.85,14.5_to_121.0,-inf_to_31.5,0.7185_to_inf,28.5_to_inf,All,tested_negative
-inf_to_99.5,-inf_to_6.5,-inf_to_29.85,-inf_to_14.5,-inf_to_31.5,-inf_to_0.7185,28.5_to_inf,All,tested_negative
99.5_to_127.5,6.5_to_inf,-inf_to_29.85,-inf_to_14.5,-inf_to_31.5,0.7185_to_inf,28.5_to_inf,All,tested_negative
99.5_to_127.5,-inf_to_6.5,-inf_to_29.85,14.5_to_121.0,-inf_to_31.5,-inf_to_0.7185,-inf_to_28.5,All,tested_negative
-inf_to_99.5,-inf_to_6.5,-inf_to_29.85,14.5_to_121.0,-inf_to_31.5,-inf_to_0.7185,-inf_to_28.5,All,tested_negative
-inf_to_99.5,-inf_to_6.5,29.85_to_inf,14.5_to_121.0,31.5_to_inf,-inf_to_0.7185,-inf_to_28.5,All,tested_negative
99.5_to_127.5,6.5_to_inf,29.85_to_inf,-inf_to_14.5,-inf_to_31.5,-inf_to_0.7185,28.5_to_inf,All,tested_positive
127.5_to_159.5,-inf_to_6.5,29.85_to_inf,121.0_to_inf,31.5_to_inf,-inf_to_0.7185,-inf_to_28.5,All,tested_negative
127.5_to_159.5,-inf_to_6.5,29.85_to_inf,-inf_to_14.5,31.5_to_inf,-inf_to_0.7185,-inf_to_28.5,All,tested_negative
127.5_to_159.5,6.5_to_inf,29.85_to_inf,-inf_to_14.5,-inf_to_31.5,-inf_to_0.7185,28.5_to_inf,All,tested_negative
99.5_to_127.5,-inf_to_6.5,-inf_to_29.85,-inf_to_14.5,-inf_to_31.5,-inf_to_0.7185,-inf_to_28.5,All,tested_negative
127.5_to_159.5,-inf_to_6.5,-inf_to_29.85,-inf_to_14.5,-inf_to_31.5,-inf_to_0.7185,28.5_to_inf,All,tested_negative
99.5_to_127.5,-inf_to_6.5,29.85_to_inf,121.0_to_inf,31.5_to_inf,-inf_to_0.7185,28.5_to_inf,All,tested_positive
99.5_to_127.5,6.5_to_inf,-inf_to_29.85,14.5_to_121.0,-inf_to_31.5,-inf_to_0.7185,28.5_to_inf,All,tested_negative
99.5_to_127.5,6.5_to_inf,-inf_to_29.85,14.5_to_121.0,31.5_to_inf,-inf_to_0.7185,28.5_to_inf,All,tested_negative
127.5_to_159.5,-inf_to_6.5,-inf_to_29.85,-inf_to_14.5,-inf_to_31.5,-inf_to_0.7185,28.5_to_inf,All,tested_negative
99.5_to_127.5,-inf_to_6.5,29.85_to_inf,-inf_to_14.5,31.5_to_inf,-inf_to_0.7185,28.5_to_inf,All,tested_negative
-inf_to_99.5,-inf_to_6.5,-inf_to_29.85,14.5_to_121.0,-inf_to_31.5,-inf_to_0.7185,-inf_to_28.5,All,tested_negative
-inf_to_99.5,-inf_to_6.5,29.85_to_inf,121.0_to_inf,-inf_to_31.5,-inf_to_0.7185,-inf_to_28.5,All,tested_negative
127.5_to_159.5,-inf_to_6.5,29.85_to_inf,-inf_to_14.5,-inf_to_31.5,-inf_to_0.7185,28.5_to_inf,All,tested_positive
127.5_to_159.5,-inf_to_6.5,29.85_to_inf,121.0_to_inf,31.5_to_inf,-inf_to_0.7185,-inf_to_28.5,All,tested_positive
127.5_to_159.5,-inf_to_6.5,29.85_to_inf,121.0_to_inf,31.5_to_inf,-inf_to_0.7185,-inf_to_28.5,All,tested_negative
-inf_to_99.5,-inf_to_6.5,-inf_to_29.85,-inf_to_14.5,-inf_to_31.5,-inf_to_0.7185,-inf_to_28.5,All,tested_negative
159.5_to_inf,6.5_to_inf,-inf_to_29.85,-inf_to_14.5,-inf_to_31.5,-inf_to_0.7185,28.5_to_inf,All,tested_negative
-inf_to_99.5,-inf_to_6.5,29.85_to_inf,14.5_to_121.0,-inf_to_31.5,-inf_to_0.7185,-inf_to_28.5,All,tested_negative
-inf_to_99.5,-inf_to_6.5,29.85_to_inf,-inf_to_14.5,-inf_to_31.5,-inf_to_0.7185,28.5_to_inf,All,tested_negative
-inf_to_99.5,-inf_to_6.5,29.85_to_inf,-inf_to_14.5,31.5_to_inf,-inf_to_0.7185,28.5_to_inf,All,tested_negative
99.5_to_127.5,-inf_to_6.5,-inf_to_29.85,121.0_to_inf,-inf_to_31.5,0.7185_to_inf,28.5_to_inf,All,tested_positive
159.5_to_inf,-inf_to_6.5,-inf_to_29.85,-inf_to_14.5,-inf_to_31.5,-inf_to_0.7185,28.5_to_inf,All,tested_negative
-inf_to_99.5,-inf_to_6.5,29.85_to_inf,14.5_to_121.0,-inf_to_31.5,-inf_to_0.7185,-inf_to_28.5,All,tested_negative
159.5_to_inf,6.5_to_inf,-inf_to_29.85,121.0_to_inf,31.5_to_inf,-inf_to_0.7185,28.5_to_inf,All,tested_positive
99.5_to_127.5,-inf_to_6.5,-inf_to_29.85,14.5_to_121.0,-inf_to_31.5,-inf_to_0.7185,-inf_to_28.5,All,tested_negative
-inf_to_99.5,-inf_to_6.5,29.85_to_inf,-inf_to_14.5,31.5_to_inf,-inf_to_0.7185,-inf_to_28.5,All,tested_negative
-inf_to_99.5,-inf_to_6.5,29.85_to_inf,-inf_to_14.5,31.5_to_inf,0.7185_to_inf,28.5_to_inf,All,tested_positive
-inf_to_99.5,6.5_to_inf,29.85_to_inf,14.5_to_121.0,-inf_to_31.5,0.7185_to_inf,28.5_to_inf,All,tested_negative
-inf_to_99.5,-inf_to_6.5,29.85_to_inf,-inf_to_14.5,31.5_to_inf,-inf_to_0.7185,28.5_to_inf,All,tested_negative
-inf_to_99.5,6.5_to_inf,29.85_to_inf,-inf_to_14.5,-inf_to_31.5,-inf_to_0.7185,28.5_to_inf,All,tested_negative
159.5_to_inf,-inf_to_6.5,29.85_to_inf,14.5_to_121.0,-inf_to_31.5,-inf_to_0.7185,28.5_to_inf,All,tested_positive
127.5_to_159.5,-inf_to_6.5,-inf_to_29.85,121.0_to_inf,-inf_to_31.5,-inf_to_0.7185,-inf_to_28.5,All,tested_negative
-inf_to_99.5,-inf_to_6.5,29.85_to_inf,14.5_to_121.0,-inf_to_31.5,0.7185_to_inf,-inf_to_28.5,All,tested_negative
99.5_to_127.5,6.5_to_inf,-inf_to_29.85,-inf_to_14.5,-inf_to_31.5,-inf_to_0.7185,28.5_to_inf,All,tested_negative
127.5_to_159.5,-inf_to_6.5,-inf_to_29.85,121.0_to_inf,-inf_to_31.5,-inf_to_0.7185,-inf_to_28.5,All,tested_negative
-inf_to_99.5,6.5_to_inf,-inf_to_29.85,-inf_to_14.5,-inf_to_31.5,-inf_to_0.7185,28.5_to_inf,All,tested_negative
-inf_to_99.5,-inf_to_6.5,-inf_to_29.85,14.5_to_121.0,-inf_to_31.5,-inf_to_0.7185,-inf_to_28.5,All,tested_negative
159.5_to_inf,-inf_to_6.5,29.85_to_inf,14.5_to_121.0,-inf_to_31.5,-inf_to_0.7185,-inf_to_28.5,All,tested_positive
127.5_to_159.5,6.5_to_inf,29.85_to_inf,121.0_to_inf,31.5_to_inf,0.7185_to_inf,28.5_to_inf,All,tested_positive
99.5_to_127.5,6.5_to_inf,29.85_to_inf,-inf_to_14.5,-inf_to_31.5,-inf_to_0.7185,28.5_to_inf,All,tested_negative
-inf_to_99.5,6.5_to_inf,29.85_to_inf,-inf_to_14.5,-inf_to_31.5,-inf_to_0.7185,28.5_to_inf,All,tested_negative
127.5_to_159.5,-inf_to_6.5,-inf_to_29.85,121.0_to_inf,-inf_to_31.5,-inf_to_0.7185,28.5_to_inf,All,tested_negative
-inf_to_99.5,-inf_to_6.5,-inf_to_29.85,14.5_to_121.0,31.5_to_inf,-inf_to_0.7185,-inf_to_28.5,All,tested_negative
99.5_to_127.5,-inf_to_6.5,29.85_to_inf,121.0_to_inf,31.5_to_inf,-inf_to_0.7185,-inf_to_28.5,All,tested_negative
99.5_to_127.5,-inf_to_6.5,-inf_to_29.85,-inf_to_14.5,-inf_to_31.5,-inf_to_0.7185,-inf_to_28.5,All,tested_negative
127.5_to_159.5,6.5_to_inf,29.85_to_inf,-inf_to_14.5,-inf_to_31.5,-inf_to_0.7185,28.5_to_inf,All,tested_positive
99.5_to_127.5,-inf_to_6.5,29.85_to_inf,-inf_to_14.5,-inf_to_31.5,-inf_to_0.7185,-inf_to_28.5,All,tested_negative
-inf_to_99.5,-inf_to_6.5,-inf_to_29.85,-inf_to_14.5,-inf_to_31.5,-inf_to_0.7185,-inf_to_28.5,All,tested_negative
-inf_to_99.5,-inf_to_6.5,-inf_to_29.85,14.5_to_121.0,-inf_to_31.5,-inf_to_0.7185,-inf_to_28.5,All,tested_negative
99.5_to_127.5,-inf_to_6.5,29.85_to_inf,121.0_to_inf,-inf_to_31.5,-inf_to_0.7185,-inf_to_28.5,All,tested_negative
99.5_to_127.5,-inf_to_6.5,-inf_to_29.85,-inf_to_14.5,-inf_to_31.5,-inf_to_0.7185,28.5_to_inf,All,tested_negative
99.5_to_127.5,-inf_to_6.5,-inf_to_29.85,14.5_to_121.0,-inf_to_31.5,-inf_to_0.7185,-inf_to_28.5,All,tested_negative
99.5_to_127.5,-inf_to_6.5,29.85_to_inf,-inf_to_14.5,-inf_to_31.5,-inf_to_0.7185,-inf_to_28.5,All,tested_negative
-inf_to_99.5,-inf_to_6.5,29.85_to_inf,14.5_to_121.0,31.5_to_inf,0.7185_to_inf,28.5_to_inf,All,tested_negative
-inf_to_99.5,-inf_to_6.5,-inf_to_29.85,-inf_to_14.5,-inf_to_31.5,-inf_to_0.7185,28.5_to_inf,All,tested_negative
-inf_to_99.5,-inf_to_6.5,29.85_to_inf,14.5_to_121.0,-inf_to_31.5,0.7185_to_inf,-inf_to_28.5,All,tested_negative
127.5_to_159.5,-inf_to_6.5,29.85_to_inf,-inf_to_14.5,-inf_to_31.5,-inf_to_0.7185,-inf_to_28.5,All,tested_positive
99.5_to_127.5,-inf_to_6.5,-inf_to_29.85,-inf_to_14.5,-inf_to_31.5,-inf_to_0.7185,28.5_to_inf,All,tested_negative
-inf_to_99.5,-inf_to_6.5,-inf_to_29.85,-inf_to_14.5,-inf_to_31.5,0.7185_to_inf,28.5_to_inf,All,tested_negative
99.5_to_127.5,-inf_to_6.5,29.85_to_inf,121.0_to_inf,31.5_to_inf,0.7185_to_inf,-inf_to_28.5,All,tested_negative
127.5_to_159.5,-inf_to_6.5,29.85_to_inf,121.0_to_inf,31.5_to_inf,0.7185_to_inf,28.5_to_inf,All,tested_positive
99.5_to_127.5,6.5_to_inf,29.85_to_inf,121.0_to_inf,31.5_to_inf,-inf_to_0.7185,28.5_to_inf,All,tested_positive
127.5_to_159.5,-inf_to_6.5,29.85_to_inf,121.0_to_inf,-inf_to_31.5,-inf_to_0.7185,-inf_to_28.5,All,tested_positive
-inf_to_99.5,6.5_to_inf,29.85_to_inf,-inf_to_14.5,31.5_to_inf,0.7185_to_inf,28.5_to_inf,All,tested_positive
-inf_to_99.5,-inf_to_6.5,29.85_to_inf,14.5_to_121.0,-inf_to_31.5,-inf_to_0.7185,-inf_to_28.5,All,tested_negative
-inf_to_99.5,-inf_to_6.5,29.85_to_inf,14.5_to_121.0,-inf_to_31.5,-inf_to_0.7185,28.5_to_inf,All,tested_negative
159.5_to_inf,6.5_to_inf,29.85_to_inf,121.0_to_inf,31.5_to_inf,-inf_to_0.7185,28.5_to_inf,All,tested_positive
159.5_to_inf,-inf_to_6.5,29.85_to_inf,121.0_to_inf,-inf_to_31.5,0.7185_to_inf,28.5_to_inf,All,tested_positive
159.5_to_inf,-inf_to_6.5,29.85_to_inf,14.5_to_121.0,31.5_to_inf,-inf_to_0.7185,28.5_to_inf,All,tested_negative
159.5_to_inf,-inf_to_6.5,-inf_to_29.85,-inf_to_14.5,-inf_to_31.5,-inf_to_0.7185,28.5_to_inf,All,tested_negative
99.5_to_127.5,-inf_to_6.5,-inf_to_29.85,-inf_to_14.5,-inf_to_31.5,-inf_to_0.7185,-inf_to_28.5,All,tested_negative
-inf_to_99.5,-inf_to_6.5,29.85_to_inf,14.5_to_121.0,-inf_to_31.5,-inf_to_0.7185,-inf_to_28.5,All,tested_negative
99.5_to_127.5,-inf_to_6.5,-inf_to_29.85,-inf_to_14.5,-inf_to_31.5,-inf_to_0.7185,28.5_to_inf,All,tested_negative
-inf_to_99.5,-inf_to_6.5,29.85_to_inf,14.5_to_121.0,-inf_to_31.5,-inf_to_0.7185,-inf_to_28.5,All,tested_negative
-inf_to_99.5,-inf_to_6.5,29.85_to_inf,14.5_to_121.0,-inf_to_31.5,-inf_to_0.7185,-inf_to_28.5,All,tested_negative
99.5_to_127.5,6.5_to_inf,-inf_to_29.85,121.0_to_inf,31.5_to_inf,-inf_to_0.7185,28.5_to_inf,All,tested_negative
-inf_to_99.5,-inf_to_6.5,29.85_to_inf,-inf_to_14.5,31.5_to_inf,-inf_to_0.7185,28.5_to_inf,All,tested_negative
99.5_to_127.5,6.5_to_inf,-inf_to_29.85,-inf_to_14.5,-inf_to_31.5,-inf_to_0.7185,28.5_to_inf,All,tested_negative
99.5_to_127.5,6.5_to_inf,29.85_to_inf,-inf_to_14.5,31.5_to_inf,-inf_to_0.7185,28.5_to_inf,All,tested_negative
-inf_to_99.5,6.5_to_inf,29.85_to_inf,-inf_to_14.5,-inf_to_31.5,-inf_to_0.7185,28.5_to_inf,All,tested_negative
-inf_to_99.5,-inf_to_6.5,29.85_to_inf,14.5_to_121.0,31.5_to_inf,-inf_to_0.7185,-inf_to_28.5,All,tested_negative
-inf_to_99.5,-inf_to_6.5,-inf_to_29.85,14.5_to_121.0,-inf_to_31.5,-inf_to_0.7185,28.5_to_inf,All,tested_negative
-inf_to_99.5,-inf_to_6.5,29.85_to_inf,-inf_to_14.5,-inf_to_31.5,-inf_to_0.7185,-inf_to_28.5,All,tested_negative
-inf_to_99.5,-inf_to_6.5,-inf_to_29.85,14.5_to_121.0,-inf_to_31.5,0.7185_to_inf,-inf_to_28.5,All,tested_negative
-inf_to_99.5,-inf_to_6.5,29.85_to_inf,14.5_to_121.0,-inf_to_31.5,-inf_to_0.7185,-inf_to_28.5,All,tested_negative
-inf_to_99.5,-inf_to_6.5,29.85_to_inf,121.0_to_inf,31.5_to_inf,-inf_to_0.7185,28.5_to_inf,All,tested_negative
127.5_to_159.5,-inf_to_6.5,29.85_to_inf,121.0_to_inf,-inf_to_31.5,-inf_to_0.7185,28.5_to_inf,All,tested_negative
-inf_to_99.5,-inf_to_6.5,29.85_to_inf,-inf_to_14.5,-inf_to_31.5,-inf_to_0.7185,28.5_to_inf,All,tested_negative
127.5_to_159.5,-inf_to_6.5,-inf_to_29.85,-inf_to_14.5,-inf_to_31.5,-inf_to_0.7185,-inf_to_28.5,All,tested_negative
99.5_to_127.5,-inf_to_6.5,-inf_to_29.85,14.5_to_121.0,-inf_to_31.5,-inf_to_0.7185,-inf_to_28.5,All,tested_negative
-inf_to_99.5,-inf_to_6.5,29.85_to_inf,14.5_to_121.0,-inf_to_31.5,-inf_to_0.7185,-inf_to_28.5,All,tested_negative
127.5_to_159.5,-inf_to_6.5,29.85_to_inf,121.0_to_inf,-inf_to_31.5,0.7185_to_inf,-inf_to_28.5,All,tested_negative
99.5_to_127.5,-inf_to_6.5,29.85_to_inf,14.5_to_121.0,31.5_to_inf,-inf_to_0.7185,-inf_to_28.5,All,tested_negative
127.5_to_159.5,6.5_to_inf,-inf_to_29.85,-inf_to_14.5,-inf_to_31.5,-inf_to_0.7185,28.5_to_inf,All,tested_negative
127.5_to_159.5,-inf_to_6.5,29.85_to_inf,-inf_to_14.5,31.5_to_inf,-inf_to_0.7185,-inf_to_28.5,All,tested_positive
99.5_to_127.5,-inf_to_6.5,-inf_to_29.85,-inf_to_14.5,-inf_to_31.5,-inf_to_0.7185,-inf_to_28.5,All,tested_negative
99.5_to_127.5,6.5_to_inf,-inf_to_29.85,-inf_to_14.5,-inf_to_31.5,-inf_to_0.7185,28.5_to_inf,All,tested_negative
99.5_to_127.5,6.5_to_inf,29.85_to_inf,-inf_to_14.5,-inf_to_31.5,-inf_to_0.7185,28.5_to_inf,All,tested_negative
99.5_to_127.5,6.5_to_inf,-inf_to_29.85,121.0_to_inf,-inf_to_31.5,-inf_to_0.7185,28.5_to_inf,All,tested_positive
-inf_to_99.5,-inf_to_6.5,-inf_to_29.85,-inf_to_14.5,-inf_to_31.5,-inf_to_0.7185,-inf_to_28.5,All,tested_negative
99.5_to_127.5,-inf_to_6.5,-inf_to_29.85,-inf_to_14.5,-inf_to_31.5,-inf_to_0.7185,28.5_to_inf,All,tested_negative
159.5_to_inf,-inf_to_6.5,29.85_to_inf,121.0_to_inf,-inf_to_31.5,0.7185_to_inf,28.5_to_inf,All,tested_positive
-inf_to_99.5,-inf_to_6.5,-inf_to_29.85,-inf_to_14.5,-inf_to_31.5,-inf_to_0.7185,-inf_to_28.5,All,tested_negative
99.5_to_127.5,6.5_to_inf,29.85_to_inf,-inf_to_14.5,31.5_to_inf,0.7185_to_inf,28.5_to_inf,All,tested_positive
127.5_to_159.5,-inf_to_6.5,29.85_to_inf,-inf_to_14.5,-inf_to_31.5,-inf_to_0.7185,28.5_to_inf,All,tested_positive
-inf_to_99.5,-inf_to_6.5,-inf_to_29.85,14.5_to_121.0,-inf_to_31.5,0.7185_to_inf,-inf_to_28.5,All,tested_negative
99.5_to_127.5,-inf_to_6.5,29.85_to_inf,121.0_to_inf,31.5_to_inf,0.7185_to_inf,28.5_to_inf,All,tested_negative
159.5_to_inf,-inf_to_6.5,29.85_to_inf,121.0_to_inf,-inf_to_31.5,-inf_to_0.7185,-inf_to_28.5,All,tested_positive
-inf_to_99.5,-inf_to_6.5,29.85_to_inf,-inf_to_14.5,-inf_to_31.5,-inf_to_0.7185,28.5_to_inf,All,tested_negative
-inf_to_99.5,-inf_to_6.5,-inf_to_29.85,14.5_to_121.0,-inf_to_31.5,-inf_to_0.7185,-inf_to_28.5,All,tested_negative
159.5_to_inf,-inf_to_6.5,29.85_to_inf,-inf_to_14.5,-inf_to_31.5,-inf_to_0.7185,28.5_to_inf,All,tested_positive
99.5_to_127.5,-inf_to_6.5,-inf_to_29.85,14.5_to_121.0,-inf_to_31.5,-inf_to_0.7185,-inf_to_28.5,All,tested_negative
99.5_to_127.5,-inf_to_6.5,-inf_to_29.85,-inf_to_14.5,-inf_to_31.5,-inf_to_0.7185,-inf_to_28.5,All,tested_negative
-inf_to_99.5,-inf_to_6.5,-inf_to_29.85,-inf_to_14.5,-inf_to_31.5,-inf_to_0.7185,-inf_to_28.5,All,tested_negative
99.5_to_127.5,-inf_to_6.5,-inf_to_29.85,-inf_to_14.5,31.5_to_inf,-inf_to_0.7185,28.5_to_inf,All,tested_negative
127.5_to_159.5,6.5_to_inf,29.85_to_inf,121.0_to_inf,-inf_to_31.5,-inf_to_0.7185,28.5_to_inf,All,tested_positive
159.5_to_inf,-inf_to_6.5,-inf_to_29.85,-inf_to_14.5,-inf_to_31.5,-inf_to_0.7185,28.5_to_inf,All,tested_positive
99.5_to_127.5,-inf_to_6.5,29.85_to_inf,-inf_to_14.5,31.5_to_inf,-inf_to_0.7185,-inf_to_28.5,All,tested_negative
159.5_to_inf,-inf_to_6.5,29.85_to_inf,121.0_to_inf,31.5_to_inf,0.7185_to_inf,-inf_to_28.5,All,tested_positive
-inf_to_99.5,-inf_to_6.5,-inf_to_29.85,14.5_to_121.0,-inf_to_31.5,-inf_to_0.7185,-inf_to_28.5,All,tested_negative
127.5_to_159.5,-inf_to_6.5,29.85_to_inf,121.0_to_inf,31.5_to_inf,-inf_to_0.7185,-inf_to_28.5,All,tested_negative
99.5_to_127.5,-inf_to_6.5,-inf_to_29.85,121.0_to_inf,-inf_to_31.5,-inf_to_0.7185,-inf_to_28.5,All,tested_negative
99.5_to_127.5,-inf_to_6.5,29.85_to_inf,121.0_to_inf,-inf_to_31.5,-inf_to_0.7185,-inf_to_28.5,All,tested_negative
159.5_to_inf,-inf_to_6.5,29.85_to_inf,121.0_to_inf,-inf_to_31.5,-inf_to_0.7185,28.5_to_inf,All,tested_positive
159.5_to_inf,6.5_to_inf,29.85_to_inf,121.0_to_inf,31.5_to_inf,0.7185_to_inf,28.5_to_inf,All,tested_positive
127.5_to_159.5,6.5_to_inf,29.85_to_inf,121.0_to_inf,-inf_to_31.5,-inf_to_0.7185,28.5_to_inf,All,tested_positive
99.5_to_127.5,-inf_to_6.5,-inf_to_29.85,-inf_to_14.5,-inf_to_31.5,-inf_to_0.7185,-inf_to_28.5,All,tested_negative
99.5_to_127.5,-inf_to_6.5,-inf_to_29.85,-inf_to_14.5,-inf_to_31.5,-inf_to_0.7185,28.5_to_inf,All,tested_negative
-inf_to_99.5,-inf_to_6.5,-inf_to_29.85,14.5_to_121.0,-inf_to_31.5,-inf_to_0.7185,-inf_to_28.5,All,tested_negative
99.5_to_127.5,-inf_to_6.5,29.85_to_inf,-inf_to_14.5,-inf_to_31.5,-inf_to_0.7185,-inf_to_28.5,All,tested_positive
99.5_to_127.5,-inf_to_6.5,29.85_to_inf,121.0_to_inf,31.5_to_inf,-inf_to_0.7185,-inf_to_28.5,All,tested_negative
-inf_to_99.5,-inf_to_6.5,-inf_to_29.85,-inf_to_14.5,-inf_to_31.5,0.7185_to_inf,-inf_to_28.5,All,tested_negative
159.5_to_inf,-inf_to_6.5,29.85_to_inf,-inf_to_14.5,-inf_to_31.5,0.7185_to_inf,28.5_to_inf,All,tested_negative
-inf_to_99.5,-inf_to_6.5,29.85_to_inf,14.5_to_121.0,-inf_to_31.5,-inf_to_0.7185,-inf_to_28.5,All,tested_negative
99.5_to_127.5,-inf_to_6.5,29.85_to_inf,-inf_to_14.5,-inf_to_31.5,-inf_to_0.7185,-inf_to_28.5,All,tested_negative
99.5_to_127.5,-inf_to_6.5,-inf_to_29.85,-inf_to_14.5,-inf_to_31.5,-inf_to_0.7185,-inf_to_28.5,All,tested_negative
127.5_to_159.5,-inf_to_6.5,29.85_to_inf,-inf_to_14.5,-inf_to_31.5,-inf_to_0.7185,-inf_to_28.5,All,tested_negative
127.5_to_159.5,-inf_to_6.5,29.85_to_inf,-inf_to_14.5,-inf_to_31.5,-inf_to_0.7185,28.5_to_inf,All,tested_negative
-inf_to_99.5,-inf_to_6.5,-inf_to_29.85,-inf_to_14.5,-inf_to_31.5,-inf_to_0.7185,-inf_to_28.5,All,tested_negative
99.5_to_127.5,6.5_to_inf,-inf_to_29.85,-inf_to_14.5,-inf_to_31.5,0.7185_to_inf,28.5_to_inf,All,tested_positive
99.5_to_127.5,-inf_to_6.5,-inf_to_29.85,-inf_to_14.5,-inf_to_31.5,-inf_to_0.7185,-inf_to_28.5,All,tested_negative
127.5_to_159.5,-inf_to_6.5,-inf_to_29.85,121.0_to_inf,-inf_to_31.5,-inf_to_0.7185,-inf_to_28.5,All,tested_negative
-inf_to_99.5,6.5_to_inf,-inf_to_29.85,-inf_to_14.5,-inf_to_31.5,-inf_to_0.7185,28.5_to_inf,All,tested_negative
99.5_to_127.5,6.5_to_inf,29.85_to_inf,-inf_to_14.5,-inf_to_31.5,-inf_to_0.7185,28.5_to_inf,All,tested_positive
99.5_to_127.5,-inf_to_6.5,-inf_to_29.85,-inf_to_14.5,-inf_to_31.5,-inf_to_0.7185,28.5_to_inf,All,tested_negative
-inf_to_99.5,6.5_to_inf,29.85_to_inf,14.5_to_121.0,31.5_to_inf,0.7185_to_inf,28.5_to_inf,All,tested_positive
99.5_to_127.5,-inf_to_6.5,-inf_to_29.85,14.5_to_121.0,-inf_to_31.5,-inf_to_0.7185,-inf_to_28.5,All,tested_negative
99.5_to_127.5,-inf_to_6.5,-inf_to_29.85,14.5_to_121.0,-inf_to_31.5,-inf_to_0.7185,-inf_to_28.5,All,tested_negative
127.5_to_159.5,-inf_to_6.5,29.85_to_inf,-inf_to_14.5,-inf_to_31.5,-inf_to_0.7185,-inf_to_28.5,All,tested_negative
127.5_to_159.5,-inf_to_6.5,-inf_to_29.85,-inf_to_14.5,-inf_to_31.5,-inf_to_0.7185,28.5_to_inf,All,tested_positive
-inf_to_99.5,-inf_to_6.5,-inf_to_29.85,-inf_to_14.5,-inf_to_31.5,-inf_to_0.7185,28.5_to_inf,All,tested_negative
127.5_to_159.5,-inf_to_6.5,29.85_to_inf,121.0_to_inf,31.5_to_inf,-inf_to_0.7185,28.5_to_inf,All,tested_negative
159.5_to_inf,-inf_to_6.5,-inf_to_29.85,121.0_to_inf,-inf_to_31.5,-inf_to_0.7185,28.5_to_inf,All,tested_positive
159.5_to_inf,-inf_to_6.5,29.85_to_inf,121.0_to_inf,31.5_to_inf,-inf_to_0.7185,-inf_to_28.5,All,tested_positive
127.5_to_159.5,6.5_to_inf,-inf_to_29.85,121.0_to_inf,31.5_to_inf,-inf_to_0.7185,28.5_to_inf,All,tested_positive
99.5_to_127.5,-inf_to_6.5,-inf_to_29.85,-inf_to_14.5,-inf_to_31.5,-inf_to_0.7185,-inf_to_28.5,All,tested_negative
-inf_to_99.5,-inf_to_6.5,-inf_to_29.85,14.5_to_121.0,-inf_to_31.5,-inf_to_0.7185,-inf_to_28.5,All,tested_negative
99.5_to_127.5,-inf_to_6.5,29.85_to_inf,14.5_to_121.0,-inf_to_31.5,-inf_to_0.7185,-inf_to_28.5,All,tested_negative
99.5_to_127.5,-inf_to_6.5,29.85_to_inf,14.5_to_121.0,31.5_to_inf,-inf_to_0.7185,-inf_to_28.5,All,tested_negative
99.5_to_127.5,-inf_to_6.5,-inf_to_29.85,-inf_to_14.5,-inf_to_31.5,-inf_to_0.7185,-inf_to_28.5,All,tested_negative
99.5_to_127.5,-inf_to_6.5,29.85_to_inf,121.0_to_inf,-inf_to_31.5,-inf_to_0.7185,-inf_to_28.5,All,tested_negative
127.5_to_159.5,-inf_to_6.5,29.85_to_inf,121.0_to_inf,-inf_to_31.5,-inf_to_0.7185,-inf_to_28.5,All,tested_positive
99.5_to_127.5,-inf_to_6.5,-inf_to_29.85,14.5_to_121.0,31.5_to_inf,-inf_to_0.7185,-inf_to_28.5,All,tested_negative
99.5_to_127.5,-inf_to_6.5,29.85_to_inf,121.0_to_inf,31.5_to_inf,0.7185_to_inf,28.5_to_inf,All,tested_negative
99.5_to_127.5,6.5_to_inf,29.85_to_inf,-inf_to_14.5,-inf_to_31.5,-inf_to_0.7185,28.5_to_inf,All,tested_negative
-inf_to_99.5,-inf_to_6.5,29.85_to_inf,14.5_to_121.0,-inf_to_31.5,0.7185_to_inf,-inf_to_28.5,All,tested_positive
159.5_to_inf,6.5_to_inf,-inf_to_29.85,-inf_to_14.5,-inf_to_31.5,-inf_to_0.7185,28.5_to_inf,All,tested_negative
159.5_to_inf,-inf_to_6.5,29.85_to_inf,-inf_to_14.5,31.5_to_inf,0.7185_to_inf,-inf_to_28.5,All,tested_positive
159.5_to_inf,6.5_to_inf,29.85_to_inf,121.0_to_inf,31.5_to_inf,-inf_to_0.7185,28.5_to_inf,All,tested_positive
127.5_to_159.5,6.5_to_inf,29.85_to_inf,121.0_to_inf,31.5_to_inf,-inf_to_0.7185,28.5_to_inf,All,tested_positive
99.5_to_127.5,-inf_to_6.5,29.85_to_inf,-inf_to_14.5,31.5_to_inf,-inf_to_0.7185,28.5_to_inf,All,tested_positive
127.5_to_159.5,-inf_to_6.5,29.85_to_inf,-inf_to_14.5,-inf_to_31.5,-inf_to_0.7185,28.5_to_inf,All,tested_positive
99.5_to_127.5,6.5_to_inf,-inf_to_29.85,-inf_to_14.5,-inf_to_31.5,-inf_to_0.7185,28.5_to_inf,All,tested_positive
-inf_to_99.5,-inf_to_6.5,29.85_to_inf,121.0_to_inf,31.5_to_inf,-inf_to_0.7185,28.5_to_inf,All,tested_negative
127.5_to_159.5,6.5_to_inf,29.85_to_inf,14.5_to_121.0,-inf_to_31.5,-inf_to_0.7185,28.5_to_inf,All,tested_negative
159.5_to_inf,-inf_to_6.5,29.85_to_inf,121.0_to_inf,-inf_to_31.5,-inf_to_0.7185,28.5_to_inf,All,tested_negative
-inf_to_99.5,-inf_to_6.5,-inf_to_29.85,-inf_to_14.5,-inf_to_31.5,-inf_to_0.7185,-inf_to_28.5,All,tested_negative
-inf_to_99.5,6.5_to_inf,29.85_to_inf,14.5_to_121.0,-inf_to_31.5,-inf_to_0.7185,28.5_to_inf,All,tested_negative
99.5_to_127.5,-inf_to_6.5,29.85_to_inf,121.0_to_inf,31.5_to_inf,0.7185_to_inf,-inf_to_28.5,All,tested_negative
-inf_to_99.5,6.5_to_inf,29.85_to_inf,-inf_to_14.5,-inf_to_31.5,-inf_to_0.7185,28.5_to_inf,All,tested_negative
159.5_to_inf,-inf_to_6.5,29.85_to_inf,-inf_to_14.5,-inf_to_31.5,-inf_to_0.7185,28.5_to_inf,All,tested_positive
127.5_to_159.5,6.5_to_inf,-inf_to_29.85,-inf_to_14.5,-inf_to_31.5,-inf_to_0.7185,28.5_to_inf,All,tested_positive
-inf_to_99.5,-inf_to_6.5,29.85_to_inf,-inf_to_14.5,-inf_to_31.5,-inf_to_0.7185,-inf_to_28.5,All,tested_negative
99.5_to_127.5,-inf_to_6.5,29.85_to_inf,-inf_to_14.5,-inf_to_31.5,-inf_to_0.7185,-inf_to_28.5,All,tested_positive
99.5_to_127.5,-inf_to_6.5,-inf_to_29.85,121.0_to_inf,-inf_to_31.5,-inf_to_0.7185,-inf_to_28.5,All,tested_negative
-inf_to_99.5,-inf_to_6.5,-inf_to_29.85,14.5_to_121.0,-inf_to_31.5,-inf_to_0.7185,-inf_to_28.5,All,tested_negative
159.5_to_inf,-inf_to_6.5,29.85_to_inf,-inf_to_14.5,31.5_to_inf,-inf_to_0.7185,-inf_to_28.5,All,tested_positive
99.5_to_127.5,-inf_to_6.5,29.85_to_inf,-inf_to_14.5,-inf_to_31.5,-inf_to_0.7185,-inf_to_28.5,All,tested_positive
127.5_to_159.5,-inf_to_6.5,-inf_to_29.85,-inf_to_14.5,-inf_to_31.5,-inf_to_0.7185,28.5_to_inf,All,tested_negative
127.5_to_159.5,-inf_to_6.5,29.85_to_inf,121.0_to_inf,-inf_to_31.5,-inf_to_0.7185,-inf_to_28.5,All,tested_negative
127.5_to_159.5,-inf_to_6.5,-inf_to_29.85,-inf_to_14.5,-inf_to_31.5,-inf_to_0.7185,-inf_to_28.5,All,tested_negative
99.5_to_127.5,-inf_to_6.5,-inf_to_29.85,-inf_to_14.5,-inf_to_31.5,-inf_to_0.7185,28.5_to_inf,All,tested_negative
127.5_to_159.5,-inf_to_6.5,-inf_to_29.85,121.0_to_inf,-inf_to_31.5,0.7185_to_inf,-inf_to_28.5,All,tested_negative
127.5_to_159.5,-inf_to_6.5,29.85_to_inf,121.0_to_inf,31.5_to_inf,-inf_to_0.7185,28.5_to_inf,All,tested_positive
99.5_to_127.5,6.5_to_inf,-inf_to_29.85,-inf_to_14.5,-inf_to_31.5,0.7185_to_inf,28.5_to_inf,All,tested_negative
127.5_to_159.5,6.5_to_inf,29.85_to_inf,-inf_to_14.5,-inf_to_31.5,-inf_to_0.7185,28.5_to_inf,All,tested_positive
99.5_to_127.5,-inf_to_6.5,29.85_to_inf,14.5_to_121.0,31.5_to_inf,0.7185_to_inf,-inf_to_28.5,All,tested_negative
127.5_to_159.5,6.5_to_inf,29.85_to_inf,121.0_to_inf,31.5_to_inf,-inf_to_0.7185,28.5_to_inf,All,tested_positive
-inf_to_99.5,-inf_to_6.5,-inf_to_29.85,-inf_to_14.5,-inf_to_31.5,-inf_to_0.7185,-inf_to_28.5,All,tested_negative
127.5_to_159.5,6.5_to_inf,29.85_to_inf,121.0_to_inf,-inf_to_31.5,-inf_to_0.7185,28.5_to_inf,All,tested_positive
159.5_to_inf,-inf_to_6.5,29.85_to_inf,121.0_to_inf,-inf_to_31.5,-inf_to_0.7185,28.5_to_inf,All,tested_positive
-inf_to_99.5,-inf_to_6.5,-inf_to_29.85,-inf_to_14.5,-inf_to_31.5,-inf_to_0.7185,-inf_to_28.5,All,tested_negative
99.5_to_127.5,-inf_to_6.5,29.85_to_inf,121.0_to_inf,-inf_to_31.5,-inf_to_0.7185,-inf_to_28.5,All,tested_negative
99.5_to_127.5,-inf_to_6.5,29.85_to_inf,-inf_to_14.5,-inf_to_31.5,0.7185_to_inf,-inf_to_28.5,All,tested_negative
99.5_to_127.5,-inf_to_6.5,29.85_to_inf,121.0_to_inf,-inf_to_31.5,-inf_to_0.7185,-inf_to_28.5,All,tested_negative
99.5_to_127.5,-inf_to_6.5,-inf_to_29.85,-inf_to_14.5,-inf_to_31.5,-inf_to_0.7185,28.5_to_inf,All,tested_positive
159.5_to_inf,-inf_to_6.5,29.85_to_inf,-inf_to_14.5,-inf_to_31.5,0.7185_to_inf,28.5_to_inf,All,tested_positive
127.5_to_159.5,-inf_to_6.5,29.85_to_inf,-inf_to_14.5,-inf_to_31.5,-inf_to_0.7185,28.5_to_inf,All,tested_negative
99.5_to_127.5,-inf_to_6.5,-inf_to_29.85,14.5_to_121.0,-inf_to_31.5,-inf_to_0.7185,-inf_to_28.5,All,tested_negative
-inf_to_99.5,-inf_to_6.5,29.85_to_inf,-inf_to_14.5,31.5_to_inf,-inf_to_0.7185,-inf_to_28.5,All,tested_negative
99.5_to_127.5,6.5_to_inf,-inf_to_29.85,-inf_to_14.5,-inf_to_31.5,-inf_to_0.7185,28.5_to_inf,All,tested_positive
99.5_to_127.5,-inf_to_6.5,29.85_to_inf,121.0_to_inf,-inf_to_31.5,-inf_to_0.7185,-inf_to_28.5,All,tested_negative
159.5_to_inf,6.5_to_inf,29.85_to_inf,-inf_to_14.5,-inf_to_31.5,-inf_to_0.7185,28.5_to_inf,All,tested_positive
-inf_to_99.5,-inf_to_6.5,29.85_to_inf,121.0_to_inf,31.5_to_inf,-inf_to_0.7185,-inf_to_28.5,All,tested_positive
127.5_to_159.5,-inf_to_6.5,29.85_to_inf,121.0_to_inf,-inf_to_31.5,-inf_to_0.7185,-inf_to_28.5,All,tested_negative
99.5_to_127.5,-inf_to_6.5,-inf_to_29.85,14.5_to_121.0,-inf_to_31.5,-inf_to_0.7185,28.5_to_inf,All,tested_negative
127.5_to_159.5,6.5_to_inf,29.85_to_inf,-inf_to_14.5,31.5_to_inf,-inf_to_0.7185,28.5_to_inf,All,tested_positive
127.5_to_159.5,-inf_to_6.5,-inf_to_29.85,121.0_to_inf,-inf_to_31.5,-inf_to_0.7185,-inf_to_28.5,All,tested_negative
99.5_to_127.5,-inf_to_6.5,-inf_to_29.85,-inf_to_14.5,-inf_to_31.5,-inf_to_0.7185,28.5_to_inf,All,tested_negative
159.5_to_inf,-inf_to_6.5,29.85_to_inf,121.0_to_inf,31.5_to_inf,0.7185_to_inf,28.5_to_inf,All,tested_positive
-inf_to_99.5,6.5_to_inf,-inf_to_29.85,-inf_to_14.5,-inf_to_31.5,-inf_to_0.7185,28.5_to_inf,All,tested_negative
99.5_to_127.5,-inf_to_6.5,29.85_to_inf,121.0_to_inf,31.5_to_inf,-inf_to_0.7185,-inf_to_28.5,All,tested_negative
-inf_to_99.5,-inf_to_6.5,29.85_to_inf,-inf_to_14.5,-inf_to_31.5,-inf_to_0.7185,28.5_to_inf,All,tested_positive
-inf_to_99.5,-inf_to_6.5,-inf_to_29.85,-inf_to_14.5,-inf_to_31.5,-inf_to_0.7185,28.5_to_inf,All,tested_negative
99.5_to_127.5,-inf_to_6.5,29.85_to_inf,121.0_to_inf,31.5_to_inf,-inf_to_0.7185,-inf_to_28.5,All,tested_negative
127.5_to_159.5,-inf_to_6.5,-inf_to_29.85,121.0_to_inf,-inf_to_31.5,-inf_to_0.7185,28.5_to_inf,All,tested_positive
99.5_to_127.5,-inf_to_6.5,29.85_to_inf,14.5_to_121.0,-inf_to_31.5,-inf_to_0.7185,28.5_to_inf,All,tested_negative
99.5_to_127.5,-inf_to_6.5,29.85_to_inf,-inf_to_14.5,31.5_to_inf,-inf_to_0.7185,28.5_to_inf,All,tested_negative
99.5_to_127.5,-inf_to_6.5,29.85_to_inf,121.0_to_inf,-inf_to_31.5,-inf_to_0.7185,-inf_to_28.5,All,tested_negative
127.5_to_159.5,-inf_to_6.5,29.85_to_inf,-inf_to_14.5,-inf_to_31.5,-inf_to_0.7185,-inf_to_28.5,All,tested_negative
-inf_to_99.5,-inf_to_6.5,29.85_to_inf,-inf_to_14.5,-inf_to_31.5,-inf_to_0.7185,-inf_to_28.5,All,tested_negative
127.5_to_159.5,-inf_to_6.5,-inf_to_29.85,14.5_to_121.0,-inf_to_31.5,-inf_to_0.7185,28.5_to_inf,All,tested_positive
99.5_to_127.5,6.5_to_inf,-inf_to_29.85,-inf_to_14.5,-inf_to_31.5,-inf_to_0.7185,-inf_to_28.5,All,tested_positive
159.5_to_inf,-inf_to_6.5,29.85_to_inf,14.5_to_121.0,31.5_to_inf,-inf_to_0.7185,-inf_to_28.5,All,tested_positive
99.5_to_127.5,-inf_to_6.5,-inf_to_29.85,121.0_to_inf,-inf_to_31.5,-inf_to_0.7185,-inf_to_28.5,All,tested_negative
99.5_to_127.5,-inf_to_6.5,-inf_to_29.85,-inf_to_14.5,-inf_to_31.5,-inf_to_0.7185,28.5_to_inf,All,tested_negative
-inf_to_99.5,-inf_to_6.5,29.85_to_inf,-inf_to_14.5,31.5_to_inf,-inf_to_0.7185,-inf_to_28.5,All,tested_negative
99.5_to_127.5,-inf_to_6.5,-inf_to_29.85,14.5_to_121.0,-inf_to_31.5,-inf_to_0.7185,-inf_to_28.5,All,tested_negative
-inf_to_99.5,6.5_to_inf,29.85_to_inf,-inf_to_14.5,-inf_to_31.5,-inf_to_0.7185,28.5_to_inf,All,tested_negative
-inf_to_99.5,-inf_to_6.5,29.85_to_inf,121.0_to_inf,-inf_to_31.5,-inf_to_0.7185,-inf_to_28.5,All,tested_negative
99.5_to_127.5,-inf_to_6.5,29.85_to_inf,-inf_to_14.5,-inf_to_31.5,-inf_to_0.7185,28.5_to_inf,All,tested_positive
99.5_to_127.5,6.5_to_inf,29.85_to_inf,121.0_to_inf,31.5_to_inf,0.7185_to_inf,28.5_to_inf,All,tested_positive
99.5_to_127.5,-inf_to_6.5,29.85_to_inf,14.5_to_121.0,-inf_to_31.5,-inf_to_0.7185,-inf_to_28.5,All,tested_negative
99.5_to_127.5,-inf_to_6.5,-inf_to_29.85,14.5_to_121.0,-inf_to_31.5,-inf_to_0.7185,-inf_to_28.5,All,tested_negative
127.5_to_159.5,6.5_to_inf,29.85_to_inf,-inf_to_14.5,-inf_to_31.5,0.7185_to_inf,28.5_to_inf,All,tested_positive
127.5_to_159.5,6.5_to_inf,29.85_to_inf,121.0_to_inf,31.5_to_inf,0.7185_to_inf,28.5_to_inf,All,tested_negative
99.5_to_127.5,6.5_to_inf,29.85_to_inf,14.5_to_121.0,31.5_to_inf,-inf_to_0.7185,28.5_to_inf,All,tested_negative
127.5_to_159.5,-inf_to_6.5,29.85_to_inf,-inf_to_14.5,31.5_to_inf,-inf_to_0.7185,-inf_to_28.5,All,tested_positive
-inf_to_99.5,-inf_to_6.5,29.85_to_inf,14.5_to_121.0,31.5_to_inf,0.7185_to_inf,28.5_to_inf,All,tested_negative
159.5_to_inf,-inf_to_6.5,-inf_to_29.85,-inf_to_14.5,-inf_to_31.5,-inf_to_0.7185,28.5_to_inf,All,tested_positive
127.5_to_159.5,-inf_to_6.5,29.85_to_inf,-inf_to_14.5,-inf_to_31.5,0.7185_to_inf,-inf_to_28.5,All,tested_positive
99.5_to_127.5,-inf_to_6.5,29.85_to_inf,14.5_to_121.0,31.5_to_inf,-inf_to_0.7185,-inf_to_28.5,All,tested_negative
99.5_to_127.5,-inf_to_6.5,-inf_to_29.85,-inf_to_14.5,-inf_to_31.5,-inf_to_0.7185,-inf_to_28.5,All,tested_negative
159.5_to_inf,-inf_to_6.5,29.85_to_inf,121.0_to_inf,31.5_to_inf,-inf_to_0.7185,-inf_to_28.5,All,tested_positive
127.5_to_159.5,6.5_to_inf,29.85_to_inf,-inf_to_14.5,31.5_to_inf,-inf_to_0.7185,28.5_to_inf,All,tested_positive
127.5_to_159.5,-inf_to_6.5,29.85_to_inf,14.5_to_121.0,31.5_to_inf,0.7185_to_inf,28.5_to_inf,All,tested_positive
127.5_to_159.5,6.5_to_inf,29.85_to_inf,-inf_to_14.5,31.5_to_inf,-inf_to_0.7185,28.5_to_inf,All,tested_negative
99.5_to_127.5,-inf_to_6.5,29.85_to_inf,-inf_to_14.5,-inf_to_31.5,-inf_to_0.7185,28.5_to_inf,All,tested_positive
99.5_to_127.5,-inf_to_6.5,29.85_to_inf,-inf_to_14.5,-inf_to_31.5,-inf_to_0.7185,-inf_to_28.5,All,tested_negative
159.5_to_inf,-inf_to_6.5,29.85_to_inf,-inf_to_14.5,-inf_to_31.5,-inf_to_0.7185,28.5_to_inf,All,tested_positive
159.5_to_inf,6.5_to_inf,29.85_to_inf,-inf_to_14.5,-inf_to_31.5,-inf_to_0.7185,28.5_to_inf,All,tested_positive
99.5_to_127.5,6.5_to_inf,29.85_to_inf,121.0_to_inf,31.5_to_inf,-inf_to_0.7185,28.5_to_inf,All,tested_negative
99.5_to_127.5,-inf_to_6.5,-inf_to_29.85,14.5_to_121.0,-inf_to_31.5,-inf_to_0.7185,28.5_to_inf,All,tested_negative
99.5_to_127.5,-inf_to_6.5,29.85_to_inf,-inf_to_14.5,-inf_to_31.5,-inf_to_0.7185,28.5_to_inf,All,tested_positive
-inf_to_99.5,-inf_to_6.5,29.85_to_inf,-inf_to_14.5,-inf_to_31.5,-inf_to_0.7185,-inf_to_28.5,All,tested_negative
